key,file,screen,current_en,current_bn,type,new_en,new_bn,status
"app.name","i18n/dictionaries/en.json","app","PrintERP","প্রিন্ট ইআরপি","label","","","scanned"
"app.tagline","i18n/dictionaries/en.json","app","Operating System for Bangladeshi Printing and Signage Industry","বাংলাদেশের প্রিন্টিং, সাইনেজ ও ফেব্রিকেশন শিল্পের বিশ্বস্ত সফটওয়্যার","label","","","scanned"
"nav.dashboard","i18n/dictionaries/en.json","nav","Dashboard","ড্যাশবোর্ড","label","","","scanned"
"nav.quotations","i18n/dictionaries/en.json","nav","Quotations","কোটেশন","label","","","scanned"
"nav.job_orders","i18n/dictionaries/en.json","nav","Job Orders","কাজের অর্ডার","label","","","scanned"
"nav.production_floor","i18n/dictionaries/en.json","nav","Production Floor","কারখানা ও উৎপাদন","label","","","scanned"
"nav.inventory","i18n/dictionaries/en.json","nav","Inventory and Materials","কাঁচামাল ও স্টক","label","","","scanned"
"nav.billing","i18n/dictionaries/en.json","nav","Invoices and Billing","বিল ও চালান","label","","","scanned"
"nav.delivery","i18n/dictionaries/en.json","nav","Delivery and Installation","ডেলিভারি ও স্থাপন","label","","","scanned"
"nav.customers","i18n/dictionaries/en.json","nav","Customers","কাস্টমার তালিকা","label","","","scanned"
"nav.reports","i18n/dictionaries/en.json","nav","Reports and Analytics","হিসাব ও রিপোর্ট","label","","","scanned"
"nav.settings","i18n/dictionaries/en.json","nav","Settings","সেটিংস","label","","","scanned"
"nav.company_settings","i18n/dictionaries/en.json","nav","Company Settings","প্রতিষ্ঠান সেটিংস","label","","","scanned"
"nav.members","i18n/dictionaries/en.json","nav","Team Members","টিম সদস্য","label","","","scanned"
"common.search","i18n/dictionaries/en.json","common","Search...","অনুসন্ধান করুন...","label","","","scanned"
"common.filter","i18n/dictionaries/en.json","common","Filter","ফিল্টার","label","","","scanned"
"common.reset","i18n/dictionaries/en.json","common","Reset","রিসেট","label","","","scanned"
"common.apply","i18n/dictionaries/en.json","common","Apply","প্রয়োগ করুন","label","","","scanned"
"common.save","i18n/dictionaries/en.json","common","Save Changes","সংরক্ষণ করুন","label","","","scanned"
"common.cancel","i18n/dictionaries/en.json","common","Cancel","বাতিল","label","","","scanned"
"common.confirm","i18n/dictionaries/en.json","common","Confirm","নিশ্চিত করুন","label","","","scanned"
"common.delete","i18n/dictionaries/en.json","common","Delete","মুছে ফেলুন","label","","","scanned"
"common.edit","i18n/dictionaries/en.json","common","Edit","সম্পাদনা","label","","","scanned"
"common.create","i18n/dictionaries/en.json","common","Create","তৈরি করুন","label","","","scanned"
"common.view","i18n/dictionaries/en.json","common","View","দেখুন","label","","","scanned"
"common.back","i18n/dictionaries/en.json","common","Back","পেছনে","label","","","scanned"
"common.next","i18n/dictionaries/en.json","common","Next","পরবর্তী","label","","","scanned"
"common.loading","i18n/dictionaries/en.json","common","Loading...","লোড হচ্ছে...","label","","","scanned"
"common.no_data","i18n/dictionaries/en.json","common","No records found","কোনো তথ্য পাওয়া যায়নি","label","","","scanned"
"common.actions","i18n/dictionaries/en.json","common","Actions","কাজ","button","","","scanned"
"common.status","i18n/dictionaries/en.json","common","Status","অবস্থা","label","","","scanned"
"common.date","i18n/dictionaries/en.json","common","Date","তারিখ","label","","","scanned"
"common.amount","i18n/dictionaries/en.json","common","Amount","পরিমাণ","label","","","scanned"
"common.total","i18n/dictionaries/en.json","common","Total","সর্বমোট","label","","","scanned"
"common.subtotal","i18n/dictionaries/en.json","common","Subtotal","উপমোট","label","","","scanned"
"common.vat","i18n/dictionaries/en.json","common","VAT","ভ্যাট","label","","","scanned"
"common.discount","i18n/dictionaries/en.json","common","Discount","ছাড়","label","","","scanned"
"common.quantity","i18n/dictionaries/en.json","common","Quantity","পরিমাণ","label","","","scanned"
"common.rate","i18n/dictionaries/en.json","common","Rate","দর","label","","","scanned"
"common.unit","i18n/dictionaries/en.json","common","Unit","একক","label","","","scanned"
"common.all","i18n/dictionaries/en.json","common","All","সকল","label","","","scanned"
"common.active","i18n/dictionaries/en.json","common","Active","সক্রিয়","label","","","scanned"
"common.inactive","i18n/dictionaries/en.json","common","Inactive","নিষ্ক্রিয়","label","","","scanned"
"common.select_option","i18n/dictionaries/en.json","common","Select an option","একটি বিকল্প নির্বাচন করুন","label","","","scanned"
"common.type_to_search","i18n/dictionaries/en.json","common","Type to search...","খুঁজতে লিখুন...","label","","","scanned"
"roles.owner","i18n/dictionaries/en.json","roles","Business Owner","মালিক","label","","","scanned"
"roles.admin","i18n/dictionaries/en.json","roles","Administrator","অ্যাডমিন","label","","","scanned"
"roles.manager","i18n/dictionaries/en.json","roles","Manager","ম্যানেজার","label","","","scanned"
"roles.sales_manager","i18n/dictionaries/en.json","roles","Sales Manager","বিক্রয় ব্যবস্থাপক","label","","","scanned"
"roles.designer","i18n/dictionaries/en.json","roles","Graphic Designer","গ্রাফিক ডিজাইনার","label","","","scanned"
"roles.production_manager","i18n/dictionaries/en.json","roles","Production Manager","উৎপাদন ব্যবস্থাপক","label","","","scanned"
"roles.operator","i18n/dictionaries/en.json","roles","Machine Operator","মেশিন অপারেটর","label","","","scanned"
"roles.store_manager","i18n/dictionaries/en.json","roles","Store Manager","স্টোর ম্যানেজার","label","","","scanned"
"roles.accountant","i18n/dictionaries/en.json","roles","Accountant","হিসাবরক্ষক","label","","","scanned"
"roles.delivery_coordinator","i18n/dictionaries/en.json","roles","Delivery Coordinator","ডেলিভারি সমন্বয়কারী","label","","","scanned"
"roles.general_staff","i18n/dictionaries/en.json","roles","General Staff","সাধারণ কর্মী","label","","","scanned"
"auth.login_title","i18n/dictionaries/en.json","auth","Sign In to PrintERP","প্রিন্ট ইআরপি-তে প্রবেশ করুন","label","","","scanned"
"auth.login_subtitle","i18n/dictionaries/en.json","auth","Manage your printing, signage, and fabrication business","আপনার প্রিন্টিং ও সাইনেজ ব্যবসা সহজেই পরিচালনা করুন","label","","","scanned"
"auth.portal_badge","i18n/dictionaries/en.json","auth","BUSINESS AND SHOP FLOOR PORTAL","ব্যবসা ও কারখানা পোর্টাল","label","","","scanned"
"auth.register_title","i18n/dictionaries/en.json","auth","Create an Account","নতুন অ্যাকাউন্ট তৈরি করুন","label","","","scanned"
"auth.register_subtitle","i18n/dictionaries/en.json","auth","Start your modern printing management experience","সহজ ও আধুনিক প্রিন্ট ম্যানেজমেন্ট শুরু করুন","label","","","scanned"
"auth.email","i18n/dictionaries/en.json","auth","Email Address","ইমেইল ঠিকানা","label","","","scanned"
"auth.password","i18n/dictionaries/en.json","auth","Password","পাসওয়ার্ড","label","","","scanned"
"auth.full_name","i18n/dictionaries/en.json","auth","Full Name","পুরো নাম","label","","","scanned"
"auth.phone","i18n/dictionaries/en.json","auth","Phone Number","মোবাইল নম্বর","label","","","scanned"
"auth.forgot_password","i18n/dictionaries/en.json","auth","Forgot Password?","পাসওয়ার্ড ভুলে গেছেন?","label","","","scanned"
"auth.remember_me","i18n/dictionaries/en.json","auth","Remember Me","মনে রাখুন","label","","","scanned"
"auth.sign_in","i18n/dictionaries/en.json","auth","Sign In","প্রবেশ করুন","label","","","scanned"
"auth.sign_up","i18n/dictionaries/en.json","auth","Create Account","অ্যাকাউন্ট খুলুন","label","","","scanned"
"auth.no_account","i18n/dictionaries/en.json","auth","Do not have an account?","কোনো অ্যাকাউন্ট নেই?","label","","","scanned"
"auth.already_account","i18n/dictionaries/en.json","auth","Already have an account?","ইতিমধ্যে অ্যাকাউন্ট আছে?","label","","","scanned"
"auth.reset_password","i18n/dictionaries/en.json","auth","Reset Password","পাসওয়ার্ড রিসেট করুন","label","","","scanned"
"auth.send_reset_link","i18n/dictionaries/en.json","auth","Send Reset Link","রিসেট লিংক পাঠান","label","","","scanned"
"auth.back_to_login","i18n/dictionaries/en.json","auth","Back to Login","লগইনে ফিরে যান","label","","","scanned"
"auth.caps_lock_on","i18n/dictionaries/en.json","auth","Caps Lock is ON","ক্যাপস লক চালু আছে","label","","","scanned"
"auth.google_login","i18n/dictionaries/en.json","auth","Continue with Google","গুগল দিয়ে প্রবেশ করুন","label","","","scanned"
"auth.google_signup","i18n/dictionaries/en.json","auth","Sign up with Google","গুগল দিয়ে অ্যাকাউন্ট খুলুন","label","","","scanned"
"auth.or","i18n/dictionaries/en.json","auth","Or","অথবা","label","","","scanned"
"auth.or_continue","i18n/dictionaries/en.json","auth","Or continue with","অথবা","label","","","scanned"
"auth.verify_email_title","i18n/dictionaries/en.json","auth","Verify Your Email","আপনার ইমেইল যাচাই করুন","label","","","scanned"
"auth.verify_email_subtitle","i18n/dictionaries/en.json","auth","We sent a 6-digit verification code to your email address.","আপনার ইমেইল ঠিকানায় একটি ৬-সংখ্যার কোড পাঠানো হয়েছে।","label","","","scanned"
"auth.enter_verification_code","i18n/dictionaries/en.json","auth","Enter 6-Digit Code","৬-সংখ্যার কোড লিখুন","label","","","scanned"
"auth.verify_btn","i18n/dictionaries/en.json","auth","Verify Email","ইমেইল নিশ্চিত করুন","button","","","scanned"
"auth.verifying","i18n/dictionaries/en.json","auth","Verifying code...","যাচাই করা হচ্ছে...","label","","","scanned"
"auth.didnt_receive_code","i18n/dictionaries/en.json","auth","Did not receive the code?","কোড পাননি?","label","","","scanned"
"auth.resend_code","i18n/dictionaries/en.json","auth","Resend Code","পুনরায় কোড পাঠান","label","","","scanned"
"auth.resend_cooldown","i18n/dictionaries/en.json","auth","Resend available in","পুনরায় পাঠানো যাবে","label","","","scanned"
"auth.use_link_instead","i18n/dictionaries/en.json","auth","Use the verification link sent to your email to verify automatically.","সরাসরি যাচাই করতে ইমেইলে পাঠানো লিংকে ক্লিক করুন।","label","","","scanned"
"auth.new_password","i18n/dictionaries/en.json","auth","New Password","নতুন পাসওয়ার্ড","label","","","scanned"
"auth.confirm_new_password","i18n/dictionaries/en.json","auth","Confirm New Password","পাসওয়ার্ড নিশ্চিত করুন","label","","","scanned"
"auth.password_updated_title","i18n/dictionaries/en.json","auth","Password Updated","পাসওয়ার্ড সফলভাবে পরিবর্তিত হয়েছে","label","","","scanned"
"auth.password_updated_subtitle","i18n/dictionaries/en.json","auth","Your password has been reset successfully.","আপনার নতুন পাসওয়ার্ড দিয়ে প্রবেশ করুন।","label","","","scanned"
"auth.platform_admin_hint","i18n/dictionaries/en.json","auth","Are you a Platform Superadministrator?","আপনি কি প্ল্যাটফর্ম সুপারঅ্যাডমিন?","label","","","scanned"
"auth.platform_admin_link","i18n/dictionaries/en.json","auth","Go to Platform Control Center","প্ল্যাটফর্ম কন্ট্রোল সেন্টারে যান","label","","","scanned"
"auth.sec_ssl","i18n/dictionaries/en.json","auth","256-Bit SSL Encrypted","২৫৬-বিট এনক্রিপ্টেড নিরাপত্তা","label","","","scanned"
"auth.sec_rls","i18n/dictionaries/en.json","auth","Isolated Security","আইসোলেটেড নিরাপত্তা","label","","","scanned"
"auth.sec_uptime","i18n/dictionaries/en.json","auth","99.9% Uptime SLA","৯৯.৯% নিরবচ্ছিন্ন সেবা","label","","","scanned"
"onboarding.title","i18n/dictionaries/en.json","onboarding","Setup Your Printing Business","আপনার প্রিন্টিং প্রতিষ্ঠান সেটআপ করুন","label","","","scanned"
"onboarding.subtitle","i18n/dictionaries/en.json","onboarding","Provide your business details to configure your workspace","আপনার দোকান বা কারখানার তথ্য দিয়ে শুরু করুন","label","","","scanned"
"onboarding.step_profile","i18n/dictionaries/en.json","onboarding","Business Profile","ব্যবসায়িক পরিচিতি","label","","","scanned"
"onboarding.step_location","i18n/dictionaries/en.json","onboarding","Location and Address","ঠিকানা ও অবস্থান","label","","","scanned"
"onboarding.step_billing","i18n/dictionaries/en.json","onboarding","Tax and Preferences","ট্যাক্স ও সেটিংস","label","","","scanned"
"onboarding.company_name","i18n/dictionaries/en.json","onboarding","Company Name","প্রতিষ্ঠানের নাম (ইংরেজি)","label","","","scanned"
"onboarding.company_name_bn","i18n/dictionaries/en.json","onboarding","Company Name (Bangla)","প্রতিষ্ঠানের নাম (বাংলা)","label","","","scanned"
"onboarding.company_slug","i18n/dictionaries/en.json","onboarding","Workspace URL Identifier","ইউআরএল কোড","label","","","scanned"
"onboarding.business_type","i18n/dictionaries/en.json","onboarding","Primary Business Focus","প্রধান কাজের ধরণ","label","","","scanned"
"onboarding.division","i18n/dictionaries/en.json","onboarding","Division","বিভাগ","label","","","scanned"
"onboarding.district","i18n/dictionaries/en.json","onboarding","District","জেলা","label","","","scanned"
"onboarding.upazila","i18n/dictionaries/en.json","onboarding","Thana or Upazila","থানা বা উপজেলা","label","","","scanned"
"onboarding.address","i18n/dictionaries/en.json","onboarding","Street Address","বিস্তারিত ঠিকানা (ইংরেজি)","label","","","scanned"
"onboarding.address_bn","i18n/dictionaries/en.json","onboarding","Street Address (Bangla)","বিস্তারিত ঠিকানা (বাংলা)","label","","","scanned"
"onboarding.legal_name","i18n/dictionaries/en.json","onboarding","Registered Legal Entity Name","নিবন্ধিত আইনি নাম","label","","","scanned"
"onboarding.office_hours","i18n/dictionaries/en.json","onboarding","Office Business Hours","অফিস সময়সূচী","label","","","scanned"
"onboarding.holidays","i18n/dictionaries/en.json","onboarding","Weekly Holidays","সাপ্তাহিক ও ছুটির দিন","label","","","scanned"
"onboarding.billing_email","i18n/dictionaries/en.json","onboarding","Official Billing Email","অফিসিয়াল বিলিং ইমেইল","label","","","scanned"
"onboarding.office_phone","i18n/dictionaries/en.json","onboarding","Office Phone Number","অফিস ফোন নম্বর","label","","","scanned"
"onboarding.whatsapp_number","i18n/dictionaries/en.json","onboarding","Business WhatsApp Number","ব্যবসায়িক হোয়াটসঅ্যাপ নম্বর","label","","","scanned"
"onboarding.company_logo","i18n/dictionaries/en.json","onboarding","Company Logo","কোম্পানির লোগো","label","","","scanned"
"onboarding.trade_license","i18n/dictionaries/en.json","onboarding","Trade License Number","ট্রেড লাইসেন্স নম্বর","label","","","scanned"
"onboarding.bin_number","i18n/dictionaries/en.json","onboarding","BIN or VAT Number","বিন বা ভ্যাট নম্বর","label","","","scanned"
"onboarding.tin_number","i18n/dictionaries/en.json","onboarding","TIN Number","টিন নম্বর","label","","","scanned"
"onboarding.currency","i18n/dictionaries/en.json","onboarding","Default Currency","ডিফল্ট মুদ্রা","label","","","scanned"
"onboarding.complete_setup","i18n/dictionaries/en.json","onboarding","Complete Setup and Launch Dashboard","সেটআপ সম্পন্ন করে ড্যাশবোর্ডে যান","label","","","scanned"
"dashboard.welcome","i18n/dictionaries/en.json","dashboard","Welcome back","স্বাগতম","label","","","scanned"
"dashboard.overview","i18n/dictionaries/en.json","dashboard","Overview and Performance","সারসংক্ষেপ ও অগ্রগতি","label","","","scanned"
"dashboard.total_revenue","i18n/dictionaries/en.json","dashboard","Total Revenue","মোট আয়","label","","","scanned"
"dashboard.active_jobs","i18n/dictionaries/en.json","dashboard","Active Jobs","চলতি কাজ","label","","","scanned"
"dashboard.pending_quotes","i18n/dictionaries/en.json","dashboard","Pending Quotations","অপেক্ষমাণ কোটেশন","label","","","scanned"
"dashboard.installations","i18n/dictionaries/en.json","dashboard","Pending Installations","বাকি স্থাপন কাজ","label","","","scanned"
"dashboard.recent_jobs","i18n/dictionaries/en.json","dashboard","Recent Job Orders","সাম্প্রতিক কাজের অর্ডার","label","","","scanned"
"dashboard.production_status","i18n/dictionaries/en.json","dashboard","Production Status Breakdown","উৎপাদনের বর্তমান অবস্থা","label","","","scanned"
"dashboard.new_job","i18n/dictionaries/en.json","dashboard","New Job Order","নতুন কাজের অর্ডার","label","","","scanned"
"dashboard.new_quotation","i18n/dictionaries/en.json","dashboard","New Quotation","নতুন কোটেশন","label","","","scanned"
"dashboard.add_customer","i18n/dictionaries/en.json","dashboard","Add Customer","নতুন কাস্টমার","label","","","scanned"
"dashboard.due_amount","i18n/dictionaries/en.json","dashboard","Total Outstanding Due","মোট বাকি বকেয়া","label","","","scanned"
"status.draft","i18n/dictionaries/en.json","status","Draft","খসড়া","label","","","scanned"
"status.quotation","i18n/dictionaries/en.json","status","Quotation","কোটেশন","label","","","scanned"
"status.approved","i18n/dictionaries/en.json","status","Approved","অনুমোদিত","label","","","scanned"
"status.designing","i18n/dictionaries/en.json","status","Designing","ডিজাইন চলছে","label","","","scanned"
"status.in_production","i18n/dictionaries/en.json","status","In Production","উৎপাদন চলছে","label","","","scanned"
"status.quality_check","i18n/dictionaries/en.json","status","Quality Check","গুণমান পরীক্ষা","label","","","scanned"
"status.ready_for_delivery","i18n/dictionaries/en.json","status","Ready","প্রস্তুত","label","","","scanned"
"status.delivered","i18n/dictionaries/en.json","status","Delivered","ডেলিভারি সম্পন্ন","label","","","scanned"
"status.installed","i18n/dictionaries/en.json","status","Installed","স্থাপন সম্পন্ন","label","","","scanned"
"status.completed","i18n/dictionaries/en.json","status","Completed","সম্পন্ন","label","","","scanned"
"status.cancelled","i18n/dictionaries/en.json","status","Cancelled","বাতিল","label","","","scanned"
"status.unpaid","i18n/dictionaries/en.json","status","Unpaid","বকেয়া","label","","","scanned"
"status.partially_paid","i18n/dictionaries/en.json","status","Partial","আংশিক পরিশোধ","label","","","scanned"
"status.paid","i18n/dictionaries/en.json","status","Paid","পরিশোধিত","label","","","scanned"
"status.overdue","i18n/dictionaries/en.json","status","Overdue","বিলম্বিত বকেয়া","label","","","scanned"
"categories.digital_print","i18n/dictionaries/en.json","categories","Digital Printing","ডিজিটাল প্রিন্টিং","label","","","scanned"
"categories.offset_print","i18n/dictionaries/en.json","categories","Offset Printing","অফসেট প্রিন্টিং","label","","","scanned"
"categories.flex_banner","i18n/dictionaries/en.json","categories","Flex and Banner","ফ্লেক্স ও ব্যানার","label","","","scanned"
"categories.sticker_label","i18n/dictionaries/en.json","categories","Stickers and Labels","স্টিকার ও লেবেল","label","","","scanned"
"categories.packaging_box","i18n/dictionaries/en.json","categories","Packaging and Carton","প্যাকেজিং ও কার্টুন","label","","","scanned"
"categories.garment_print","i18n/dictionaries/en.json","categories","Garment and T-Shirt","গার্মেন্টস ও টি-শার্ট","label","","","scanned"
"categories.promotional","i18n/dictionaries/en.json","categories","Promotional Items","প্রমোশনাল সামগ্রী","label","","","scanned"
"categories.led_signage","i18n/dictionaries/en.json","categories","LED Signage and Neon","এলইডি ও নিয়ন সাইনেজ","label","","","scanned"
"categories.acrylic_signage","i18n/dictionaries/en.json","categories","Acrylic Signage","এক্রিলিক সাইনেজ","label","","","scanned"
"categories.metal_fabrication","i18n/dictionaries/en.json","categories","Metal Fabrication","মেটাল ফেব্রিকেশন","label","","","scanned"
"categories.acp_signage","i18n/dictionaries/en.json","categories","ACP Cladding and Signage","এসিপি সাইনেজ","label","","","scanned"
"categories.pvc_signage","i18n/dictionaries/en.json","categories","PVC and Foam Board","পিভিসি ও ফোম বোর্ড","label","","","scanned"
"platform.title","i18n/dictionaries/en.json","platform","Control Center","কন্ট্রোল সেন্টার","label","","","scanned"
"platform.overview","i18n/dictionaries/en.json","platform","Overview","সারসংক্ষেপ","label","","","scanned"
"platform.clients","i18n/dictionaries/en.json","platform","Clients","ক্লায়েন্ট","label","","","scanned"
"platform.users","i18n/dictionaries/en.json","platform","Users","ব্যবহারকারী","label","","","scanned"
"platform.plans","i18n/dictionaries/en.json","platform","Plans","প্ল্যান","label","","","scanned"
"platform.client_plans","i18n/dictionaries/en.json","platform","Client Plans","চলতি প্ল্যান","label","","","scanned"
"platform.billing","i18n/dictionaries/en.json","platform","Bills","বিল","label","","","scanned"
"platform.features","i18n/dictionaries/en.json","platform","Features","ফিচার","label","","","scanned"
"platform.usage","i18n/dictionaries/en.json","platform","Usage","ব্যবহার","label","","","scanned"
"platform.support","i18n/dictionaries/en.json","platform","Support","সহায়তা","label","","","scanned"
"platform.incidents","i18n/dictionaries/en.json","platform","Problems","সমস্যা","label","","","scanned"
"platform.health","i18n/dictionaries/en.json","platform","System Health","সিস্টেম অবস্থা","label","","","scanned"
"platform.jobs","i18n/dictionaries/en.json","platform","System Tasks","সিস্টেম কাজ","label","","","scanned"
"platform.alerts","i18n/dictionaries/en.json","platform","Alerts","বিজ্ঞপ্তি","label","","","scanned"
"platform.security","i18n/dictionaries/en.json","platform","Security","নিরাপত্তা","label","","","scanned"
"platform.admins","i18n/dictionaries/en.json","platform","Admins","এডমিন","label","","","scanned"
"platform.roles","i18n/dictionaries/en.json","platform","Roles","দায়িত্ব","label","","","scanned"
"platform.sessions","i18n/dictionaries/en.json","platform","Devices","ডিভাইস","label","","","scanned"
"platform.audit","i18n/dictionaries/en.json","platform","Activity Log","কাজের ইতিহাস","label","","","scanned"
"platform.settings","i18n/dictionaries/en.json","platform","Settings","সেটিংস","label","","","scanned"
"platform.email","i18n/dictionaries/en.json","platform","Email","ইমেইল","label","","","scanned"
"platform.integrations","i18n/dictionaries/en.json","platform","Connections","সংযোগ","label","","","scanned"
"platform.emergency","i18n/dictionaries/en.json","platform","Emergency Stop","জরুরি বন্ধ","label","","","scanned"
"platform.search_placeholder","i18n/dictionaries/en.json","platform","Search clients, staff, activity...","ক্লায়েন্ট বা কাজ খুঁজুন...","label","","","scanned"
"platform.monthly_income","i18n/dictionaries/en.json","platform","Monthly Income","মাসিক আয়","label","","","scanned"
"platform.active_clients","i18n/dictionaries/en.json","platform","Active Clients","চালু ক্লায়েন্ট","label","","","scanned"
"platform.free_trials","i18n/dictionaries/en.json","platform","Free Trials","ফ্রি ট্রায়াল","label","","","scanned"
"platform.late_payments","i18n/dictionaries/en.json","platform","Late Payments","বকেয়া পেমেন্ট","label","","","scanned"
"platform.total_orders","i18n/dictionaries/en.json","platform","Total Orders","মোট অর্ডার","label","","","scanned"
"platform.storage","i18n/dictionaries/en.json","platform","Storage","স্টোরেজ","label","","","scanned"
"platform.system_ok","i18n/dictionaries/en.json","platform","System OK","সব ঠিক আছে","label","","","scanned"
"platform.needs_attention","i18n/dictionaries/en.json","platform","Needs Attention","জরুরি নজর","label","","","scanned"
"platform.all_normal","i18n/dictionaries/en.json","platform","Everything is normal","সব কিছু ঠিক চলছে","label","","","scanned"
"platform.client_health","i18n/dictionaries/en.json","platform","Client Health","ক্লায়েন্ট অবস্থা","label","","","scanned"
"platform.healthy","i18n/dictionaries/en.json","platform","Healthy","ভালো","label","","","scanned"
"platform.at_risk","i18n/dictionaries/en.json","platform","At Risk","ঝুঁকিতে","label","","","scanned"
"platform.critical","i18n/dictionaries/en.json","platform","Critical","জরুরি","label","","","scanned"
"platform.suspended","i18n/dictionaries/en.json","platform","Suspended","বন্ধ","label","","","scanned"
"platform.add_client","i18n/dictionaries/en.json","platform","Add Client","নতুন ক্লায়েন্ট","label","","","scanned"
"platform.stop_client","i18n/dictionaries/en.json","platform","Stop Client","ক্লায়েন্ট বন্ধ করুন","label","","","scanned"
"platform.start_client","i18n/dictionaries/en.json","platform","Start Client","ক্লায়েন্ট চালু করুন","label","","","scanned"
"platform.open_as_client","i18n/dictionaries/en.json","platform","Open as Client","ক্লায়েন্ট হিসেবে খুলুন","label","","","scanned"
"platform.exit_client","i18n/dictionaries/en.json","platform","Exit Client","বের হন","label","","","scanned"
"platform.change_plan","i18n/dictionaries/en.json","platform","Change Plan","প্ল্যান পরিবর্তন","label","","","scanned"
"platform.take_payment","i18n/dictionaries/en.json","platform","Take Payment","পেমেন্ট নিন","label","","","scanned"
"platform.send_reminder","i18n/dictionaries/en.json","platform","Send Reminder","তাগাদা পাঠান","label","","","scanned"
"platform.save","i18n/dictionaries/en.json","platform","Save","সেভ করুন","label","","","scanned"
"platform.cancel","i18n/dictionaries/en.json","platform","Cancel","বাতিল","label","","","scanned"
"platform.delete","i18n/dictionaries/en.json","platform","Delete","মুছে ফেলুন","label","","","scanned"
"platform.confirm","i18n/dictionaries/en.json","platform","Confirm","নিশ্চিত করুন","label","","","scanned"
"platform.actions","i18n/dictionaries/en.json","platform","Actions","কাজ","button","","","scanned"
"platform.status","i18n/dictionaries/en.json","platform","Status","অবস্থা","label","","","scanned"
"platform.details","i18n/dictionaries/en.json","platform","Details","বিবরণ","label","","","scanned"
"platform.refresh","i18n/dictionaries/en.json","platform","Refresh","রিফ্রেশ","label","","","scanned"
"platform.no_data","i18n/dictionaries/en.json","platform","No records found","কিছু পাওয়া যায়নি","label","","","scanned"
"nav.new_work","config/navigation.config.ts","sidebar","New Work","নতুন কাজ","menu","","","scanned"
"nav.dashboard","config/navigation.config.ts","sidebar","Dashboard","ড্যাশবোর্ড","menu","","","scanned"
"nav.quotations","config/navigation.config.ts","sidebar","Quotations","কোটেশন","menu","","","scanned"
"nav.bills","config/navigation.config.ts","sidebar","Bills","বিল ও জমা","menu","","","scanned"
"nav.customers","config/navigation.config.ts","sidebar","Customers","কাস্টমার","menu","","","scanned"
"nav.orders_jobs","config/navigation.config.ts","sidebar","Orders & Jobs","কাজের অর্ডার ও জব","menu","","","scanned"
"nav.work","config/navigation.config.ts","sidebar","Work","কাজ","menu","","","scanned"
"nav.design","config/navigation.config.ts","sidebar","Design","ডিজাইন","menu","","","scanned"
"nav.printing","config/navigation.config.ts","sidebar","Printing","ছাপাখানা","menu","","","scanned"
"nav.finishing_fabrication","config/navigation.config.ts","sidebar","Finishing & Fabrication","ফিনিশিং ও তৈরি","menu","","","scanned"
"nav.delivery","config/navigation.config.ts","sidebar","Delivery","ডেলিভারি","menu","","","scanned"
"nav.shop","config/navigation.config.ts","sidebar","Shop","দোকান","menu","","","scanned"
"nav.used_materials","config/navigation.config.ts","sidebar","Used Materials","ব্যবহৃত কাঁচামাল","menu","","","scanned"
"nav.machines","config/navigation.config.ts","sidebar","Machines","মেশিন","menu","","","scanned"
"nav.terminal","config/navigation.config.ts","sidebar","Terminal","টার্মিনাল","menu","","","scanned"
"nav.operator","config/navigation.config.ts","sidebar","Operator","অপারেটর","menu","","","scanned"
"nav.stock","config/navigation.config.ts","sidebar","Stock","কাঁচামাল ও স্টক","menu","","","scanned"
"nav.items","config/navigation.config.ts","sidebar","Items","পণ্য তালিকা","menu","","","scanned"
"nav.pricing","config/navigation.config.ts","sidebar","Pricing","দর তালিকা","menu","","","scanned"
"nav.suppliers","config/navigation.config.ts","sidebar","Suppliers","সাপ্লায়ার","menu","","","scanned"
"nav.money","config/navigation.config.ts","sidebar","Money","টাকা-পয়সা","menu","","","scanned"
"nav.dashboard","config/navigation.config.ts","sidebar","Dashboard","ফাইন্যান্স ড্যাশবোর্ড","menu","","","scanned"
"nav.cash_bank","config/navigation.config.ts","sidebar","Cash & Bank","ক্যাশ ও ব্যাংক","menu","","","scanned"
"nav.customer_due","config/navigation.config.ts","sidebar","Customer Due","কাস্টমার বাকি","menu","","","scanned"
"nav.supplier_due","config/navigation.config.ts","sidebar","Supplier Due","মহাজন বাকি","menu","","","scanned"
"nav.expenses","config/navigation.config.ts","sidebar","Expenses","খরচ","menu","","","scanned"
"nav.transactions","config/navigation.config.ts","sidebar","Transactions","লেনদেন","menu","","","scanned"
"nav.close_day","config/navigation.config.ts","sidebar","Close Day","দিন শেষ","menu","","","scanned"
"nav.money_reports","config/navigation.config.ts","sidebar","Money Reports","টাকার হিসাব","menu","","","scanned"
"nav.cost_profit","config/navigation.config.ts","sidebar","Cost & Profit","খরচ ও লাভ","menu","","","scanned"
"nav.tax_vat","config/navigation.config.ts","sidebar","Tax & VAT","ট্যাক্স ও ভ্যাট","menu","","","scanned"
"nav.reports","config/navigation.config.ts","sidebar","Reports","রিপোর্ট ও হিসাব","menu","","","scanned"
"nav.staff","config/navigation.config.ts","sidebar","Staff","স্টাফ ও বেতন","menu","","","scanned"
"nav.overview","config/navigation.config.ts","sidebar","Overview","ওভারভিউ","menu","","","scanned"
"nav.employees","config/navigation.config.ts","sidebar","Employees","কর্মী","menu","","","scanned"
"nav.attendance","config/navigation.config.ts","sidebar","Attendance","হাজিরা","menu","","","scanned"
"nav.payroll","config/navigation.config.ts","sidebar","Payroll","বেতন ও মজুরি","menu","","","scanned"
"nav.advances","config/navigation.config.ts","sidebar","Advances","অগ্রিম","menu","","","scanned"
"nav.reports","config/navigation.config.ts","sidebar","Reports","রিপোর্ট","menu","","","scanned"
"nav.settings","config/navigation.config.ts","sidebar","Settings","সেটিংস","menu","","","scanned"
"nav.overview","config/navigation.config.ts","sidebar","Overview","মূল সেটিংস","menu","","","scanned"
"nav.shop_profile","config/navigation.config.ts","sidebar","Shop Profile","দোকানের তথ্য","menu","","","scanned"
"nav.logo_colors","config/navigation.config.ts","sidebar","Logo & Colors","লোগো ও রঙ","menu","","","scanned"
"nav.language_formats","config/navigation.config.ts","sidebar","Language & Formats","ভাষা ও মুদ্রা","menu","","","scanned"
"nav.bill_numbers","config/navigation.config.ts","sidebar","Bill Numbers","বিল নাম্বারিং","menu","","","scanned"
"nav.print_formats","config/navigation.config.ts","sidebar","Print Formats","প্রিন্ট ফরম্যাট","menu","","","scanned"
"nav.auto_rules","config/navigation.config.ts","sidebar","Auto Rules","অটো নিয়ম","menu","","","scanned"
"nav.branches","config/navigation.config.ts","sidebar","Branches","শাখা","menu","","","scanned"
"nav.attendance","config/navigation.config.ts","sidebar","Attendance","হাজিরা","menu","","","scanned"
"nav.sms_alerts","config/navigation.config.ts","sidebar","SMS Alerts","এসএমএস ও এলার্ট","menu","","","scanned"
"nav.email_settings","config/navigation.config.ts","sidebar","Email Settings","ইমেইল","menu","","","scanned"
"nav.team_users","config/navigation.config.ts","sidebar","Team Users","টিম ব্যবহারকারী","menu","","","scanned"
"nav.roles_permissions","config/navigation.config.ts","sidebar","Roles & Permissions","অনুমতি ও রোলস","menu","","","scanned"
"nav.my_plan","config/navigation.config.ts","sidebar","My Plan","প্ল্যান ও প্যাকেজ","menu","","","scanned"
"nav.recycle_bin","config/navigation.config.ts","sidebar","Recycle Bin","রিসাইকেল বিন","menu","","","scanned"
"code.page.expense_recorded_successf","app\[tenantSlug]\accounting\page.tsx","accounting","Expense recorded successfully","খরচ সফলভাবে এন্ট্রি হয়েছে","label","","","scanned"
"code.page.transfer_completed_succes","app\[tenantSlug]\accounting\page.tsx","accounting","Transfer completed successfully","টাকা ট্রান্সফার সফলভাবে সম্পন্ন হয়েছে","label","","","scanned"
"code.page.supplier_payment_recorded","app\[tenantSlug]\accounting\page.tsx","accounting","Supplier payment recorded","মহাজন বিল পরিশোধ সফলভাবে সম্পন্ন হয়েছে","label","","","scanned"
"code.page.cash_closing_recorded_loc","app\[tenantSlug]\accounting\page.tsx","accounting","Cash closing recorded & locked","ক্যাশ ক্লোজিং সম্পন্ন ও লক হয়েছে","label","","","scanned"
"code.page.finance_dashboard","app\[tenantSlug]\accounting\page.tsx","accounting","Finance Dashboard","ফাইন্যান্স ড্যাশবোর্ড","label","","","scanned"
"code.page.active_module_","app\[tenantSlug]\accounting\page.tsx","accounting","Active Module:","বর্তমান বিভাগ:","label","","","scanned"
"code.page.select_finance_module","app\[tenantSlug]\accounting\page.tsx","accounting","Select Finance Module","ফাইন্যান্স মডিউল নির্বাচন করুন","label","","","scanned"
"code.page.dashboard","app\[tenantSlug]\accounting\page.tsx","accounting","Dashboard","ফাইন্যান্স ড্যাশবোর্ড","label","","","scanned"
"code.page.cash_bank","app\[tenantSlug]\accounting\page.tsx","accounting","Cash & Bank","ক্যাশ ও ব্যাংক","label","","","scanned"
"code.page.customer_due","app\[tenantSlug]\accounting\page.tsx","accounting","Customer Due","কাস্টমার বাকি","label","","","scanned"
"code.page.supplier_due","app\[tenantSlug]\accounting\page.tsx","accounting","Supplier Due","মহাজন বাকি","label","","","scanned"
"code.page.expenses","app\[tenantSlug]\accounting\page.tsx","accounting","Expenses","ব্যয় ও খরচ","label","","","scanned"
"code.page.transactions","app\[tenantSlug]\accounting\page.tsx","accounting","Transactions","লেনদেন লেজার","label","","","scanned"
"code.page.cash_closing","app\[tenantSlug]\accounting\page.tsx","accounting","Cash Closing","ক্যাশ ক্লোজিং","label","","","scanned"
"code.page.financial_reports","app\[tenantSlug]\accounting\page.tsx","accounting","Financial Reports","ফাইন্যান্সিয়াল রিপোর্ট","label","","","scanned"
"code.page.payment_collection_record","app\[tenantSlug]\accounting\page.tsx","accounting","Payment collection recorded successfully","টাকা জমা সফলভাবে এন্ট্রি হয়েছে","label","","","scanned"
"code.page.new_money_account_created","app\[tenantSlug]\accounting\page.tsx","accounting","New money account created successfully","নতুন হিসাব সফলভাবে তৈরি হয়েছে","label","","","scanned"
"code.page.correction_request_submit","app\[tenantSlug]\attendance\page.tsx","attendance","Correction request submitted for manager review.","সংশোধনের আবেদন ম্যানেজারের নিকট জমা হয়েছে।","label","","","scanned"
"prop.title.staff_attendance","app\[tenantSlug]\attendance\page.tsx","attendance","Staff Attendance","কর্মচারী উপস্থিতি ও শিফট পাঞ্চ","title","","","scanned"
"prop.desc.scan_workplace_qr_code_te","app\[tenantSlug]\attendance\page.tsx","attendance","Scan workplace QR code terminal within authorized GPS geofence boundary to record attendance.","অনুমোদিত জিপিএস সীমানার ভেতর কিউআর কোড স্ক্যান করে উপস্থিতি ও প্রস্থান নিশ্চিত করুন।","hint","","","scanned"
"code.page.refresh","app\[tenantSlug]\attendance\page.tsx","attendance","Refresh","রিফ্রেশ","label","","","scanned"
"code.page.refresh","app\[tenantSlug]\attendance\page.tsx","attendance","Refresh","রিফ্রেশ","label","","","scanned"
"code.page.retry","app\[tenantSlug]\attendance\page.tsx","attendance","Retry","পুনরায় চেষ্টা","label","","","scanned"
"code.page.completed_for_today","app\[tenantSlug]\attendance\page.tsx","attendance","Completed for Today","আজকের শিফট সম্পন্ন (প্রস্থান সম্পন্ন)","label","","","scanned"
"code.page.checked_in_shift_active","app\[tenantSlug]\attendance\page.tsx","attendance","Checked In • Shift Active","কর্মস্থলে উপস্থিত (শিফট সক্রিয়)","label","","","scanned"
"code.page.not_checked_in_yet","app\[tenantSlug]\attendance\page.tsx","attendance","Not Checked In Yet","এখনো হাজিরা দেওয়া হয়নি","label","","","scanned"
"code.page.out","app\[tenantSlug]\attendance\page.tsx","attendance","OUT","প্রস্থান সম্পন্ন","label","","","scanned"
"code.page.in","app\[tenantSlug]\attendance\page.tsx","attendance","IN","উপস্থিত","label","","","scanned"
"code.page.pending","app\[tenantSlug]\attendance\page.tsx","attendance","PENDING","বাকি","label","","","scanned"
"code.page.check_in_time","app\[tenantSlug]\attendance\page.tsx","attendance","Check-In Time","প্রবেশ সময়","label","","","scanned"
"code.page.check_out_time","app\[tenantSlug]\attendance\page.tsx","attendance","Check-Out Time","প্রস্থান সময়","label","","","scanned"
"code.page.scan_qr_to_check_in","app\[tenantSlug]\attendance\page.tsx","attendance","Scan QR to Check In","কিউআর স্ক্যান করে প্রবেশ","label","","","scanned"
"code.page.scan_qr_check_out","app\[tenantSlug]\attendance\page.tsx","attendance","Scan QR & Check Out","কিউআর স্ক্যান করে প্রস্থান","label","","","scanned"
"code.page.authoritative_geofence_qr","app\[tenantSlug]\attendance\page.tsx","attendance","Authoritative Geofence & QR Verified","কিউআর ও জিপিএস ভেরিফাইড","label","","","scanned"
"code.page.need_to_correct_a_missed_","app\[tenantSlug]\attendance\page.tsx","attendance","Need to correct a missed or late punch?","ভুলে যাওয়া বা দেরিতে হওয়া পাঞ্চ সংশোধন করতে চান?","label","","","scanned"
"code.page.request_correction","app\[tenantSlug]\attendance\page.tsx","attendance","Request Correction","ভুল সংশোধনের আবেদন","label","","","scanned"
"code.page.your_attendance_history","app\[tenantSlug]\attendance\page.tsx","attendance","Your Attendance History","আপনার হাজিরা বিবরণ","label","","","scanned"
"code.page.all","app\[tenantSlug]\attendance\page.tsx","attendance","All","সকল","label","","","scanned"
"code.page.check_in","app\[tenantSlug]\attendance\page.tsx","attendance","Check-In","প্রবেশ","label","","","scanned"
"code.page.check_out","app\[tenantSlug]\attendance\page.tsx","attendance","Check-Out","প্রস্থান","label","","","scanned"
"code.page.no_attendance_records_fou","app\[tenantSlug]\attendance\page.tsx","attendance","No attendance records found matching filter.","কোনো হাজিরা রেকর্ড পাওয়া যায়নি।","label","","","scanned"
"code.page.correction","app\[tenantSlug]\attendance\page.tsx","attendance","Correction","সংশোধন","label","","","scanned"
"code.page.request_attendance_correc","app\[tenantSlug]\attendance\page.tsx","attendance","Request Attendance Correction","হাজিরা সংশোধনের আবেদন","label","","","scanned"
"code.page.date","app\[tenantSlug]\attendance\page.tsx","attendance","Date","তারিখ","label","","","scanned"
"code.page.punch_type","app\[tenantSlug]\attendance\page.tsx","attendance","Punch Type","পাঞ্চের ধরন","label","","","scanned"
"code.page.check_in","app\[tenantSlug]\attendance\page.tsx","attendance","Check-In","প্রবেশ","label","","","scanned"
"code.page.check_out","app\[tenantSlug]\attendance\page.tsx","attendance","Check-Out","প্রস্থান","label","","","scanned"
"code.page.corrected_time","app\[tenantSlug]\attendance\page.tsx","attendance","Corrected Time","সংশোধিত সময়","label","","","scanned"
"code.page.reason_for_correction","app\[tenantSlug]\attendance\page.tsx","attendance","Reason for Correction","সংশোধনের কারণ","label","","","scanned"
"code.page.e_g_phone_battery_died_de","app\[tenantSlug]\attendance\page.tsx","attendance","e.g. Phone battery died, Device GPS failed, On-site client job","যেমন: ফোনের চার্জ শেষ ছিল, সাইটে কাজের ব্যস্ততা ছিল","label","","","scanned"
"code.page.cancel","app\[tenantSlug]\attendance\page.tsx","attendance","Cancel","বাতিল","label","","","scanned"
"code.page.submitting_","app\[tenantSlug]\attendance\page.tsx","attendance","Submitting...","জমা হচ্ছে...","label","","","scanned"
"prop.title.audit_logs","app\[tenantSlug]\audit\page.tsx","audit","Audit Logs","অডিট ট্রেইল ও নিরাপত্তা লগ","title","","","scanned"
"prop.desc.immutable_organizational_","app\[tenantSlug]\audit\page.tsx","audit","Immutable organizational activity records capturing pricing overrides, order cancellations, financial modifications, and user logins.","মূল্য পরিবর্তন, অর্ডার বাতিল, আর্থিক ট্রানজাকশন ও ইউজার লগইন সংক্রান্ত অপরিবর্তনীয় ডিজিটাল প্রমাণপত্র।","hint","","","scanned"
"code.page.export_json","app\[tenantSlug]\audit\page.tsx","audit","Export JSON","এক্সপোর্ট লগ","label","","","scanned"
"code.page.refresh","app\[tenantSlug]\audit\page.tsx","audit","Refresh","রিফ্রেশ","label","","","scanned"
"code.page.refresh","app\[tenantSlug]\audit\page.tsx","audit","Refresh","রিফ্রেশ","label","","","scanned"
"prop.title.billing_collections","app\[tenantSlug]\billing\page.tsx","billing","Billing & Collections","বিলিং ও কালেকশন","title","","","scanned"
"prop.desc.canonical_commercial_fina","app\[tenantSlug]\billing\page.tsx","billing","Canonical commercial finance workspace • Invoices, collection priorities & receivables","চালান, পেমেন্ট আদায়, গ্রাহক বকেয়া ও কালেকশন নিয়ন্ত্রণ কেন্দ্র","hint","","","scanned"
"code.page.collect_due","app\[tenantSlug]\billing\page.tsx","billing","Collect Due","বকেয়া আদায়","label","","","scanned"
"code.page.new_invoice","app\[tenantSlug]\billing\page.tsx","billing","New Invoice","নতুন চালান","label","","","scanned"
"prop.title.total_invoiced","app\[tenantSlug]\billing\page.tsx","billing","Total Invoiced","মোট চালানের মূল্য","title","","","scanned"
"prop.title.collected","app\[tenantSlug]\billing\page.tsx","billing","Collected","মোট আদায়","title","","","scanned"
"prop.title.outstanding_due","app\[tenantSlug]\billing\page.tsx","billing","Outstanding Due","চলতি বকেয়া","title","","","scanned"
"prop.title.overdue","app\[tenantSlug]\billing\page.tsx","billing","Overdue","মেয়াদোত্তীর্ণ বকেয়া","title","","","scanned"
"prop.title.total_receivable","app\[tenantSlug]\billing\page.tsx","billing","Total Receivable","মোট পাওনা","title","","","scanned"
"prop.title.all_open_accounts","app\[tenantSlug]\billing\page.tsx","billing","All Open Accounts","সকল চলমান হিসাব","title","","","scanned"
"prop.title.collection_rate","app\[tenantSlug]\billing\page.tsx","billing","Collection Rate","আদায়ের হার","title","","","scanned"
"code.page.today","app\[tenantSlug]\billing\page.tsx","billing","Today","আজ","label","","","scanned"
"code.page.this_week","app\[tenantSlug]\billing\page.tsx","billing","This Week","এই সপ্তাহ","label","","","scanned"
"code.page.this_month","app\[tenantSlug]\billing\page.tsx","billing","This Month","এই মাস","label","","","scanned"
"code.page.all_time","app\[tenantSlug]\billing\page.tsx","billing","All Time","সর্বমোট","label","","","scanned"
"code.page.custom_date","app\[tenantSlug]\billing\page.tsx","billing","Custom Date","কাস্টম তারিখ","label","","","scanned"
"code.page.invoice","app\[tenantSlug]\billing\[id]\page.tsx","[id]","INVOICE","চালান","label","","","scanned"
"code.page.date_","app\[tenantSlug]\billing\[id]\page.tsx","[id]","Date:","তারিখ:","label","","","scanned"
"code.page.official_payment_","app\[tenantSlug]\billing\[id]\page.tsx","[id]","Official Payment:","মূল্য পরিশোধের তথ্য:","label","","","scanned"
"code.page.subtotal_","app\[tenantSlug]\billing\[id]\page.tsx","[id]","Subtotal:","মোট বিল:","label","","","scanned"
"code.page.discount_","app\[tenantSlug]\billing\[id]\page.tsx","[id]","Discount:","ছাড়:","label","","","scanned"
"code.page.grand_total_","app\[tenantSlug]\billing\[id]\page.tsx","[id]","Grand Total:","সর্বমোট বিল:","label","","","scanned"
"code.page.advance_paid_","app\[tenantSlug]\billing\[id]\page.tsx","[id]","Advance / Paid:","অগ্রিম পরিশোধ:","label","","","scanned"
"code.page.waiver_adjustment_","app\[tenantSlug]\billing\[id]\page.tsx","[id]","Waiver / Adjustment:","ছাড় / সমন্বয়:","label","","","scanned"
"code.page.due_balance_","app\[tenantSlug]\billing\[id]\page.tsx","[id]","Due Balance:","বকেয়া বিল:","label","","","scanned"
"code.page.terms_conditions_","app\[tenantSlug]\billing\[id]\page.tsx","[id]","Terms & Conditions: ","শর্তাবলী ও নির্দেশিকা: ","label","","","scanned"
"code.page.customer_signature","app\[tenantSlug]\billing\[id]\page.tsx","[id]","Customer Signature","গ্রাহকের স্বাক্ষর","label","","","scanned"
"code.page.official_money_receipt","app\[tenantSlug]\billing\[id]\page.tsx","[id]","Official Money Receipt","অফিসিয়াল মানি রিসিট","label","","","scanned"
"prop.title.messages_sms","app\[tenantSlug]\communications\page.tsx","communications","Messages & SMS","মেসেজিং, নোটিফিকেশন ও গেটওয়ে","title","","","scanned"
"prop.desc.real_time_in_app_alerts_w","app\[tenantSlug]\communications\page.tsx","communications","Real-time in-app alerts, WhatsApp Business API dispatches, multi-provider Bangladesh SMS, and dual-language message templates.","ইন-অ্যাপ সতর্কতা, হোয়াটসঅ্যাপ বিজনেজ এপিআই, বাংলাদেশি এসএমএস গেটওয়ে এবং বাংলা/ইংরেজি মেসেজ টেমপ্লেট।","hint","","","scanned"
"code.page.send_quick_notification","app\[tenantSlug]\communications\page.tsx","communications","Send Quick Notification","দ্রুত বার্তা পাঠান","label","","","scanned"
"prop.title.job_costing","app\[tenantSlug]\costing\page.tsx","costing","Job Costing","কস্টিং ও লাভ-মার্জিন ইঞ্জিন","title","","","scanned"
"prop.desc.9_head_cost_tracking_pre_","app\[tenantSlug]\costing\page.tsx","costing","9-head cost tracking, pre vs post-production variance audits, and sensitive cost shielding during price negotiations.","৯টি খাতে ব্যয় ট্র্যাকিং, উৎপাদন-পূর্ব ও পরবর্তী খরচের তুলনা এবং দরদামের সময় গোপন ব্যয় সুরক্ষা।","hint","","","scanned"
"code.page.export_csv","app\[tenantSlug]\costing\page.tsx","costing","Export CSV","এক্সপোর্ট","label","","","scanned"
"code.page._new_costing","app\[tenantSlug]\costing\page.tsx","costing","+ New Costing","+ কস্টিং গণনা","label","","","scanned"
"prop.title.average_realized_margin","app\[tenantSlug]\costing\page.tsx","costing","Average Realized Margin","গড় অর্জিত মার্জিন","title","","","scanned"
"prop.title.realized_job_profit","app\[tenantSlug]\costing\page.tsx","costing","Realized Job Profit","মোট অর্জিত লাভ","title","","","scanned"
"prop.title.budget_overruns","app\[tenantSlug]\costing\page.tsx","costing","Budget Overruns","বাজেট অতিরিক্ত ব্যয়","title","","","scanned"
"prop.title.transport_overtime_varian","app\[tenantSlug]\costing\page.tsx","costing","Transport / overtime variance","পরিবহন ও অতিরিক্ত সময় ব্যত্যয়","title","","","scanned"
"prop.title.material_yield_savings","app\[tenantSlug]\costing\page.tsx","costing","Material & Yield Savings","কাঁচামাল ও নেস্টিং সাশ্রয়","title","","","scanned"
"prop.title.saved_paper_on_sheet","app\[tenantSlug]\costing\page.tsx","costing","Saved paper on sheet","উপযুক্ত গ্যাং-রান নেস্টিং সাশ্রয়","title","","","scanned"
"code.page.no_job_costings_found","app\[tenantSlug]\costing\page.tsx","costing","No job costings found","কোনো জব কস্টিং পাওয়া যায়নি","label","","","scanned"
"code.page.new_job_costing","app\[tenantSlug]\costing\page.tsx","costing","New Job Costing","নতুন কস্টিং শুরু করুন","label","","","scanned"
"code.page.no_job_costings_found","app\[tenantSlug]\costing\page.tsx","costing","No job costings found","কোনো জব কস্টিং পাওয়া যায়নি","label","","","scanned"
"code.page.new_job_costing_9_head_al","app\[tenantSlug]\costing\page.tsx","costing","New Job Costing & 9-Head Allocation","নতুন জব কস্টিং ও ৯-খাতে ব্যয় বরাদ্দ","label","","","scanned"
"code.page.quick_industry_presets","app\[tenantSlug]\costing\page.tsx","costing","Quick Industry Presets","শিল্পভিত্তিক দ্রুত প্রিসেট","label","","","scanned"
"code.page.job_number","app\[tenantSlug]\costing\page.tsx","costing","Job Number","জব নম্বর","label","","","scanned"
"code.page.customer_name","app\[tenantSlug]\costing\page.tsx","costing","Customer Name","গ্রাহকের নাম","label","","","scanned"
"code.page.work_item_title","app\[tenantSlug]\costing\page.tsx","costing","Work / Item Title","কাজের বিবরণ","label","","","scanned"
"code.page.technical_specs_dimension","app\[tenantSlug]\costing\page.tsx","costing","Technical Specs & Dimensions","সাইজ ও স্পেক্স","label","","","scanned"
"code.page.9_head_estimated_cost_bre","app\[tenantSlug]\costing\page.tsx","costing","9-Head Estimated Cost Breakdown","৯টি ব্যয় খাতের হিসাব","label","","","scanned"
"code.page.customer_price_negotiatio","app\[tenantSlug]\costing\page.tsx","costing","Customer Price Negotiation & Margin Guard","দরদাম সিমুলেটর ও মার্জিন গার্ড","label","","","scanned"
"code.page.record_post_production_9_","app\[tenantSlug]\costing\page.tsx","costing","Record Post-Production 9-Head Actual Costs","পোস্ট-প্রোডাকশন ৯-খাতে প্রকৃত খরচ এন্ট্রি","label","","","scanned"
"code.page.back_to_costing","app\[tenantSlug]\costing\[id]\page.tsx","[id]","Back to Costing","কস্টিং তালিকায় ফিরুন","label","","","scanned"
"code.page.job_costing_sheet_not_fou","app\[tenantSlug]\costing\[id]\page.tsx","[id]","Job Costing Sheet Not Found","জব কস্টিং শিট পাওয়া যায়নি","label","","","scanned"
"code.page.view_all_costings","app\[tenantSlug]\costing\[id]\page.tsx","[id]","View All Costings","সব কস্টিং দেখুন","label","","","scanned"
"code.page.back_to_costing","app\[tenantSlug]\costing\[id]\page.tsx","[id]","Back to Costing","কস্টিং তালিকায় ফিরুন","label","","","scanned"
"code.page.sales_view_masked_","app\[tenantSlug]\costing\[id]\page.tsx","[id]","Sales View (Masked)","সেলস ভিউ","label","","","scanned"
"code.page.owner_view_full_","app\[tenantSlug]\costing\[id]\page.tsx","[id]","Owner View (Full)","মালিক ভিউ","label","","","scanned"
"code.page.print_cost_traveler","app\[tenantSlug]\costing\[id]\page.tsx","[id]","Print Cost Traveler","প্রিন্ট কস্ট ট্রাভেলার","label","","","scanned"
"code.page.customer_directory_export","app\[tenantSlug]\customers\page.tsx","customers","Customer directory exported to CSV.","গ্রাহক তালিকা এক্সেলে এক্সপোর্ট করা হয়েছে।","label","","","scanned"
"prop.title.customers_accounts_direct","app\[tenantSlug]\customers\page.tsx","customers","Customers & Accounts Directory","গ্রাহক ও ক্লায়েন্ট খতিয়ান","title","","","scanned"
"prop.desc.complete_client_directory","app\[tenantSlug]\customers\page.tsx","customers","Complete client directory with individualized price tiers, credit management, and 360° analytics.","গ্রাহক ডিরেক্টরি, কাস্টম দর তালিকা, বকেয়া বাকি ট্র্যাকিং ও ৩৬০ ডিগ্রি ব্যবসায়িক বিশ্লেষণ।","hint","","","scanned"
"code.page.export","app\[tenantSlug]\customers\page.tsx","customers","Export","এক্সপোর্ট","label","","","scanned"
"code.page.new_customer","app\[tenantSlug]\customers\page.tsx","customers","New Customer","নতুন গ্রাহক","label","","","scanned"
"prop.title.total_customers","app\[tenantSlug]\customers\page.tsx","customers","Total Customers","মোট গ্রাহক","title","","","scanned"
"prop.title.registered_business_profi","app\[tenantSlug]\customers\page.tsx","customers","Registered business profiles","নিবন্ধিত অ্যাকাউন্ট","title","","","scanned"
"prop.title.active_customers","app\[tenantSlug]\customers\page.tsx","customers","Active Customers","সক্রিয় গ্রাহক","title","","","scanned"
"prop.title.operational_accounts","app\[tenantSlug]\customers\page.tsx","customers","Operational accounts","চলমান হিসাব","title","","","scanned"
"prop.title.customers_with_due","app\[tenantSlug]\customers\page.tsx","customers","Customers With Due","বকেয়া বিশিষ্ট গ্রাহক","title","","","scanned"
"prop.title.customer_due","app\[tenantSlug]\customers\page.tsx","customers","Customer due","পাওনা বাকি যুক্ত ক্লায়েন্ট","title","","","scanned"
"prop.title.total_due_balance","app\[tenantSlug]\customers\page.tsx","customers","Total Due Balance","মোট বকেয়া স্থিতি","title","","","scanned"
"prop.title.receivable_across_all_acc","app\[tenantSlug]\customers\page.tsx","customers","Receivable across all accounts","সর্বমোট আদায়যোগ্য বকেয়া","title","","","scanned"
"code.page.all_types","app\[tenantSlug]\customers\page.tsx","customers","All Types","সকল ধরণ","label","","","scanned"
"code.page.retail","app\[tenantSlug]\customers\page.tsx","customers","Retail","খুচরা","label","","","scanned"
"code.page.reseller","app\[tenantSlug]\customers\page.tsx","customers","Reseller","রিসেলার","label","","","scanned"
"code.page.corporate","app\[tenantSlug]\customers\page.tsx","customers","Corporate","কর্পোরেট","label","","","scanned"
"code.page.agency","app\[tenantSlug]\customers\page.tsx","customers","Agency","এজেন্সি","label","","","scanned"
"code.page.government","app\[tenantSlug]\customers\page.tsx","customers","Government","সরকারি","label","","","scanned"
"code.page.all_balances","app\[tenantSlug]\customers\page.tsx","customers","All Balances","সকল ব্যালেন্স","label","","","scanned"
"code.page.has_outstanding_due","app\[tenantSlug]\customers\page.tsx","customers","Has Outstanding Due","বকেয়া আছে","label","","","scanned"
"code.page.no_due_settled_","app\[tenantSlug]\customers\page.tsx","customers","No Due (Settled)","বকেয়া নেই","label","","","scanned"
"code.page.sort_newest_first","app\[tenantSlug]\customers\page.tsx","customers","Sort: Newest First","ক্রম: নতুন প্রথমে","label","","","scanned"
"code.page.sort_highest_billed","app\[tenantSlug]\customers\page.tsx","customers","Sort: Highest Billed","ক্রম: সর্বোচ্চ বিল","label","","","scanned"
"code.page.sort_highest_due","app\[tenantSlug]\customers\page.tsx","customers","Sort: Highest Due","ক্রম: সর্বোচ্চ বকেয়া","label","","","scanned"
"code.page.sort_latest_order","app\[tenantSlug]\customers\page.tsx","customers","Sort: Latest Order","ক্রম: সর্বশেষ অর্ডার","label","","","scanned"
"code.page.sort_alphabetical_a_z_","app\[tenantSlug]\customers\page.tsx","customers","Sort: Alphabetical (A-Z)","ক্রম: বর্ণানুক্রমিক (A-Z)","label","","","scanned"
"code.page.retry_data_load","app\[tenantSlug]\customers\page.tsx","customers","Retry Data Load","পুনরায় লোড করুন","label","","","scanned"
"code.page.no_customers_found","app\[tenantSlug]\customers\page.tsx","customers","No Customers Found","কোনো গ্রাহক পাওয়া যায়নি","label","","","scanned"
"code.page.no_customer_records_match","app\[tenantSlug]\customers\page.tsx","customers","No customer records matched your query. Try resetting your search filters.","আপনার সার্চের সাথে কোনো গ্রাহক মেলেনি। ফিল্টার রিসেট করে দেখুন।","label","","","scanned"
"code.page.get_started_by_creating_y","app\[tenantSlug]\customers\page.tsx","customers","Get started by creating your first customer profile to manage rates and invoices.","কাস্টমার প্রোফাইল তৈরি করে রেট ও ইনভয়েস ব্যবস্থাপনা শুরু করুন।","label","","","scanned"
"code.page.create_first_customer","app\[tenantSlug]\customers\page.tsx","customers","Create First Customer","প্রথম কাস্টমার তৈরি করুন","label","","","scanned"
"code.page.customer_id","app\[tenantSlug]\customers\page.tsx","customers","Customer ID","কাস্টমার আইডি","label","","","scanned"
"code.page.customer_name","app\[tenantSlug]\customers\page.tsx","customers","Customer Name","গ্রাহকের নাম","label","","","scanned"
"code.page.company","app\[tenantSlug]\customers\page.tsx","customers","Company","কোম্পানি","label","","","scanned"
"code.page.contact","app\[tenantSlug]\customers\page.tsx","customers","Contact","যোগাযোগ","label","","","scanned"
"code.page.type","app\[tenantSlug]\customers\page.tsx","customers","Type","ধরণ","label","","","scanned"
"code.page.total_invoiced","app\[tenantSlug]\customers\page.tsx","customers","Total Invoiced","মোট ইনভয়েস","label","","","scanned"
"code.page.due_balance","app\[tenantSlug]\customers\page.tsx","customers","Due Balance","বকেয়া স্থিতি","label","","","scanned"
"code.page.last_order","app\[tenantSlug]\customers\page.tsx","customers","Last Order","সর্বশেষ অর্ডার","label","","","scanned"
"code.page.actions","app\[tenantSlug]\customers\page.tsx","customers","Actions","অ্যাকশন","label","","","scanned"
"code.page.corporate","app\[tenantSlug]\customers\page.tsx","customers","Corporate","কর্পোরেট","label","","","scanned"
"code.page.agency","app\[tenantSlug]\customers\page.tsx","customers","Agency","এজেন্সি","label","","","scanned"
"code.page.reseller","app\[tenantSlug]\customers\page.tsx","customers","Reseller","রিসেলার","label","","","scanned"
"code.page.government","app\[tenantSlug]\customers\page.tsx","customers","Government","সরকারি","label","","","scanned"
"code.page.retail","app\[tenantSlug]\customers\page.tsx","customers","Retail","খুচরা","label","","","scanned"
"code.page.actions","app\[tenantSlug]\customers\page.tsx","customers","Actions","অ্যাকশন","label","","","scanned"
"code.page.profile_history","app\[tenantSlug]\customers\page.tsx","customers","Profile & History","৩৬০ প্রোফাইল ও লেজার","label","","","scanned"
"code.page.create_quotation","app\[tenantSlug]\customers\page.tsx","customers","Create Quotation","কোটেশন তৈরি করুন","label","","","scanned"
"code.page.create_invoice","app\[tenantSlug]\customers\page.tsx","customers","Create Invoice","নতুন ইনভয়েস তৈরি","label","","","scanned"
"code.page.record_payment","app\[tenantSlug]\customers\page.tsx","customers","Record Payment","পেমেন্ট গ্রহণ","label","","","scanned"
"code.page.move_to_trash","app\[tenantSlug]\customers\page.tsx","customers","Move to Trash","ট্র্যাশে পাঠান","label","","","scanned"
"code.page.total_billed","app\[tenantSlug]\customers\page.tsx","customers","Total Billed","মোট বিল","label","","","scanned"
"code.page.due_balance","app\[tenantSlug]\customers\page.tsx","customers","Due Balance","বকেয়া স্থিতি","label","","","scanned"
"code.page.quote","app\[tenantSlug]\customers\page.tsx","customers","Quote","কোটেশন","label","","","scanned"
"code.page.invoice","app\[tenantSlug]\customers\page.tsx","customers","Invoice","ইনভয়েস","label","","","scanned"
"code.page.pay","app\[tenantSlug]\customers\page.tsx","customers","Pay","পরিশোধ","label","","","scanned"
"code.page.open_customer_360_workspa","app\[tenantSlug]\customers\page.tsx","customers","Open Customer 360 Workspace","কাস্টমার ৩৬০ ওয়ার্কস্পেস খুলুন","label","","","scanned"
"code.page.corporate","app\[tenantSlug]\customers\[id]\page.tsx","[id]","Corporate","কর্পোরেট","label","","","scanned"
"code.page.agency","app\[tenantSlug]\customers\[id]\page.tsx","[id]","Agency","এজেন্সি","label","","","scanned"
"code.page.reseller","app\[tenantSlug]\customers\[id]\page.tsx","[id]","Reseller","রিসেলার","label","","","scanned"
"code.page.government","app\[tenantSlug]\customers\[id]\page.tsx","[id]","Government","সরকারি","label","","","scanned"
"code.page.retail","app\[tenantSlug]\customers\[id]\page.tsx","[id]","Retail","খুচরা","label","","","scanned"
"code.page.inactive","app\[tenantSlug]\customers\[id]\page.tsx","[id]","Inactive","নিষ্ক্রিয়","label","","","scanned"
"code.page.contact_","app\[tenantSlug]\customers\[id]\page.tsx","[id]","Contact:","যোগাযোগ:","label","","","scanned"
"code.page.edit","app\[tenantSlug]\customers\[id]\page.tsx","[id]","Edit","সম্পাদনা","label","","","scanned"
"code.page.reactivate","app\[tenantSlug]\customers\[id]\page.tsx","[id]","Reactivate","পুনরায় সক্রিয় করুন","label","","","scanned"
"code.page.deactivate","app\[tenantSlug]\customers\[id]\page.tsx","[id]","Deactivate","নিষ্ক্রিয় করুন","label","","","scanned"
"code.page.create_invoice","app\[tenantSlug]\customers\[id]\page.tsx","[id]","Create Invoice","ইনভয়েস তৈরি","label","","","scanned"
"code.page.new_quotation","app\[tenantSlug]\customers\[id]\page.tsx","[id]","New Quotation","নতুন কোটেশন","label","","","scanned"
"code.page.record_payment","app\[tenantSlug]\customers\[id]\page.tsx","[id]","Record Payment","পেমেন্ট গ্রহণ","label","","","scanned"
"code.page.log_comm","app\[tenantSlug]\customers\[id]\page.tsx","[id]","Log Comm","যোগাযোগ রেকর্ড","label","","","scanned"
"code.page.pay","app\[tenantSlug]\customers\[id]\page.tsx","[id]","Pay","পরিশোধ","label","","","scanned"
"code.page.new_quote","app\[tenantSlug]\customers\[id]\page.tsx","[id]","New Quote","নতুন কোটেশন","label","","","scanned"
"code.page.create_invoice","app\[tenantSlug]\customers\[id]\page.tsx","[id]","Create Invoice","ইনভয়েস তৈরি","label","","","scanned"
"code.page.record_payment","app\[tenantSlug]\customers\[id]\page.tsx","[id]","Record Payment","পেমেন্ট গ্রহণ","label","","","scanned"
"code.page.new_quotation","app\[tenantSlug]\customers\[id]\page.tsx","[id]","New Quotation","নতুন কোটেশন","label","","","scanned"
"code.page.customer_id","app\[tenantSlug]\customers\[id]\page.tsx","[id]","Customer ID","কাস্টমার আইডি","label","","","scanned"
"code.page.customer_code","app\[tenantSlug]\customers\[id]\page.tsx","[id]","Customer Code","গ্রাহক কোড","label","","","scanned"
"prop.title.delivery_fitting","app\[tenantSlug]\delivery\page.tsx","delivery","Delivery & Fitting","ডেলিভারি চালান ও অন-সাইট ইনস্টলেশন","title","","","scanned"
"prop.desc.track_multi_method_dispat","app\[tenantSlug]\delivery\page.tsx","delivery","Track multi-method dispatches, printable delivery challans, and on-site rigging crew installations.","মাল ডেলিভারি চালানপত্র, কুরিয়ার ট্র্যাকিং এবং সাইট ফিটিং ও সাইনেজ স্থাপন পরিচালনা করুন।","hint","","","scanned"
"code.page.refresh","app\[tenantSlug]\delivery\page.tsx","delivery","Refresh","রিফ্রেশ","label","","","scanned"
"code.page.refresh","app\[tenantSlug]\delivery\page.tsx","delivery","Refresh","রিফ্রেশ","label","","","scanned"
"code.page.schedule_installation","app\[tenantSlug]\delivery\page.tsx","delivery","Schedule Installation","ইনস্টলেশন শিডিউল","label","","","scanned"
"code.page.new_delivery_challan","app\[tenantSlug]\delivery\page.tsx","delivery","New Delivery Challan","নতুন ডেলিভারি চালান","label","","","scanned"
"code.page.delivery_challans_dispatc","app\[tenantSlug]\delivery\page.tsx","delivery","Delivery Challans & Dispatches","ডেলিভারি চালান ও ট্রানজিট তালিকা","label","","","scanned"
"code.page.transit_slips_with_cod_du","app\[tenantSlug]\delivery\page.tsx","delivery","Transit slips with COD due balance & receiver verification","বকেয়া বিল আদায় সতর্কবার্তা ও গ্রহীতার স্বাক্ষর ট্র্যাকিং","label","","","scanned"
"code.page.no_challans_matching_sear","app\[tenantSlug]\delivery\page.tsx","delivery","No challans matching search criteria.","অনুসন্ধানের সাথে মিল রেখে কোন চালান পাওয়া যায়নি।","label","","","scanned"
"code.page.on_site_signage_installat","app\[tenantSlug]\delivery\page.tsx","delivery","On-Site Signage Installations","অন-সাইট সাইনেজ ইনস্টলেশন","label","","","scanned"
"code.page.field_rigging_crane_hooku","app\[tenantSlug]\delivery\page.tsx","delivery","Field rigging, crane hookups, and customer sign-offs","মাঠ পর্যায়ের রিগিং, ক্রেন সংযোগ ও সাইট সাইন-অফ","label","","","scanned"
"code.page.no_installations_matching","app\[tenantSlug]\delivery\page.tsx","delivery","No installations matching search criteria.","কোন ইনস্টলেশন কাজ পাওয়া যায়নি।","label","","","scanned"
"code.page.logistics_field_dispatch_","app\[tenantSlug]\delivery\page.tsx","delivery","Logistics & Field Dispatch Agenda","লজিস্টিক ও ফিল্ড ডিসপ্যাচ ক্যালেন্ডার","label","","","scanned"
"code.page.consolidated_schedule_vie","app\[tenantSlug]\delivery\page.tsx","delivery","Consolidated schedule view of outgoing delivery transit vans and on-site fitting jobs.","চলতি সপ্তাহে আউটগোয়িং ডেলিভারি ভ্যান ও সাইট ফিটিং কাজের ক্যালেন্ডার।","label","","","scanned"
"code.page.delivery_runs","app\[tenantSlug]\delivery\page.tsx","delivery","Delivery Runs","ডেলিভারি ট্রানজিট","label","","","scanned"
"code.page.site_installations","app\[tenantSlug]\delivery\page.tsx","delivery","Site Installations","সাইনেজ ফিটিং","label","","","scanned"
"code.page.no_scheduled_deliveries_o","app\[tenantSlug]\delivery\page.tsx","delivery","No scheduled deliveries or installations found in this period.","এই সময়ের মধ্যে কোন শিডিউল করা ডেলিভারি বা ফিটিং নেই।","label","","","scanned"
"code.page.deliveries","app\[tenantSlug]\delivery\page.tsx","delivery","Deliveries","টি ডেলিভারি","label","","","scanned"
"code.page.delivery_consignment_hand","app\[tenantSlug]\delivery\page.tsx","delivery","Delivery & Consignment Handover","ডেলিভারি হ্যান্ডওভার ও প্রাপ্তিস্বীকার","label","","","scanned"
"code.page.review_line_item_fulfillm","app\[tenantSlug]\delivery\page.tsx","delivery","Review line-item fulfillment statuses, select items to dispatch, and record sign-off.","আইটেমভিত্তিক ডেলিভারি স্ট্যাটাস পর্যালোচনা করুন এবং প্রাপ্তিস্বীকার সম্পন্ন করুন।","label","","","scanned"
"code.page.receiver_full_name","app\[tenantSlug]\delivery\page.tsx","delivery","Receiver Full Name","গ্রহণকারীর নাম","label","","","scanned"
"code.page.receiver_mobile_number","app\[tenantSlug]\delivery\page.tsx","delivery","Receiver Mobile Number","মোবাইল নম্বর","label","","","scanned"
"code.page.receiver_signature_remark","app\[tenantSlug]\delivery\page.tsx","delivery","Receiver Signature / Remarks","প্রাপ্তিস্বীকার বা মন্তব্য","label","","","scanned"
"code.page.close","app\[tenantSlug]\delivery\page.tsx","delivery","Close","বন্ধ করুন","label","","","scanned"
"code.page.mark_as_delivered","app\[tenantSlug]\delivery\page.tsx","delivery","Mark as delivered","ডেলিভারি সম্পন্ন করুন","label","","","scanned"
"code.page.generate_new_delivery_cha","app\[tenantSlug]\delivery\page.tsx","delivery","Generate New Delivery Challan","নতুন ডেলিভারি চালানপত্র তৈরি করুন","label","","","scanned"
"code.page.dispatch_printed_products","app\[tenantSlug]\delivery\page.tsx","delivery","Dispatch printed products or signage structures to the customer site","গ্রাহকের ঠিকানায় পণ্য পরিবহনের চালানপত্র প্রস্তুত করুন","label","","","scanned"
"code.page.customer_transport_method","app\[tenantSlug]\delivery\page.tsx","delivery","Customer & Transport Method","গ্রাহক ও পরিবহন মাধ্যম","label","","","scanned"
"code.page.customer","app\[tenantSlug]\delivery\page.tsx","delivery","Customer","গ্রাহক","label","","","scanned"
"code.page.delivery_method","app\[tenantSlug]\delivery\page.tsx","delivery","Delivery Method","ডেলিভারি পদ্ধতি","label","","","scanned"
"code.page.delivery_site_address","app\[tenantSlug]\delivery\page.tsx","delivery","Delivery Site Address","ডেলিভারি সাইটের ঠিকানা","label","","","scanned"
"code.page.transit_vehicle_info","app\[tenantSlug]\delivery\page.tsx","delivery","Transit & Vehicle Info","যানবাহন ও চালকের তথ্য","label","","","scanned"
"code.page.vehicle_no_consignment","app\[tenantSlug]\delivery\page.tsx","delivery","Vehicle No. / Consignment","গাড়ির নম্বর / ট্র্যাকিং নম্বর","label","","","scanned"
"code.page.driver_delivery_person","app\[tenantSlug]\delivery\page.tsx","delivery","Driver / Delivery Person","চালক / ডেলিভারিম্যান","label","","","scanned"
"code.page.goods_dispatch_schedule","app\[tenantSlug]\delivery\page.tsx","delivery","Goods & Dispatch Schedule","পণ্যের বিবরণ ও তারিখ","label","","","scanned"
"code.page.product_description","app\[tenantSlug]\delivery\page.tsx","delivery","Product Description","পণ্যের বিবরণ","label","","","scanned"
"code.page.quantity","app\[tenantSlug]\delivery\page.tsx","delivery","Quantity","পরিমাণ","label","","","scanned"
"code.page.transport_cost","app\[tenantSlug]\delivery\page.tsx","delivery","Transport Cost","পরিবহন খরচ","label","","","scanned"
"code.page.scheduled_date","app\[tenantSlug]\delivery\page.tsx","delivery","Scheduled Date","নির্ধারিত তারিখ","label","","","scanned"
"code.page.cancel","app\[tenantSlug]\delivery\page.tsx","delivery","Cancel","বাতিল","label","","","scanned"
"code.page.issue_delivery_challan","app\[tenantSlug]\delivery\page.tsx","delivery","Issue Delivery Challan","চালানপত্র জারি করুন","label","","","scanned"
"code.page.schedule_on_site_signage_","app\[tenantSlug]\delivery\page.tsx","delivery","Schedule On-Site Signage Installation","সাইট ইনস্টলেশন শিডিউল করুন","label","","","scanned"
"code.page.deploy_rigging_technician","app\[tenantSlug]\delivery\page.tsx","delivery","Deploy rigging technicians, cranes, and safety gear to the client installation site","সাইটে ফিটিংস টেকনিশিয়ান ও সরঞ্জাম প্রেরণ শিডিউল করুন","label","","","scanned"
"code.page.customer_site_location","app\[tenantSlug]\delivery\page.tsx","delivery","Customer & Site Location","গ্রাহক ও সাইট লোকেশন","label","","","scanned"
"code.page.customer","app\[tenantSlug]\delivery\page.tsx","delivery","Customer","গ্রাহক","label","","","scanned"
"code.page.installation_date","app\[tenantSlug]\delivery\page.tsx","delivery","Installation Date","ইনস্টলেশন তারিখ","label","","","scanned"
"code.page.site_address_mounting_loc","app\[tenantSlug]\delivery\page.tsx","delivery","Site Address & Mounting Location","সাইট ঠিকানা ও ফিটিংস লোকেশন","label","","","scanned"
"code.page.crew_team_equipment","app\[tenantSlug]\delivery\page.tsx","delivery","Crew Team & Equipment","টেকনিশিয়ান টিম ও সরঞ্জাম","label","","","scanned"
"code.page.lead_technician","app\[tenantSlug]\delivery\page.tsx","delivery","Lead Technician","প্রধান টেকনিশিয়ান","label","","","scanned"
"code.page.crew_members","app\[tenantSlug]\delivery\page.tsx","delivery","Crew Members","অন্যান্য সদস্য","label","","","scanned"
"code.page.required_safety_gear_rigg","app\[tenantSlug]\delivery\page.tsx","delivery","Required Safety Gear & Rigging Equipment","প্রয়োজনীয় নিরাপত্তা সরঞ্জাম ও যন্ত্রপাতি","label","","","scanned"
"code.page.cancel","app\[tenantSlug]\delivery\page.tsx","delivery","Cancel","বাতিল","label","","","scanned"
"code.page.dispatch_installation_tea","app\[tenantSlug]\delivery\page.tsx","delivery","Dispatch Installation Team","টিম শিডিউল করুন","label","","","scanned"
"code.page.back_to_design_studio","app\[tenantSlug]\design\[id]\page.tsx","[id]","Back to Design Studio","ডিজাইন স্টুডিওতে ফিরে যান","label","","","scanned"
"code.page.client_attachments_refere","app\[tenantSlug]\design\[id]\page.tsx","[id]","Client Attachments & Reference Files","গ্রাহকের রেফারেন্স ফাইল ও সংযুক্তি","label","","","scanned"
"code.page.customer_contact_profile","app\[tenantSlug]\design\[id]\page.tsx","[id]","Customer Contact & Profile","গ্রাহকের বিবরণ ও যোগাযোগ","label","","","scanned"
"code.page.item_specs_requirements","app\[tenantSlug]\design\[id]\page.tsx","[id]","Item Specs & Requirements","আইটেমের তথ্য ও টেকনিক্যাল স্পেসিফিকেশন","label","","","scanned"
"code.error.operational_view_encounte","app\[tenantSlug]\error.tsx","[tenantSlug]","Operational View Encountered an Error","পেজ লোড করতে সমস্যা দেখা দিয়েছে","label","","","scanned"
"code.error.retry_operation","app\[tenantSlug]\error.tsx","[tenantSlug]","Retry Operation","পুনরায় চেষ্টা করুন","label","","","scanned"
"code.error.return_to_dashboard","app\[tenantSlug]\error.tsx","[tenantSlug]","Return to Dashboard","ড্যাশবোর্ডে ফিরে যান","label","","","scanned"
"prop.title.finishing_fabrication_flo","app\[tenantSlug]\finishing\page.tsx","finishing","Finishing & Fabrication Floor","ফিনিশিং ও সাইনেজ ফেব্রিকেশন","title","","","scanned"
"prop.desc.post_press_binding_die_cu","app\[tenantSlug]\finishing\page.tsx","finishing","Post-press binding, die-cutting, acrylic 3D fabrication, neon wiring, and final QC inspection.","পোস্ট-প্রেস ফিনিশিং, বাইন্ডিং, এক্রিলিক ৩ডি ও নিয়ন ফেব্রিকেশন এবং কিউসি ইন্সপেকশন।","hint","","","scanned"
"code.page.production_board","app\[tenantSlug]\finishing\page.tsx","finishing","Production Board","প্রোডাকশন বোর্ড","label","","","scanned"
"code.page.delivery_challan_","app\[tenantSlug]\finishing\page.tsx","finishing","Delivery & Challan ➔","ডেলিভারি ও চালান ➔","label","","","scanned"
"code.page.operator_terminal","app\[tenantSlug]\finishing\page.tsx","finishing","Operator Terminal","অপারেটর টার্মিনাল","label","","","scanned"
"prop.title.total_tasks","app\[tenantSlug]\finishing\page.tsx","finishing","Total Tasks","মোট কাজ","title","","","scanned"
"prop.title.digital_wide","app\[tenantSlug]\finishing\page.tsx","finishing","Digital Wide","ডিজিটাল ফিনিশিং","title","","","scanned"
"prop.title.offset_binding","app\[tenantSlug]\finishing\page.tsx","finishing","Offset & Binding","অফসেট ও বাইন্ডিং","title","","","scanned"
"prop.title.signage_acrylic","app\[tenantSlug]\finishing\page.tsx","finishing","Signage & Acrylic","সাইনেজ ও এক্রিলিক","title","","","scanned"
"prop.title.active_on_bench","app\[tenantSlug]\finishing\page.tsx","finishing","Active on Bench","বেঞ্চে চলমান","title","","","scanned"
"prop.title.qc_passed_today","app\[tenantSlug]\finishing\page.tsx","finishing","QC Passed Today","আজ সম্পন্ন","title","","","scanned"
"code.page.search_job_task_customer_","app\[tenantSlug]\finishing\page.tsx","finishing","Search Job #, task, customer, product, material...","জব নম্বর, টাস্ক, কাস্টমার খুঁজুন...","label","","","scanned"
"code.page.start_bench_work","app\[tenantSlug]\finishing\page.tsx","finishing","Start Bench Work","কাজ শুরু করুন","label","","","scanned"
"code.page.pause_hold","app\[tenantSlug]\finishing\page.tsx","finishing","Pause / Hold","স্থগিত","label","","","scanned"
"code.page.qc_sign_off_complete","app\[tenantSlug]\finishing\page.tsx","finishing","QC Sign-Off & Complete","কিউসি পাস ও সম্পন্ন","label","","","scanned"
"code.page.qc_passed_ready_for_deliv","app\[tenantSlug]\finishing\page.tsx","finishing","QC Passed & Ready for Delivery","কিউসি পাস ও ডেলিভারির জন্য প্রস্তুত","label","","","scanned"
"code.page.no_finishing_or_fabricati","app\[tenantSlug]\finishing\page.tsx","finishing","No finishing or fabrication tasks in this station!","এই স্টেশনে কোনো কাজ অপেক্ষমাণ নেই!","label","","","scanned"
"code.page.all_post_press_lamination","app\[tenantSlug]\finishing\page.tsx","finishing","All post-press, lamination, and signage jobs are up to date.","সকল পোস্ট-প্রেস, লেমিনেশন ও সাইনেজ কাজ সম্পন্ন হয়েছে।","label","","","scanned"
"code.page.task_placed_on_hold_","app\[tenantSlug]\finishing\page.tsx","finishing","Task placed on hold.","কাজ সাময়িক স্থগিত করা হয়েছে।","label","","","scanned"
"code.page.finishing_quality_control","app\[tenantSlug]\finishing\page.tsx","finishing","Finishing Quality Control (QC) Sign-Off","কোয়ালিটি কন্ট্রোল (কিউসি) ও ডেলিভারি গেট","label","","","scanned"
"code.page.good_quantity_qc_passed_","app\[tenantSlug]\finishing\page.tsx","finishing","Good Quantity (QC Passed)","সঠিক পরিমাণ (পাস)","label","","","scanned"
"code.page.defect_rework_qty","app\[tenantSlug]\finishing\page.tsx","finishing","Defect / Rework Qty","ত্রুটি / রি-ওয়ার্ক","label","","","scanned"
"code.page.primary_defect_reason","app\[tenantSlug]\finishing\page.tsx","finishing","Primary Defect Reason","ত্রুটির প্রধান কারণ","label","","","scanned"
"code.page.inspector_craftsman_name","app\[tenantSlug]\finishing\page.tsx","finishing","Inspector / Craftsman Name","পরিদর্শক বা কারিগরের নাম","label","","","scanned"
"code.page.cancel","app\[tenantSlug]\finishing\page.tsx","finishing","Cancel","বাতিল","label","","","scanned"
"code.page.approving_qc_","app\[tenantSlug]\finishing\page.tsx","finishing","Approving QC...","অনুমোদন হচ্ছে...","label","","","scanned"
"prop.title.inventory_warehouse_opera","app\[tenantSlug]\inventory\page.tsx","inventory","Inventory & Warehouse Operations","ইনভেন্টরি ও ওয়্যারহাউস কন্ট্রোল","title","","","scanned"
"prop.desc.real_time_media_rolls_raw","app\[tenantSlug]\inventory\page.tsx","inventory","Real-time media rolls, raw stock valuation, store transfers, and live ledger accounting","লাইভ রোল ম্যানেজমেন্ট, কাঁচামাল স্টক হিসাব, স্টোর ট্রান্সফার ও স্বয়ংক্রিয় খতিয়ান","hint","","","scanned"
"code.page.task_info_copied_to_clipb","app\[tenantSlug]\operator\page.tsx","operator","Task info copied to clipboard!","টাস্ক তথ্য কপি করা হয়েছে!","label","","","scanned"
"code.page.machine_breakdown_logged_","app\[tenantSlug]\operator\page.tsx","operator","Machine breakdown logged! Station placed in Breakdown.","মেশিন নষ্টের তথ্য লিপিবদ্ধ হয়েছে এবং স্টেশন ডাউন করা হয়েছে।","label","","","scanned"
"prop.title.shop_floor_terminal","app\[tenantSlug]\operator\page.tsx","operator","Shop Floor Terminal","শপ ফ্লোর টার্মিনাল ও মেশিন কিউ","title","","","scanned"
"prop.desc.live_touch_optimized_term","app\[tenantSlug]\operator\page.tsx","operator","Live touch-optimized terminal: Select machine station, execute jobs, monitor runtime, and sign off scrap.","সহজ ও দ্রুত টার্মিনাল: মেশিন স্টেশন সিলেক্ট করুন, কাজ পরিচালনা করুন এবং মান যাচাই সম্পন্ন করুন।","hint","","","scanned"
"code.page.refresh","app\[tenantSlug]\operator\page.tsx","operator","Refresh","রিফ্রেশ","label","","","scanned"
"code.page.production_board","app\[tenantSlug]\operator\page.tsx","operator","Production Board","প্রোডাকশন বোর্ড","label","","","scanned"
"code.page.machinery_fleet","app\[tenantSlug]\operator\page.tsx","operator","Machinery Fleet","মেশিন বহর","label","","","scanned"
"prop.title.running_now","app\[tenantSlug]\operator\page.tsx","operator","Running Now","চলমান কাজ","title","","","scanned"
"prop.title.active_on_stations","app\[tenantSlug]\operator\page.tsx","operator","Active on stations","স্টেশনে কর্মরত","title","","","scanned"
"prop.title.paused","app\[tenantSlug]\operator\page.tsx","operator","Paused","স্থগিত","title","","","scanned"
"prop.title.temporarily_halted","app\[tenantSlug]\operator\page.tsx","operator","Temporarily halted","সাময়িকভাবে বন্ধ","title","","","scanned"
"prop.title.in_queue","app\[tenantSlug]\operator\page.tsx","operator","In Queue","কিউতে অপেক্ষমাণ","title","","","scanned"
"prop.title.ready_to_execute","app\[tenantSlug]\operator\page.tsx","operator","Ready to execute","উৎপাদনের জন্য প্রস্তুত","title","","","scanned"
"prop.title.on_hold","app\[tenantSlug]\operator\page.tsx","operator","On Hold","হোল্ড কৃত","title","","","scanned"
"prop.title.needs_attention","app\[tenantSlug]\operator\page.tsx","operator","Needs attention","পর্যালোচনা প্রয়োজন","title","","","scanned"
"prop.title.fleet_in_use","app\[tenantSlug]\operator\page.tsx","operator","Fleet In-Use","সচল মেশিন","title","","","scanned"
"prop.title.active_workstations","app\[tenantSlug]\operator\page.tsx","operator","Active workstations","কর্মরত মেশিন","title","","","scanned"
"code.page.finishing_fabrication_flo","app\[tenantSlug]\operator\page.tsx","operator","Finishing & Fabrication Floor ➔","ফিনিশিং ও ফেব্রিকেশন ফ্লোর ➔","label","","","scanned"
"code.page.active_workstation_machin","app\[tenantSlug]\operator\page.tsx","operator","Active Workstation / Machine Station","বর্তমান মেশিন স্টেশন","label","","","scanned"
"code.page.search_job_task_customer_","app\[tenantSlug]\operator\page.tsx","operator","Search Job #, task, customer...","জব নম্বর, টাস্ক খুঁজুন...","label","","","scanned"
"code.page.currently_active_tasks","app\[tenantSlug]\operator\page.tsx","operator","CURRENTLY ACTIVE TASKS","বর্তমানে সক্রিয় কাজ","label","","","scanned"
"code.page.paused","app\[tenantSlug]\operator\page.tsx","operator","PAUSED","স্থগিত","label","","","scanned"
"code.page.resume","app\[tenantSlug]\operator\page.tsx","operator","Resume","চালু করুন","label","","","scanned"
"code.page.pause","app\[tenantSlug]\operator\page.tsx","operator","Pause","স্থগিত","label","","","scanned"
"code.page.hold","app\[tenantSlug]\operator\page.tsx","operator","Hold","হোল্ড","label","","","scanned"
"code.page.breakdown","app\[tenantSlug]\operator\page.tsx","operator","Breakdown","নষ্ট","label","","","scanned"
"code.page.complete","app\[tenantSlug]\operator\page.tsx","operator","Complete","সম্পন্ন","label","","","scanned"
"code.page.upcoming_in_queue","app\[tenantSlug]\operator\page.tsx","operator","UPCOMING IN QUEUE","পরবর্তী কিউ","label","","","scanned"
"code.page.urgent","app\[tenantSlug]\operator\page.tsx","operator","Urgent","জরুরি","label","","","scanned"
"code.page.start","app\[tenantSlug]\operator\page.tsx","operator","Start","শুরু","label","","","scanned"
"code.page.actions","app\[tenantSlug]\operator\page.tsx","operator","Actions","অ্যাকশন","label","","","scanned"
"code.page.view_job_details","app\[tenantSlug]\operator\page.tsx","operator","View Job Details","জব বিস্তারিত দেখুন","label","","","scanned"
"code.page.place_task_on_hold","app\[tenantSlug]\operator\page.tsx","operator","Place Task on Hold","টাস্ক হোল্ড করুন","label","","","scanned"
"code.page.report_station_breakdown","app\[tenantSlug]\operator\page.tsx","operator","Report Station Breakdown","মেশিন নষ্ট রিপোর্ট","label","","","scanned"
"code.page.copy_task_info","app\[tenantSlug]\operator\page.tsx","operator","Copy Task Info","টাস্ক তথ্য কপি করুন","label","","","scanned"
"code.page.no_active_jobs_in_your_qu","app\[tenantSlug]\operator\page.tsx","operator","No active jobs in your queue!","আপনার কিউতে কোনো কাজ অপেক্ষমাণ নেই!","label","","","scanned"
"code.page.jobs_approved_from_design","app\[tenantSlug]\operator\page.tsx","operator","Jobs approved from design or scheduled from production board will appear here.","ডিজাইন অনুমোদিত বা প্রোডাকশন বোর্ড থেকে নির্ধারিত কাজ এখানে প্রদর্শিত হবে।","label","","","scanned"
"code.page.on_hold_problem_tasks","app\[tenantSlug]\operator\page.tsx","operator","ON HOLD / PROBLEM TASKS","হোল্ড কৃত কাজ","label","","","scanned"
"code.page.report_active_machine_bre","app\[tenantSlug]\operator\page.tsx","operator","Report Active Machine Breakdown","মেশিন নষ্ট / মেরামত রিপোর্ট","label","","","scanned"
"code.page.problem_headline","app\[tenantSlug]\operator\page.tsx","operator","Problem Headline","সমস্যার শিরোনাম","label","","","scanned"
"code.page.problem_description","app\[tenantSlug]\operator\page.tsx","operator","Problem Description","সমস্যার বিস্তারিত বিবরণ","label","","","scanned"
"code.page.cancel","app\[tenantSlug]\operator\page.tsx","operator","Cancel","বাতিল","label","","","scanned"
"code.page.reporting_","app\[tenantSlug]\operator\page.tsx","operator","Reporting...","রিপোর্ট হচ্ছে...","label","","","scanned"
"code.page.problem_reported_and_task","app\[tenantSlug]\operator\page.tsx","operator","Problem reported and task placed on hold.","সমস্যা রিপোর্ট করা হয়েছে এবং টাস্ক হোল্ডে রাখা হয়েছে।","label","","","scanned"
"code.page.delivered","app\[tenantSlug]\orders\page.tsx","orders","Delivered","ডেলিভারি সম্পন্ন","label","","","scanned"
"code.page.ready_for_delivery","app\[tenantSlug]\orders\page.tsx","orders","Ready for Delivery","ডেলিভারি রেডি","label","","","scanned"
"code.page.in_production","app\[tenantSlug]\orders\page.tsx","orders","In Production","প্রোডাকশনে","label","","","scanned"
"code.page.in_design","app\[tenantSlug]\orders\page.tsx","orders","In Design","ডিজাইনে","label","","","scanned"
"code.page.new_order","app\[tenantSlug]\orders\page.tsx","orders","New Order","নতুন অর্ডার","label","","","scanned"
"code.page.all","app\[tenantSlug]\orders\page.tsx","orders","All","সব","label","","","scanned"
"code.page.needs_attention","app\[tenantSlug]\orders\page.tsx","orders","Needs Attention","দৃষ্টি আকর্ষণ","label","","","scanned"
"code.page.design","app\[tenantSlug]\orders\page.tsx","orders","Design","ডিজাইন","label","","","scanned"
"code.page.approval","app\[tenantSlug]\orders\page.tsx","orders","Approval","অনুমোদন","label","","","scanned"
"code.page.production","app\[tenantSlug]\orders\page.tsx","orders","Production","প্রোডাকশন","label","","","scanned"
"code.page.finishing","app\[tenantSlug]\orders\page.tsx","orders","Finishing","ফিনিশিং","label","","","scanned"
"code.page.ready","app\[tenantSlug]\orders\page.tsx","orders","Ready","রেডি","label","","","scanned"
"code.page.delivery","app\[tenantSlug]\orders\page.tsx","orders","Delivery","ডেলিভারি","label","","","scanned"
"code.page.delivered","app\[tenantSlug]\orders\page.tsx","orders","Delivered","সম্পন্ন","label","","","scanned"
"prop.title.orders_jobs","app\[tenantSlug]\orders\page.tsx","orders","Orders & Jobs","অর্ডার ও জব","title","","","scanned"
"prop.desc.master_workflow_hub_intak","app\[tenantSlug]\orders\page.tsx","orders","Master workflow hub: intake, child jobs, production, and delivery tracking.","মাস্টার ওয়ার্কফ্লো হাব: অর্ডার গ্রহণ, চাইল্ড জব, প্রোডাকশন ও ডেলিভারি ট্র্যাকিং।","hint","","","scanned"
"code.page._new_work","app\[tenantSlug]\orders\page.tsx","orders","+ New Work","+ নতুন কাজ","label","","","scanned"
"code.page.needs_attention","app\[tenantSlug]\orders\page.tsx","orders","NEEDS ATTENTION","দৃষ্টি আকর্ষণ","label","","","scanned"
"code.page.jobs_waiting_approval","app\[tenantSlug]\orders\page.tsx","orders","jobs waiting approval","অনুমোদনের অপেক্ষায়","label","","","scanned"
"code.page.blocked_jobs","app\[tenantSlug]\orders\page.tsx","orders","blocked jobs","স্থগিত কাজ","label","","","scanned"
"code.page.delivery_ready","app\[tenantSlug]\orders\page.tsx","orders","delivery ready","ডেলিভারি প্রস্তুত","label","","","scanned"
"code.page.customer_dues","app\[tenantSlug]\orders\page.tsx","orders","customer dues","গ্রাহকের বকেয়া","label","","","scanned"
"code.page.loading_orders_","app\[tenantSlug]\orders\page.tsx","orders","Loading orders...","অর্ডার লোড হচ্ছে...","label","","","scanned"
"code.page.no_orders_found","app\[tenantSlug]\orders\page.tsx","orders","No orders found","কোনো অর্ডার পাওয়া যায়নি","label","","","scanned"
"code.page.loading_authoritative_ord","app\[tenantSlug]\orders\[id]\page.tsx","[id]","Loading authoritative order details...","অর্ডারের তথ্য লোড হচ্ছে...","label","","","scanned"
"code.page.back_to_orders_job_flow","app\[tenantSlug]\orders\[id]\page.tsx","[id]","Back to Orders & Job Flow","অর্ডার ও কাজের ফ্লো-তে ফিরে যান","label","","","scanned"
"code.page.sales_order_not_found","app\[tenantSlug]\orders\[id]\page.tsx","[id]","Sales Order Not Found","অর্ডার পাওয়া যায়নি","label","","","scanned"
"code.page.view_all_orders","app\[tenantSlug]\orders\[id]\page.tsx","[id]","View All Orders","সকল অর্ডার দেখুন","label","","","scanned"
"code.page.back_to_orders_jobs","app\[tenantSlug]\orders\[id]\page.tsx","[id]","Back to Orders & Jobs","অর্ডার ও কাজে ফিরে যান","label","","","scanned"
"prop.title.my_staff_hub","app\[tenantSlug]\portal\my-workforce\page.tsx","my-workforce","My Staff Hub","আমার হাজিরা ও বেতন পোর্টাল","title","","","scanned"
"prop.desc.personal_attendance_leave","app\[tenantSlug]\portal\my-workforce\page.tsx","my-workforce","Personal attendance, leave records, salary slips, overtime earnings, and advance salary balance.","আপনার ব্যক্তিগত হাজিরা, ছুটির হিসাব, বেতন পে-স্লিপ, ওভারটাইম অর্জন ও অগ্রিম বেতন।","hint","","","scanned"
"code.page.back_to_dashboard","app\[tenantSlug]\portal\my-workforce\page.tsx","my-workforce","Back to Dashboard","ড্যাশবোর্ডে ফিরুন","label","","","scanned"
"prop.title.price_settings","app\[tenantSlug]\pricing\page.tsx","pricing","Price Settings","মূল্য নির্ধারণ ও ট্যারিফ মাস্টার","title","","","scanned"
"prop.desc.manage_customer_specific_","app\[tenantSlug]\pricing\page.tsx","pricing","Manage customer-specific selling prices, margins, dimensional tariffs, finishing add-ons, and quotation multipliers.","খুচরা, পাইকারি, কর্পোরেট ও এজেন্ট দর, স্কয়ার ফিট ট্যারিফ এবং ফিনিশিং চার্জ নির্ধারণের পূর্ণাঙ্গ কন্ট্রোল সেন্টার।","hint","","","scanned"
"code.page.export_rate_sheet","app\[tenantSlug]\pricing\page.tsx","pricing","Export Rate Sheet","দর তালিকা ডাউনলোড","label","","","scanned"
"code.page.copy_tiers","app\[tenantSlug]\pricing\page.tsx","pricing","Copy Tiers","টায়ার কপি","label","","","scanned"
"code.page.bulk_adjust","app\[tenantSlug]\pricing\page.tsx","pricing","Bulk Adjust","একযোগে সমন্বয়","label","","","scanned"
"code.page.new_pricing_rule","app\[tenantSlug]\pricing\page.tsx","pricing","New Pricing Rule","নতুন মূল্য নিয়ম","label","","","scanned"
"code.page.total_catalog_items","app\[tenantSlug]\pricing\page.tsx","pricing","Total Catalog Items","মোট পণ্য ও সেবা","label","","","scanned"
"code.page.active_tier_rules","app\[tenantSlug]\pricing\page.tsx","pricing","Active Tier Rules","সক্রিয় মূল্য নিয়ম","label","","","scanned"
"code.page.finishing_tariffs","app\[tenantSlug]\pricing\page.tsx","pricing","Finishing Tariffs","ফিনিশিং ট্যারিফ","label","","","scanned"
"code.page.printing_methods","app\[tenantSlug]\pricing\page.tsx","pricing","Printing Methods","প্রিন্টিং মেথড","label","","","scanned"
"code.page.avg_retail_margin","app\[tenantSlug]\pricing\page.tsx","pricing","Avg Retail Margin","গড় খুচরা মুনাফা","label","","","scanned"
"code.page.no_active_margin_data","app\[tenantSlug]\pricing\page.tsx","pricing","No active margin data","কোনো মার্জিন ডেটা নেই","label","","","scanned"
"code.page.healthy_gross_margin","app\[tenantSlug]\pricing\page.tsx","pricing","Healthy gross margin","স্বাস্থ্যকর মোট মুনাফা","label","","","scanned"
"code.page.moderate_margin","app\[tenantSlug]\pricing\page.tsx","pricing","Moderate margin","মাঝারি মুনাফা","label","","","scanned"
"code.page.low_margin_alert","app\[tenantSlug]\pricing\page.tsx","pricing","Low margin alert","কম মুনাফার সতর্কতা","label","","","scanned"
"code.page.edit_customer_pricing_rul","app\[tenantSlug]\pricing\page.tsx","pricing","Edit Customer Pricing Rule","মূল্য নির্ধারণ নিয়ম সম্পাদনা","label","","","scanned"
"code.page.create_customer_pricing_r","app\[tenantSlug]\pricing\page.tsx","pricing","Create Customer Pricing Rule","নতুন গ্রাহক মূল্য নির্ধারণ নিয়ম","label","","","scanned"
"code.page.select_product_service","app\[tenantSlug]\pricing\page.tsx","pricing","Select Product / Service","পণ্য / সেবা নির্বাচন করুন","label","","","scanned"
"code.page.customer_category_tier","app\[tenantSlug]\pricing\page.tsx","pricing","Customer Category Tier","গ্রাহকের ধরন","label","","","scanned"
"code.page.pricing_rule_type","app\[tenantSlug]\pricing\page.tsx","pricing","Pricing Rule Type","মূল্য নিয়মের ধরন","label","","","scanned"
"code.page.adjustment_value_e_g_15_f","app\[tenantSlug]\pricing\page.tsx","pricing","Adjustment Value (e.g. -15 for 15% discount)","সমন্বয় মান","label","","","scanned"
"code.page.fixed_override_price","app\[tenantSlug]\pricing\page.tsx","pricing","Fixed Override Price","সরাসরি নির্ধারিত মূল্য","label","","","scanned"
"code.page.rounding_rule","app\[tenantSlug]\pricing\page.tsx","pricing","Rounding Rule","রাউন্ডিং নিয়ম","label","","","scanned"
"code.page.cancel","app\[tenantSlug]\pricing\page.tsx","pricing","Cancel","বাতিল","label","","","scanned"
"code.page.save_rule","app\[tenantSlug]\pricing\page.tsx","pricing","Save Rule","নিয়ম সংরক্ষণ","label","","","scanned"
"code.page.bulk_category_product_pri","app\[tenantSlug]\pricing\page.tsx","pricing","Bulk Category / Product Pricing Adjustment","একযোগে মূল্য সমন্বয়","label","","","scanned"
"code.page.clone_copy_pricing_tiers","app\[tenantSlug]\pricing\page.tsx","pricing","Clone / Copy Pricing Tiers","মূল্য টায়ার কপি করুন","label","","","scanned"
"prop.title.materials_consumption","app\[tenantSlug]\production\floor-consumption\page.tsx","floor-consumption","Materials & Consumption","কাঁচামাল ও ফ্লোর খরচ","title","","","scanned"
"prop.desc.real_time_press_floor_mat","app\[tenantSlug]\production\floor-consumption\page.tsx","floor-consumption","Real-time press floor material usage, physical roll off-cut tracking, job-linked substrate consumption & live scrap telemetry","প্রিন্ট ফ্লোর রিয়েল-টাইম মেটেরিয়াল ব্যবহার, রোল কাটিং ট্র্যাকিং, জব ভিত্তিক মেটেরিয়াল কনজাম্পশন ও স্ক্র্যাপ অডিট","hint","","","scanned"
"prop.title.machineries_equipment_fle","app\[tenantSlug]\production\machineries\page.tsx","machineries","Machineries & Equipment Fleet","মেশিনারিজ ও ইকুইপমেন্ট বহর","title","","","scanned"
"prop.desc.operational_machine_regis","app\[tenantSlug]\production\machineries\page.tsx","machineries","Operational machine registry, live floor availability, job scheduling, preventive maintenance & breakdown tracking.","কারখানার সব প্রিন্টার, লেজার, সিএনসি ও যন্ত্রপাতির লাইভ স্ট্যাটাস, কাজ বরাদ্দ এবং রক্ষণাবেক্ষণ পরিচালনা।","hint","","","scanned"
"prop.title.printing_floor_production","app\[tenantSlug]\production\page.tsx","production","Printing Floor & Production","প্রোডাকশন প্ল্যানিং ও প্রিন্টিং ফ্লোর","title","","","scanned"
"prop.desc.live_machine_dispatching_","app\[tenantSlug]\production\page.tsx","production","Live machine dispatching, multi-stage task progression, shop floor execution, and operator tracking.","টাস্ক শিডিউলিং, মেশিনে রানিং কাজের পর্যবেক্ষণ, ফ্লোর এক্সিকিউশন ও অপারেটর ট্র্যাকিং।","hint","","","scanned"
"code.page.new_work_order","app\[tenantSlug]\production\page.tsx","production","New Work Order","নতুন ওয়ার্ক অর্ডার","label","","","scanned"
"code.page.add_work_order","app\[tenantSlug]\production\page.tsx","production","Add Work Order","ওয়ার্ক অর্ডার তৈরি করুন","label","","","scanned"
"code.page.actions","app\[tenantSlug]\products\page.tsx","products","Actions","অ্যাকশন","label","","","scanned"
"code.page.fast_quote_calculator","app\[tenantSlug]\products\page.tsx","products","Fast Quote Calculator","কোটেশন ক্যালকুলেটর","label","","","scanned"
"code.page.adjust_price_margin","app\[tenantSlug]\products\page.tsx","products","Adjust Price & Margin","মূল্য ও মার্জিন নির্ধারণ","label","","","scanned"
"code.page.edit_details_specs","app\[tenantSlug]\products\page.tsx","products","Edit Details & Specs","তথ্য ও স্পেসিফিকেশন","label","","","scanned"
"code.page.open_product_cockpit","app\[tenantSlug]\products\page.tsx","products","Open Product Cockpit","প্রোডাক্ট ককপিট","label","","","scanned"
"code.page.archive_item","app\[tenantSlug]\products\page.tsx","products","Archive Item","আইটেম আর্কাইভ করুন","label","","","scanned"
"code.page.restore_item","app\[tenantSlug]\products\page.tsx","products","Restore Item","আইটেম পুনরুদ্ধার করুন","label","","","scanned"
"code.page.delete_item","app\[tenantSlug]\products\page.tsx","products","Delete Item","আইটেম মুছে ফেলুন","label","","","scanned"
"prop.title.products_commercial_maste","app\[tenantSlug]\products\page.tsx","products","Products & Commercial Masters","পণ্য ও বাণিজ্যিক মাস্টার্স","title","","","scanned"
"prop.desc.unified_commercial_catalo","app\[tenantSlug]\products\page.tsx","products","Unified commercial catalog • Print services, ready products, raw materials, finishing & logistics tariffs","প্রিন্টিং সার্ভিস, রেডি প্রোডাক্ট, কাঁচামাল, ফিনিশিং ও ডেলিভারি ট্যারিফ নিয়ন্ত্রণ কেন্দ্র","hint","","","scanned"
"code.page.new_product_service","app\[tenantSlug]\products\page.tsx","products","New Product / Service","নতুন পণ্য / সেবা","label","","","scanned"
"code.page.back_to_purchases","app\[tenantSlug]\purchases\price-history\page.tsx","price-history","Back to Purchases","ক্রয় তালিকায় ফিরুন","label","","","scanned"
"prop.title.supplier_price_history","app\[tenantSlug]\purchases\price-history\page.tsx","price-history","Supplier Price History","মহাজনদের দর ইতিহাস ও অ্যানালিটিক্স","title","","","scanned"
"prop.desc.historical_purchase_costs","app\[tenantSlug]\purchases\price-history\page.tsx","price-history","Historical purchase costs across vendors, tracking price shifts, volume discounts, and lowest procurement ceilings.","বিভিন্ন মহাজনের ঐতিহাসিক ক্রয়মূল্য, মূল্য পরিবর্তন ট্র্যাকিং এবং সুলভ রেট যাচাই।","hint","","","scanned"
"prop.title.quotations","app\[tenantSlug]\quotations\page.tsx","quotations","Quotations","কোটেশন","title","","","scanned"
"prop.desc.commercial_sales_control_","app\[tenantSlug]\quotations\page.tsx","quotations","Commercial sales-control center: track active proposals, urgent follow-ups, margins & conversions","বাণিজ্যিক সেলস কন্ট্রোল সেন্টার: চলতি কোটেশন, দ্রুত ফলো-আপ, মার্জিন ও অর্ডার কনভার্সন","hint","","","scanned"
"code.page.new_quotation","app\[tenantSlug]\quotations\page.tsx","quotations","New Quotation","নতুন কোটেশন","label","","","scanned"
"prop.title.total_quoted","app\[tenantSlug]\quotations\page.tsx","quotations","Total Quoted","মোট প্রস্তাবনা","title","","","scanned"
"prop.title.accepted_won","app\[tenantSlug]\quotations\page.tsx","quotations","Accepted / Won","অনুমোদিত / গৃহীত","title","","","scanned"
"prop.title.active_pipeline","app\[tenantSlug]\quotations\page.tsx","quotations","Active Pipeline","চলতি পাইপলাইন","title","","","scanned"
"prop.title.expiring_soon","app\[tenantSlug]\quotations\page.tsx","quotations","Expiring Soon","মেয়াদোত্তীর্ণের পথে","title","","","scanned"
"prop.title.avg_deal_value","app\[tenantSlug]\quotations\page.tsx","quotations","Avg Deal Value","গড় ডিল মূল্য","title","","","scanned"
"prop.title.win_rate","app\[tenantSlug]\quotations\page.tsx","quotations","Win Rate","জয়ের হার","title","","","scanned"
"code.page.today","app\[tenantSlug]\quotations\page.tsx","quotations","Today","আজ","label","","","scanned"
"code.page.this_week","app\[tenantSlug]\quotations\page.tsx","quotations","This Week","এই সপ্তাহ","label","","","scanned"
"code.page.this_month","app\[tenantSlug]\quotations\page.tsx","quotations","This Month","এই মাস","label","","","scanned"
"code.page.all_time","app\[tenantSlug]\quotations\page.tsx","quotations","All Time","সর্বমোট","label","","","scanned"
"code.page.custom_date","app\[tenantSlug]\quotations\page.tsx","quotations","Custom Date","কাস্টম তারিখ","label","","","scanned"
"code.page.branch_reports_restricted","app\[tenantSlug]\reports\branches\page.tsx","branches","Branch Reports Restricted","শাখা রিপোর্ট সীমিত","label","","","scanned"
"code.page.return_to_dashboard","app\[tenantSlug]\reports\branches\page.tsx","branches","Return to Dashboard","ড্যাশবোর্ডে ফিরুন","label","","","scanned"
"code.page.back_to_bi_reports","app\[tenantSlug]\reports\branches\page.tsx","branches","Back to BI Reports","মূল বিআই রিপোর্টে ফিরে যান","label","","","scanned"
"code.page.multi_branch_telemetry","app\[tenantSlug]\reports\branches\page.tsx","branches","Multi-Branch Telemetry","মাল্টি-ব্রাঞ্চ টেলিমেট্রি","label","","","scanned"
"code.page.job_costing","app\[tenantSlug]\reports\branches\page.tsx","branches","Job Costing","কস্টিং","label","","","scanned"
"code.page.opex_accounting","app\[tenantSlug]\reports\branches\page.tsx","branches","OPEX Accounting","হিসাবরক্ষণ","label","","","scanned"
"code.page.salary_reports","app\[tenantSlug]\reports\branches\page.tsx","branches","Salary Reports","বেতন রিপোর্ট","label","","","scanned"
"prop.title.multi_branch_management_a","app\[tenantSlug]\reports\branches\page.tsx","branches","Multi-Branch Management & Analytics","মাল্টি-ব্রাঞ্চ ব্যবস্থাপনা ও অ্যানালিটিক্স","title","","","scanned"
"prop.desc.live_telemetry_performanc","app\[tenantSlug]\reports\branches\page.tsx","branches","Live telemetry, performance KPIs, branch comparison matrix and cross-branch logistics across Dhaka printing hubs.","আরামবাগ, নীলক্ষেত, তেজগাঁও ও নয়াবাজার শাখা সমূহের লাইভ টেলিমেট্রি, পারফরম্যান্স তুলনা এবং সমন্বিত ড্যাশবোর্ড।","hint","","","scanned"
"code.page.today","app\[tenantSlug]\reports\branches\page.tsx","branches","Today","আজ","label","","","scanned"
"code.page.this_week","app\[tenantSlug]\reports\branches\page.tsx","branches","This Week","এই সপ্তাহ","label","","","scanned"
"code.page.this_month","app\[tenantSlug]\reports\branches\page.tsx","branches","This Month","এই মাস","label","","","scanned"
"code.page.this_quarter","app\[tenantSlug]\reports\branches\page.tsx","branches","This Quarter","এই কোয়ার্টার","label","","","scanned"
"code.page.all_time","app\[tenantSlug]\reports\branches\page.tsx","branches","All Time","সর্বকাল","label","","","scanned"
"code.page.export_csv","app\[tenantSlug]\reports\branches\page.tsx","branches","Export CSV","এক্সপোর্ট","label","","","scanned"
"code.page.print","app\[tenantSlug]\reports\branches\page.tsx","branches","Print","প্রিন্ট","label","","","scanned"
"code.page.refresh_data","app\[tenantSlug]\reports\branches\page.tsx","branches","Refresh Data","রিফ্রেশ করুন","label","","","scanned"
"code.page.branch_kpis","app\[tenantSlug]\reports\branches\page.tsx","branches","Branch KPIs","শাখার কেপিআই","label","","","scanned"
"code.page.branch_comparison_matrix","app\[tenantSlug]\reports\branches\page.tsx","branches","Branch Comparison Matrix","শাখা তুলনা ম্যাট্রিক্স","label","","","scanned"
"code.page.consolidated_company_view","app\[tenantSlug]\reports\branches\page.tsx","branches","Consolidated Company View","সমন্বিত কোম্পানি ভিউ","label","","","scanned"
"code.page.loading_multi_branch_tele","app\[tenantSlug]\reports\branches\page.tsx","branches","Loading multi-branch telemetry...","মাল্টি-ব্রাঞ্চ টেলিমেট্রি লোড হচ্ছে...","label","","","scanned"
"prop.title.total_revenue","app\[tenantSlug]\reports\branches\page.tsx","branches","Total Revenue","মোট বিক্রয়","title","","","scanned"
"prop.title.gross_profit","app\[tenantSlug]\reports\branches\page.tsx","branches","Gross Profit","মোট লাভ","title","","","scanned"
"prop.title.customer_due","app\[tenantSlug]\reports\branches\page.tsx","branches","Customer Due","বাকি পাওনা","title","","","scanned"
"prop.title.stock_valuation","app\[tenantSlug]\reports\branches\page.tsx","branches","Stock Valuation","স্টক মূল্যায়ন","title","","","scanned"
"prop.title.total_revenue","app\[tenantSlug]\reports\page.tsx","reports","Total Revenue","মোট রাজস্ব","title","","","scanned"
"prop.title.gross_profit","app\[tenantSlug]\reports\page.tsx","reports","Gross Profit","মোট লাভ","title","","","scanned"
"prop.title.total_jobs","app\[tenantSlug]\reports\page.tsx","reports","Total Jobs","মোট কাজ","title","","","scanned"
"prop.title.total_expenses","app\[tenantSlug]\reports\page.tsx","reports","Total Expenses","মোট খরচ","title","","","scanned"
"prop.title.net_profit","app\[tenantSlug]\reports\page.tsx","reports","Net Profit","নিট লাভ","title","","","scanned"
"prop.title.operating_bottomline","app\[tenantSlug]\reports\page.tsx","reports","Operating Bottomline","পরিচালন ফলাফল","title","","","scanned"
"prop.title.production_cost","app\[tenantSlug]\reports\page.tsx","reports","Production Cost","উৎপাদন খরচ","title","","","scanned"
"prop.title.material_floor_cost","app\[tenantSlug]\reports\page.tsx","reports","Material & Floor Cost","উপাদান ও ফ্লোর খরচ","title","","","scanned"
"prop.title.avg_order_value","app\[tenantSlug]\reports\page.tsx","reports","Avg Order Value","গড় অর্ডার মূল্য","title","","","scanned"
"prop.title.per_invoice_average","app\[tenantSlug]\reports\page.tsx","reports","Per Invoice Average","প্রতি চালানের গড়","title","","","scanned"
"prop.title.active_work_orders","app\[tenantSlug]\reports\page.tsx","reports","Active Work Orders","চলমান ওয়ার্ক অর্ডার","title","","","scanned"
"prop.title.production_pipeline","app\[tenantSlug]\reports\page.tsx","reports","Production Pipeline","উৎপাদন পাইপলাইন","title","","","scanned"
"prop.title.new_work","app\[tenantSlug]\sales\new-work\page.tsx","new-work","New Work","নতুন কাজ","title","","","scanned"
"prop.desc.frictionless_order_intake","app\[tenantSlug]\sales\new-work\page.tsx","new-work","Frictionless order intake: select customer, dimensions, material, and send straight to the floor.","সহজ ও দ্রুত কাজের এন্ট্রি: কাস্টমার, সাইজ, মিডিয়া নির্বাচন করুন এবং সরাসরি প্রোডাকশনে পাঠান।","hint","","","scanned"
"prop.title.commercial_sales_manageme","app\[tenantSlug]\sales\page.tsx","sales","Commercial & Sales Management","কমার্শিয়াল ও সেলস ম্যানেজমেন্ট","title","","","scanned"
"prop.desc.crm_leads_dimensional_quo","app\[tenantSlug]\sales\page.tsx","sales","CRM leads, dimensional quotations, booked job orders, advance payments, and customer delivery schedules.","সিআরএম লিড, পরিমাপভিত্তিক কোটেশন, বুক করা জব অর্ডার, অগ্রিম আদায় ও ডেলিভারি সময়সূচী।","hint","","","scanned"
"code.page.role_sales_manager","app\[tenantSlug]\sales\page.tsx","sales","Role: Sales Manager","রোল: সেলস ম্যানেজার","label","","","scanned"
"code.page.new_quotation","app\[tenantSlug]\sales\page.tsx","sales","New Quotation","নতুন কোটেশন","label","","","scanned"
"prop.title.today","app\[tenantSlug]\sales\page.tsx","sales","Today","আজকের বিক্রয় বুকিং","title","","","scanned"
"prop.title.pending_quotations","app\[tenantSlug]\sales\page.tsx","sales","Pending Quotations","অপেক্ষমান দরপ্রস্তাব","title","","","scanned"
"prop.title.active_orders","app\[tenantSlug]\sales\page.tsx","sales","Active Orders","সক্রিয় জব অর্ডার","title","","","scanned"
"prop.title.direct_production_pipelin","app\[tenantSlug]\sales\page.tsx","sales","Direct production pipeline","উৎপাদন পাইপলাইন","title","","","scanned"
"prop.title.ready_for_delivery","app\[tenantSlug]\sales\page.tsx","sales","Ready for Delivery","ডেলিভারির জন্য প্রস্তুত","title","","","scanned"
"code.page.generate_challans","app\[tenantSlug]\sales\page.tsx","sales","Generate Challans","চালান তৈরি করুন","label","","","scanned"
"code.page.active_quotations","app\[tenantSlug]\sales\page.tsx","sales","Active Quotations","দরপ্রস্তাব","label","","","scanned"
"code.page.booked_job_orders","app\[tenantSlug]\sales\page.tsx","sales","Booked Job Orders","জব অর্ডার","label","","","scanned"
"code.page.corporate_leads","app\[tenantSlug]\sales\page.tsx","sales","Corporate Leads","কর্পোরেট লিড","label","","","scanned"
"prop.title.attendance_setup","app\[tenantSlug]\settings\attendance\page.tsx","attendance","Attendance Setup","কর্মস্থল লোকেশন ও কিউআর ব্যবস্থাপনা","title","","","scanned"
"prop.desc.configure_physical_workpl","app\[tenantSlug]\settings\attendance\page.tsx","attendance","Configure physical workplace GPS boundaries, generate rotatable cryptographic QR tokens, and print on-site entrance posters.","কর্মস্থলের জিপিএস সীমানা নির্ধারণ করুন, কিউআর কোড তৈরি ও রোটেট করুন এবং অন-সাইট পোস্টার প্রিন্ট করুন।","hint","","","scanned"
"code.page.refresh","app\[tenantSlug]\settings\attendance\page.tsx","attendance","Refresh","রিফ্রেশ","label","","","scanned"
"code.page.refresh","app\[tenantSlug]\settings\attendance\page.tsx","attendance","Refresh","রিফ্রেশ","label","","","scanned"
"code.page.add_location","app\[tenantSlug]\settings\attendance\page.tsx","attendance","Add Location","নতুন লোকেশন","label","","","scanned"
"prop.title.total_locations","app\[tenantSlug]\settings\attendance\page.tsx","attendance","Total Locations","মোট লোকেশন","title","","","scanned"
"prop.title.configured_sites","app\[tenantSlug]\settings\attendance\page.tsx","attendance","Configured Sites","নির্ধারিত সাইট","title","","","scanned"
"prop.title.active_geofences","app\[tenantSlug]\settings\attendance\page.tsx","attendance","Active Geofences","সক্রিয় জিওফেন্স","title","","","scanned"
"prop.title.enforcing_gps_bounds","app\[tenantSlug]\settings\attendance\page.tsx","attendance","Enforcing GPS Bounds","জিপিএস বলয় সক্রিয়","title","","","scanned"
"prop.title.rotatable_qr_tokens","app\[tenantSlug]\settings\attendance\page.tsx","attendance","Rotatable QR Tokens","রোটেট কিউআর টোকেন","title","","","scanned"
"prop.title.live_cryptographic_termin","app\[tenantSlug]\settings\attendance\page.tsx","attendance","Live Cryptographic Terminals","লাইভ সিকিউর টার্মিনাল","title","","","scanned"
"prop.title.corrections_inbox","app\[tenantSlug]\settings\attendance\page.tsx","attendance","Corrections Inbox","সংশোধন আবেদন","title","","","scanned"
"code.page.attendance_locations","app\[tenantSlug]\settings\attendance\page.tsx","attendance","Attendance Locations","কর্মস্থল লোকেশন","label","","","scanned"
"code.page.qr_management_posters","app\[tenantSlug]\settings\attendance\page.tsx","attendance","QR Management & Posters","কিউআর ও পোস্টার","label","","","scanned"
"code.page.correction_requests","app\[tenantSlug]\settings\attendance\page.tsx","attendance","Correction Requests","সংশোধন অনুরোধ","label","","","scanned"
"code.page.audit_log","app\[tenantSlug]\settings\attendance\page.tsx","attendance","Audit Log","অডিট হিস্ট্রি","label","","","scanned"
"code.page.search_locations_or_addre","app\[tenantSlug]\settings\attendance\page.tsx","attendance","Search locations or addresses...","লোকেশন বা ঠিকানা খুঁজুন...","label","","","scanned"
"code.page.all_branches","app\[tenantSlug]\settings\attendance\page.tsx","attendance","All Branches","সকল শাখা","label","","","scanned"
"code.page.all_statuses","app\[tenantSlug]\settings\attendance\page.tsx","attendance","All Statuses","সকল স্ট্যাটাস","label","","","scanned"
"code.page.active_only","app\[tenantSlug]\settings\attendance\page.tsx","attendance","Active Only","শুধু সক্রিয়","label","","","scanned"
"code.page.disabled_only","app\[tenantSlug]\settings\attendance\page.tsx","attendance","Disabled Only","নিষ্ক্রিয়","label","","","scanned"
"code.page.no_attendance_locations_f","app\[tenantSlug]\settings\attendance\page.tsx","attendance","No Attendance Locations Found","কোন কর্মস্থল লোকেশন পাওয়া যায়নি","label","","","scanned"
"code.page.no_locations_match_your_f","app\[tenantSlug]\settings\attendance\page.tsx","attendance","No locations match your filter criteria.","আপনার ফিল্টারের সাথে কোনো লোকেশন মিলেনি।","label","","","scanned"
"code.page.create_location","app\[tenantSlug]\settings\attendance\page.tsx","attendance","Create Location","লোকেশন তৈরি করুন","label","","","scanned"
"code.page.active_geofence","app\[tenantSlug]\settings\attendance\page.tsx","attendance","Active Geofence","সক্রিয় জিওফেন্স","label","","","scanned"
"code.page.gps_center","app\[tenantSlug]\settings\attendance\page.tsx","attendance","GPS Center","জিপিএস অবস্থান","label","","","scanned"
"code.page.radius_geofence","app\[tenantSlug]\settings\attendance\page.tsx","attendance","Radius Geofence","অনুমোদিত ব্যাসার্ধ","label","","","scanned"
"code.page.max_tolerance","app\[tenantSlug]\settings\attendance\page.tsx","attendance","Max Tolerance","সর্বোচ্চ নির্ভুলতা","label","","","scanned"
"code.page.token_prefix","app\[tenantSlug]\settings\attendance\page.tsx","attendance","Token Prefix","কিউআর টোকেন","label","","","scanned"
"code.page.poster","app\[tenantSlug]\settings\attendance\page.tsx","attendance","Poster","পোস্টার","label","","","scanned"
"code.page.vector","app\[tenantSlug]\settings\attendance\page.tsx","attendance","Vector","ভেক্টর","label","","","scanned"
"code.page.rotate","app\[tenantSlug]\settings\attendance\page.tsx","attendance","Rotate","রোটেট","label","","","scanned"
"code.page.qr_codes_physical_termina","app\[tenantSlug]\settings\attendance\page.tsx","attendance","QR Codes & Physical Terminal Management","কিউআর কোড ও ফিজিক্যাল টার্মিনাল","label","","","scanned"
"code.page.no_active_locations_avail","app\[tenantSlug]\settings\attendance\page.tsx","attendance","No active locations available for QR management.","কিউআর ব্যবস্থাপনার জন্য কোনো সক্রিয় লোকেশন নেই।","label","","","scanned"
"code.page.employee_attendance_corre","app\[tenantSlug]\settings\attendance\page.tsx","attendance","Employee Attendance Corrections Inbox","হাজিরা সংশোধন ইনবক্স","label","","","scanned"
"code.page.all_corrections","app\[tenantSlug]\settings\attendance\page.tsx","attendance","All Corrections","সকল আবেদন","label","","","scanned"
"code.page.pending_only","app\[tenantSlug]\settings\attendance\page.tsx","attendance","Pending Only","অপেক্ষমান","label","","","scanned"
"code.page.approved_only","app\[tenantSlug]\settings\attendance\page.tsx","attendance","Approved Only","অনুমোদিত","label","","","scanned"
"code.page.rejected_only","app\[tenantSlug]\settings\attendance\page.tsx","attendance","Rejected Only","প্রত্যাখ্যাত","label","","","scanned"
"code.page.no_correction_requests_fo","app\[tenantSlug]\settings\attendance\page.tsx","attendance","No correction requests found matching filter.","কোনো সংশোধন আবেদন পাওয়া যায়নি।","label","","","scanned"
"code.page.authoritative_attendance_","app\[tenantSlug]\settings\attendance\page.tsx","attendance","Authoritative Attendance Audit Trail","নিরাপদ অডিট ট্রেইল","label","","","scanned"
"code.page.all_actions","app\[tenantSlug]\settings\attendance\page.tsx","attendance","All Actions","সকল কার্যক্রম","label","","","scanned"
"code.page.location_events","app\[tenantSlug]\settings\attendance\page.tsx","attendance","Location Events","লোকেশন ইভেন্ট","label","","","scanned"
"code.page.qr_rotations","app\[tenantSlug]\settings\attendance\page.tsx","attendance","QR Rotations","কিউআর রোটেশন","label","","","scanned"
"code.page.punch_events","app\[tenantSlug]\settings\attendance\page.tsx","attendance","Punch Events","উপস্থিতি পাঞ্চ","label","","","scanned"
"code.page.no_audit_entries_matching","app\[tenantSlug]\settings\attendance\page.tsx","attendance","No audit entries matching filter.","কোনো অডিট লগ পাওয়া যায়নি।","label","","","scanned"
"code.page.add_new_attendance_locati","app\[tenantSlug]\settings\attendance\page.tsx","attendance","Add New Attendance Location","নতুন কর্মস্থল লোকেশন যুক্ত করুন","label","","","scanned"
"code.page.location_name","app\[tenantSlug]\settings\attendance\page.tsx","attendance","Location Name","লোকেশন নাম","label","","","scanned"
"code.page.assign_to_branch","app\[tenantSlug]\settings\attendance\page.tsx","attendance","Assign to Branch","শাখা নির্বাচন","label","","","scanned"
"code.page.default_company_location_","app\[tenantSlug]\settings\attendance\page.tsx","attendance","Default Company Location (All Branches)","ডিফল্ট কেন্দ্রীয় লোকেশন (সকল শাখা)","label","","","scanned"
"code.page.address","app\[tenantSlug]\settings\attendance\page.tsx","attendance","Address","ঠিকানা","label","","","scanned"
"code.page.geofence_gps_coordinates","app\[tenantSlug]\settings\attendance\page.tsx","attendance","Geofence GPS Coordinates","জিওফেন্স জিপিএস কো-অর্ডিনেট","label","","","scanned"
"code.page.detecting_gps_","app\[tenantSlug]\settings\attendance\page.tsx","attendance","Detecting GPS...","জিপিএস ধরা হচ্ছে...","label","","","scanned"
"code.page.latitude_n_","app\[tenantSlug]\settings\attendance\page.tsx","attendance","Latitude (°N)","অক্ষাংশ","label","","","scanned"
"code.page.longitude_e_","app\[tenantSlug]\settings\attendance\page.tsx","attendance","Longitude (°E)","দ্রাঘিমাংশ","label","","","scanned"
"code.page.allowed_punch_circle_diam","app\[tenantSlug]\settings\attendance\page.tsx","attendance","Allowed punch circle diameter.","অনুমোদিত উপস্থিতি বলয়।","label","","","scanned"
"code.page.rejects_inaccurate_gps_sa","app\[tenantSlug]\settings\attendance\page.tsx","attendance","Rejects inaccurate GPS satellite signals.","দুর্বল জিপিএস সিগন্যাল বাতিল করবে।","label","","","scanned"
"code.page.cancel","app\[tenantSlug]\settings\attendance\page.tsx","attendance","Cancel","বাতিল","label","","","scanned"
"code.page.creating_","app\[tenantSlug]\settings\attendance\page.tsx","attendance","Creating...","তৈরি হচ্ছে...","label","","","scanned"
"code.page.edit_attendance_location","app\[tenantSlug]\settings\attendance\page.tsx","attendance","Edit Attendance Location","লোকেশন সম্পাদনা করুন","label","","","scanned"
"code.page.update_location_details_a","app\[tenantSlug]\settings\attendance\page.tsx","attendance","Update location details and geofence parameters.","লোকেশন তথ্য ও জিপিএস বলয় পরিবর্তন করুন।","label","","","scanned"
"code.page.location_name","app\[tenantSlug]\settings\attendance\page.tsx","attendance","Location Name","লোকেশন নাম","label","","","scanned"
"code.page.branch","app\[tenantSlug]\settings\attendance\page.tsx","attendance","Branch","শাখা","label","","","scanned"
"code.page.default_company_location_","app\[tenantSlug]\settings\attendance\page.tsx","attendance","Default Company Location (All Branches)","ডিফল্ট কেন্দ্রীয় লোকেশন (সকল শাখা)","label","","","scanned"
"code.page.address","app\[tenantSlug]\settings\attendance\page.tsx","attendance","Address","ঠিকানা","label","","","scanned"
"code.page.latitude_n_","app\[tenantSlug]\settings\attendance\page.tsx","attendance","Latitude (°N)","অক্ষাংশ","label","","","scanned"
"code.page.longitude_e_","app\[tenantSlug]\settings\attendance\page.tsx","attendance","Longitude (°E)","দ্রাঘিমাংশ","label","","","scanned"
"code.page.active_geofence_location","app\[tenantSlug]\settings\attendance\page.tsx","attendance","Active Geofence Location","সক্রিয় উপস্থিতি বলয়","label","","","scanned"
"code.page.cancel","app\[tenantSlug]\settings\attendance\page.tsx","attendance","Cancel","বাতিল","label","","","scanned"
"code.page.saving_","app\[tenantSlug]\settings\attendance\page.tsx","attendance","Saving...","সংরক্ষণ হচ্ছে...","label","","","scanned"
"code.page.delete_location_qr_termin","app\[tenantSlug]\settings\attendance\page.tsx","attendance","Delete Location & QR Terminal?","লোকেশন ও কিউআর টার্মিনাল মুছবেন?","label","","","scanned"
"prop.title.workflow_automations_engi","app\[tenantSlug]\settings\automations\page.tsx","automations","Workflow Automations Engine","কাজের অটোমেশন ও পাইপলাইন","title","","","scanned"
"prop.desc.automate_quotation_conver","app\[tenantSlug]\settings\automations\page.tsx","automations","Automate quotation conversions, press job generation, delivery dispatching, and multi-channel client alerts without custom code.","কোটেশন রূপান্তর, প্রেস জব জেনারেশন এবং ক্লায়েন্ট অ্যালার্ট সম্পূর্ণ কোডহীনভাবে অটোমেট করুন।","hint","","","scanned"
"code.page.new_auto_rule","app\[tenantSlug]\settings\automations\page.tsx","automations","New Auto Rule","নতুন অটোমেশন রুল","label","","","scanned"
"code.page.refresh","app\[tenantSlug]\settings\automations\page.tsx","automations","Refresh","রিফ্রেশ","label","","","scanned"
"code.page.refresh","app\[tenantSlug]\settings\automations\page.tsx","automations","Refresh","রিফ্রেশ","label","","","scanned"
"code.page.declarative_trigger_condi","app\[tenantSlug]\settings\automations\page.tsx","automations","Declarative Trigger-Condition-Action Architecture","নিরাপদ ডিক্লারেটিভ ট্রিগার-শর্ত-অ্যাকশন ইঞ্জিন","label","","","scanned"
"code.page.main_headquarters_branch_","app\[tenantSlug]\settings\branches\page.tsx","branches","Main headquarters branch updated.","প্রধান কার্যালয় শাখা সফলভাবে পরিবর্তন করা হয়েছে।","label","","","scanned"
"code.page.main_headquarters_branch_","app\[tenantSlug]\settings\branches\page.tsx","branches","Main headquarters branch updated.","প্রধান কার্যালয় শাখা আপডেট হয়েছে।","label","","","scanned"
"code.page.main_headquarters_branch_","app\[tenantSlug]\settings\branches\page.tsx","branches","Main headquarters branch updated.","প্রধান কার্যালয় শাখা আপডেট হয়েছে।","label","","","scanned"
"code.page.primary_head_office_branc","app\[tenantSlug]\settings\branches\page.tsx","branches","Primary Head Office branch cannot be deactivated.","প্রধান কার্যালয় নিষ্ক্রিয় করা যাবে না।","label","","","scanned"
"code.page.branch_status_toggled_","app\[tenantSlug]\settings\branches\page.tsx","branches","Branch status toggled.","শাখার স্ট্যাটাস পরিবর্তন করা হয়েছে।","label","","","scanned"
"code.page.branch_status_toggled_","app\[tenantSlug]\settings\branches\page.tsx","branches","Branch status toggled.","শাখার স্ট্যাটাস পরিবর্তন করা হয়েছে।","label","","","scanned"
"code.page.branch_administration_res","app\[tenantSlug]\settings\branches\page.tsx","branches","Branch Administration Restricted","শাখা ব্যবস্থাপনা সীমিত","label","","","scanned"
"code.page.return_to_dashboard","app\[tenantSlug]\settings\branches\page.tsx","branches","Return to Dashboard","ড্যাশবোর্ডে ফিরুন","label","","","scanned"
"prop.title.branches_factories_hubs","app\[tenantSlug]\settings\branches\page.tsx","branches","Branches, Factories & Hubs","শাখা ও কারখানা ব্যবস্থাপনা","title","","","scanned"
"prop.desc.manage_showroom_sales_cou","app\[tenantSlug]\settings\branches\page.tsx","branches","Manage showroom sales counters, printing plants, and regional fabrication facilities.","শোরুম কাউন্টার, প্রিন্টিং কারখানা এবং আঞ্চলিক ফেব্রিকেশন সুবিধা পরিচালনা করুন।","hint","","","scanned"
"code.page.add_new_branch","app\[tenantSlug]\settings\branches\page.tsx","branches","Add New Branch","নতুন শাখা যোগ করুন","label","","","scanned"
"code.page.branch_limit_reached_upgr","app\[tenantSlug]\settings\branches\page.tsx","branches","Branch limit reached. Upgrade to Enterprise to add multi-branch factory locations.","শাখার সর্বোচ্চ সীমা পূর্ণ হয়েছে। নতুন হাব/শাখা যোগ করতে প্ল্যান আপগ্রেড করুন।","label","","","scanned"
"code.page.expand_branch_limit","app\[tenantSlug]\settings\branches\page.tsx","branches","Expand Branch Limit","শাখা সীমা বৃদ্ধি","label","","","scanned"
"code.page.search_branches_by_name_c","app\[tenantSlug]\settings\branches\page.tsx","branches","Search branches by name, code, phone, or location...","শাখার নাম, কোড, ফোন বা ঠিকানা দিয়ে খুঁজুন...","label","","","scanned"
"code.page.no_branches_matching_your","app\[tenantSlug]\settings\branches\page.tsx","branches","No branches matching your search criteria.","কোন শাখা খুঁজে পাওয়া যায়নি।","label","","","scanned"
"code.page.head_office","app\[tenantSlug]\settings\branches\page.tsx","branches","Head Office","প্রধান কার্যালয়","label","","","scanned"
"code.page.inactive","app\[tenantSlug]\settings\branches\page.tsx","branches","Inactive","নিষ্ক্রিয়","label","","","scanned"
"code.page.edit","app\[tenantSlug]\settings\branches\page.tsx","branches","Edit","এডিট","label","","","scanned"
"code.page.set_as_main","app\[tenantSlug]\settings\branches\page.tsx","branches","Set as Main","প্রধান করুন","label","","","scanned"
"code.page.deactivate","app\[tenantSlug]\settings\branches\page.tsx","branches","Deactivate","নিষ্ক্রিয়","label","","","scanned"
"code.page.operational","app\[tenantSlug]\settings\branches\page.tsx","branches","Operational","চলমান","label","","","scanned"
"code.page.add_printing_branch_or_fa","app\[tenantSlug]\settings\branches\page.tsx","branches","Add Printing Branch or Factory Hub","নতুন শাখা বা কারখানা যোগ করুন","label","","","scanned"
"code.page.register_a_new_showroom_c","app\[tenantSlug]\settings\branches\page.tsx","branches","Register a new showroom counter or production workshop location.","নতুন শোরুম কাউন্টার বা প্রোডাকশন ওয়ার্কশপ নিবন্ধন করুন।","label","","","scanned"
"code.page.cancel","app\[tenantSlug]\settings\branches\page.tsx","branches","Cancel","বাতিল","label","","","scanned"
"code.page.create_branch","app\[tenantSlug]\settings\branches\page.tsx","branches","Create Branch","শাখা তৈরি করুন","label","","","scanned"
"code.page.edit_branch_details","app\[tenantSlug]\settings\branches\page.tsx","branches","Edit Branch Details","শাখার তথ্য পরিবর্তন","label","","","scanned"
"code.page.cancel","app\[tenantSlug]\settings\branches\page.tsx","branches","Cancel","বাতিল","label","","","scanned"
"code.page.save_changes","app\[tenantSlug]\settings\branches\page.tsx","branches","Save Changes","সংরক্ষণ করুন","label","","","scanned"
"prop.title.branding_theme_settings","app\[tenantSlug]\settings\branding\page.tsx","branding","Branding & Theme Settings","ব্র্যান্ডিং ও থিম সেটিংস","title","","","scanned"
"prop.desc.customize_company_logos_p","app\[tenantSlug]\settings\branding\page.tsx","branding","Customize company logos, primary theme palette, and document footer terms for professional output.","লোগো, প্রাতিষ্ঠানিক থিম কালার এবং ইনভয়েস/চালানের শর্তাবলী পরিচালনা করুন।","hint","","","scanned"
"prop.title.company_profile_informati","app\[tenantSlug]\settings\company\page.tsx","company","Company Profile & Information","প্রতিষ্ঠান পরিচিতি ও তথ্য","title","","","scanned"
"prop.desc.manage_corporate_identity","app\[tenantSlug]\settings\company\page.tsx","company","Manage corporate identity, physical printing hub address, operational hours, tax registrations, and official communication channels.","করপোরেট পরিচিতি, প্রিন্টিং হাবের ঠিকানা, অফিস সময়সূচি, ট্যাক্স নিবন্ধন এবং অফিশিয়াল যোগাযোগের মাধ্যম পরিচালনা করুন।","hint","","","scanned"
"code.page.company_profile_informati","app\[tenantSlug]\settings\company\page.tsx","company","Company profile information updated and saved successfully!","কোম্পানি প্রোফাইল তথ্য সফলভাবে সংরক্ষিত হয়েছে!","label","","","scanned"
"prop.title.document_numbering_sequen","app\[tenantSlug]\settings\document-numbering\page.tsx","document-numbering","Document Numbering & Sequences","ডকুমেন্ট নম্বর ও সিকোয়েন্স সেটিংস","title","","","scanned"
"prop.desc.configure_customizable_pr","app\[tenantSlug]\settings\document-numbering\page.tsx","document-numbering","Configure customizable prefixes, sequence padding, and transaction-safe sequential generators for all commercial documents.","সকল বাণিজ্যিক নথির কাস্টম প্রিফিক্স, সিকোয়েন্স প্যাডিং এবং ধারাবাহিক নম্বর জেনারেটর কনফিগার করুন।","hint","","","scanned"
"prop.title.print_sms_formats","app\[tenantSlug]\settings\documents\page.tsx","documents","Print & SMS Formats","ডকুমেন্ট ডিজাইন ও মেসেজ টেমপ্লেট","title","","","scanned"
"prop.desc.customize_print_layouts_q","app\[tenantSlug]\settings\documents\page.tsx","documents","Customize print layouts, quotation & invoice email subjects, HTML email bodies, WhatsApp messages, and PDF attachments.","প্রিন্ট লেআউট, কোটেশন ও ইনভয়েস পিডিএফ স্টাইল, ইমেইল বডি এবং হোয়াটসঅ্যাপ নোটিফিকেশন টেমপ্লেট পরিচালনা করুন।","hint","","","scanned"
"code.page.print_preview","app\[tenantSlug]\settings\documents\page.tsx","documents","Print Preview","প্রিন্ট প্রিভিউ","label","","","scanned"
"prop.title.email_settings","app\[tenantSlug]\settings\email\page.tsx","email","Email Settings","প্রতিষ্ঠান ইমেইল ও গ্রাহক যোগাযোগ","title","","","scanned"
"prop.desc.connect_your_gmail_accoun","app\[tenantSlug]\settings\email\page.tsx","email","Connect your Gmail account or standard SMTP server to deliver branded customer quotations, invoices, and vouchers.","ব্র্যান্ডেড কোটেশন ও ইনভয়েস পাঠাতে জিমেইল বা এসটিএমটিপি সার্ভার সংযুক্ত করুন।","hint","","","scanned"
"code.page.send_test_email","app\[tenantSlug]\settings\email\page.tsx","email","Send Test Email","টেস্ট ইমেইল পাঠান","label","","","scanned"
"code.page.email_provider_setup","app\[tenantSlug]\settings\email\page.tsx","email","Email Provider Setup","ইমেইল গেটওয়ে সেটিংস","label","","","scanned"
"code.page.email_templates","app\[tenantSlug]\settings\email\page.tsx","email","Email Templates","ইমেইল টেমপ্লেট","label","","","scanned"
"code.page.delivery_logs","app\[tenantSlug]\settings\email\page.tsx","email","Delivery Logs","ডেলিভারি হিস্ট্রি","label","","","scanned"
"prop.title.localization_language_for","app\[tenantSlug]\settings\localization\page.tsx","localization","Localization, Language & Formats","আঞ্চলিক ভাষা ও মুদ্রা সেটিংস","title","","","scanned"
"prop.desc.configure_interface_prese","app\[tenantSlug]\settings\localization\page.tsx","localization","Configure interface presentation mode, base currency, and standard Bangladeshi date numbering conventions.","ইন্টারফেসের ভাষা মোড, মূল মুদ্রা এবং বাংলাদেশি তারিখ ও নম্বর ফরম্যাট কনফিগার করুন।","hint","","","scanned"
"code.page.default_language_display_","app\[tenantSlug]\settings\localization\page.tsx","localization","Default Language & Display Mode","ডিফল্ট ভাষা ও ডিসপ্লে","label","","","scanned"
"code.page.controls_invoice_labels_c","app\[tenantSlug]\settings\localization\page.tsx","localization","Controls invoice labels, customer receipts, and system interface language.","চালান, রসিদ এবং সফটওয়্যারের ভাষা নিয়ন্ত্রণ করে।","label","","","scanned"
"code.page.bengali","app\[tenantSlug]\settings\localization\page.tsx","localization","Bengali","বাংলা","label","","","scanned"
"code.page.all_invoices_challans_and","app\[tenantSlug]\settings\localization\page.tsx","localization","All invoices, challans, and menus in pure Bengali.","সকল চালান, রসিদ এবং মেনু সহজ বাংলায় দেখা যাবে।","label","","","scanned"
"code.page.english","app\[tenantSlug]\settings\localization\page.tsx","localization","English","ইংরেজি","label","","","scanned"
"code.page.standard_commercial_engli","app\[tenantSlug]\settings\localization\page.tsx","localization","Standard commercial English invoice and software terminology.","ইংরেজি ভাষায় সফটওয়্যার ও চালানের তথ্য প্রদর্শিত হবে।","label","","","scanned"
"code.page.base_currency","app\[tenantSlug]\settings\localization\page.tsx","localization","Base Currency","মূল মুদ্রা","label","","","scanned"
"code.page.selected_currency","app\[tenantSlug]\settings\localization\page.tsx","localization","Selected Currency","নির্বাচিত মুদ্রা","label","","","scanned"
"code.page.bangladeshi_taka_bdt_defa","app\[tenantSlug]\settings\localization\page.tsx","localization","Bangladeshi Taka (BDT) - Default","বাংলাদেশি টাকা (ডিফল্ট)","label","","","scanned"
"code.page.us_dollar_usd_","app\[tenantSlug]\settings\localization\page.tsx","localization","US Dollar (USD)","ইউএস ডলার","label","","","scanned"
"code.page.numbering_will_format_usi","app\[tenantSlug]\settings\localization\page.tsx","localization","Numbering will format using Bangladeshi comma standards: BDT 1,50,000 (Lakh/Crore grouping).","টাকার হিসাব বাংলাদেশি নিয়মে কমা দিয়ে দেখানো হবে: ৳ ১,৫০,০০০ (লক্ষ/কোটি)।","label","","","scanned"
"code.page.date_format","app\[tenantSlug]\settings\localization\page.tsx","localization","Date Format","তারিখ ফরম্যাট","label","","","scanned"
"code.page.selected_date_format","app\[tenantSlug]\settings\localization\page.tsx","localization","Selected Date Format","নির্বাচিত তারিখের ধরন","label","","","scanned"
"code.page.dd_mm_yyyy_e_g_03_09_2026","app\[tenantSlug]\settings\localization\page.tsx","localization","DD/MM/YYYY (e.g. 03/09/2026) - BD Standard","দিন/মাস/বছর (যেমন: ০৩/০৯/২০২৬) - মানসম্মত","label","","","scanned"
"code.page.yyyy_mm_dd_e_g_2026_09_03","app\[tenantSlug]\settings\localization\page.tsx","localization","YYYY-MM-DD (e.g. 2026-09-03) - ISO Standard","বছর-মাস-দিন (যেমন: ২০২৬-০৯-০৩)","label","","","scanned"
"code.page.mm_dd_yyyy_e_g_09_03_2026","app\[tenantSlug]\settings\localization\page.tsx","localization","MM/DD/YYYY (e.g. 09/03/2026)","মাস/দিন/বছর (যেমন: ০৯/০৩/২০২৬)","label","","","scanned"
"code.page.delivery_challans_invoice","app\[tenantSlug]\settings\localization\page.tsx","localization","Delivery challans, invoices, and quotation expiry dates will display in this format.","চালান, বিল এবং কোটেশনের মেয়াদ এই ফরম্যাটে প্রদর্শিত হবে।","label","","","scanned"
"code.page.save_localization_setting","app\[tenantSlug]\settings\localization\page.tsx","localization","Save Localization Settings","ভাষা ও মুদ্রা সেটিংস সংরক্ষণ করুন","label","","","scanned"
"prop.title.notification_alerts","app\[tenantSlug]\settings\notifications\page.tsx","notifications","Notification Alerts","নোটিফিকেশন ও এলার্ট","title","","","scanned"
"prop.desc.configure_studio_grade_po","app\[tenantSlug]\settings\notifications\page.tsx","notifications","Configure studio-grade polyphonic audio synthesis, amplified factory chimes, browser push alerts, and SMS/WhatsApp dispatches.","স্টুডিও-গ্রেড পলিফোনিক অডিও সিন্থেসাইজার, উচ্চ শব্দযুক্ত ফ্যাক্টরি চাইম, ব্রাউজার পুশ ও এসএমএস/হোয়াটসঅ্যাপ গেটওয়ে কনফিগার করুন।","hint","","","scanned"
"prop.title.company_profile_settings","app\[tenantSlug]\settings\page.tsx","settings","Company Profile & Settings","প্রতিষ্ঠান পরিচিতি ও সেটিংস","title","","","scanned"
"prop.desc.manage_corporate_identity","app\[tenantSlug]\settings\page.tsx","settings","Manage corporate identity, legal entity details, NBR tax registrations, office hours, and official contact channels.","প্রাতিষ্ঠানিক তথ্য, আইনি সত্তা, এনবিআর ট্যাক্স নিবন্ধন, অফিস সময়সূচি এবং যোগাযোগের তথ্য পরিচালনা করুন।","hint","","","scanned"
"code.page.settings_saved_successful","app\[tenantSlug]\settings\page.tsx","settings","Settings saved successfully!","সেটিংস সফলভাবে সংরক্ষিত হয়েছে!","label","","","scanned"
"code.page.quick_settings_editor","app\[tenantSlug]\settings\page.tsx","settings","Quick Settings Editor","কুইক সেটিংস এডিটর","label","","","scanned"
"code.page.inline_general_tax_config","app\[tenantSlug]\settings\page.tsx","settings","Inline General & Tax Configuration","সাধারণ ও ট্যাক্স কনফিগারেশন","label","","","scanned"
"code.page.corporate_identity_brandi","app\[tenantSlug]\settings\page.tsx","settings","Corporate Identity & Branding","প্রাতিষ্ঠানিক পরিচয় ও ব্র্যান্ডিং","label","","","scanned"
"code.page.display_name_english_","app\[tenantSlug]\settings\page.tsx","settings","Display Name (English)","প্রদর্শনী নাম (ইংরেজি)","label","","","scanned"
"code.page.display_name_bengali_","app\[tenantSlug]\settings\page.tsx","settings","Display Name (Bengali)","প্রদর্শনী নাম (বাংলা)","label","","","scanned"
"code.page.registered_legal_entity_n","app\[tenantSlug]\settings\page.tsx","settings","Registered Legal Entity Name (for NBR & Contracts)","নিবন্ধিত আইনি নাম (চুক্তি ও এনবিআর এর জন্য)","label","","","scanned"
"code.page.for_contracts_vat_challan","app\[tenantSlug]\settings\page.tsx","settings","For contracts & VAT challans","চুক্তি ও ভ্যাট চালানের জন্য","label","","","scanned"
"code.page.company_logo_url","app\[tenantSlug]\settings\page.tsx","settings","Company Logo URL","কোম্পানির লোগোর লিংক","label","","","scanned"
"code.page.no_logo","app\[tenantSlug]\settings\page.tsx","settings","No Logo","লোগো নেই","label","","","scanned"
"code.page.official_contact_channels","app\[tenantSlug]\settings\page.tsx","settings","Official Contact Channels","অফিশিয়াল যোগাযোগের মাধ্যম","label","","","scanned"
"code.page.office_phone_number","app\[tenantSlug]\settings\page.tsx","settings","Office Phone Number","অফিস ফোন নম্বর","label","","","scanned"
"code.page.business_whatsapp_number","app\[tenantSlug]\settings\page.tsx","settings","Business WhatsApp Number","বিজনেস হোয়াটসঅ্যাপ নম্বর","label","","","scanned"
"code.page.official_billing_email","app\[tenantSlug]\settings\page.tsx","settings","Official Billing Email","অফিসিয়াল বিলিং ইমেইল","label","","","scanned"
"code.page.address_production_hub","app\[tenantSlug]\settings\page.tsx","settings","Address & Production Hub","ঠিকানা ও উৎপাদন হাব","label","","","scanned"
"code.page.commercial_area_printing_","app\[tenantSlug]\settings\page.tsx","settings","Commercial Area / Printing Hub","মার্কেট বা বাণিজ্যিক এলাকা","label","","","scanned"
"code.page.full_address_english_","app\[tenantSlug]\settings\page.tsx","settings","Full Address (English)","পূর্ণাঙ্গ ঠিকানা (ইংরেজি)","label","","","scanned"
"code.page.full_address_bengali_","app\[tenantSlug]\settings\page.tsx","settings","Full Address (Bengali)","পূর্ণাঙ্গ ঠিকানা (বাংলা)","label","","","scanned"
"code.page.office_hours_operational_","app\[tenantSlug]\settings\page.tsx","settings","Office Hours & Operational Holiday Schedule","অফিস সময়সূচি ও সাপ্তাহিক ছুটি","label","","","scanned"
"code.page.office_hours_business_hou","app\[tenantSlug]\settings\page.tsx","settings","Office Hours / Business Hours","অফিস সময়সূচী","label","","","scanned"
"code.page.quick_presets_","app\[tenantSlug]\settings\page.tsx","settings","Quick Presets:","কুইক প্রিসেট:","label","","","scanned"
"code.page.weekly_holiday_closed_day","app\[tenantSlug]\settings\page.tsx","settings","Weekly Holiday & Closed Days","সাপ্তাহিক ছুটি ও বন্ধের দিন","label","","","scanned"
"code.page.e_g_friday","app\[tenantSlug]\settings\page.tsx","settings","e.g. Friday","যেমন: শুক্রবার","label","","","scanned"
"code.page.quick_presets_","app\[tenantSlug]\settings\page.tsx","settings","Quick Presets:","কুইক প্রিসেট:","label","","","scanned"
"code.page.government_tax_registrati","app\[tenantSlug]\settings\page.tsx","settings","Government & Tax Registrations","সরকারি ও ট্যাক্স নিবন্ধন","label","","","scanned"
"code.page.trade_license_number","app\[tenantSlug]\settings\page.tsx","settings","Trade License Number","ট্রেড লাইসেন্স নং","label","","","scanned"
"code.page.bin_business_identificati","app\[tenantSlug]\settings\page.tsx","settings","BIN (Business Identification Number)","ভ্যাট নিবন্ধন নম্বর (বিআইএন)","label","","","scanned"
"code.page.nbr_9_or_13_digit_registr","app\[tenantSlug]\settings\page.tsx","settings","NBR 9 or 13-digit registration","এনবিআর ৯ বা ১৩ ডিজিট নিবন্ধন","label","","","scanned"
"code.page.tin_tax_identification_nu","app\[tenantSlug]\settings\page.tsx","settings","TIN (Tax Identification Number)","ই-টিন নম্বর","label","","","scanned"
"code.page.automated_vat_calculation","app\[tenantSlug]\settings\page.tsx","settings","Automated VAT Calculation","স্বয়ংক্রিয় ভ্যাট গণনা","label","","","scanned"
"code.page.default_vat_rate_","app\[tenantSlug]\settings\page.tsx","settings","Default VAT Rate (%)","ডিফল্ট ভ্যাট হার (%)","label","","","scanned"
"code.page.document_numbering_sequen","app\[tenantSlug]\settings\page.tsx","settings","Document Numbering & Sequences","ডকুমেন্ট নাম্বারিং ও সিকোয়েন্স","label","","","scanned"
"code.page.quotation_prefix","app\[tenantSlug]\settings\page.tsx","settings","Quotation Prefix","কোটেশন প্রিফিক্স","label","","","scanned"
"code.page.invoice_prefix","app\[tenantSlug]\settings\page.tsx","settings","Invoice Prefix","ইনভয়েস প্রিফিক্স","label","","","scanned"
"code.page.challan_prefix","app\[tenantSlug]\settings\page.tsx","settings","Challan Prefix","চালান প্রিফিক্স","label","","","scanned"
"code.page.regional_language_prefere","app\[tenantSlug]\settings\page.tsx","settings","Regional & Language Preferences","আঞ্চলিক ও ভাষা পছন্দসমূহ","label","","","scanned"
"code.page.default_currency","app\[tenantSlug]\settings\page.tsx","settings","Default Currency","ডিফল্ট কারেন্সি","label","","","scanned"
"code.page.default_interface_languag","app\[tenantSlug]\settings\page.tsx","settings","Default Interface Language","ইন্টারফেসের ডিফল্ট ভাষা","label","","","scanned"
"code.page.save_settings","app\[tenantSlug]\settings\page.tsx","settings","Save Settings","সেটিংস সংরক্ষণ করুন","label","","","scanned"
"prop.title.my_plan","app\[tenantSlug]\settings\subscription\page.tsx","subscription","My Plan","সাবস্ক্রিপশন ও প্ল্যান ব্যবস্থাপনা","title","","","scanned"
"prop.desc.manage_your_organization_","app\[tenantSlug]\settings\subscription\page.tsx","subscription","Manage your organization subscription tier (Trial, Starter, Business, Enterprise), view resource quota meters, and process payments securely.","আপনার প্রতিষ্ঠানের সাবস্ক্রিপশন প্ল্যান, রিসোর্স কোটা ও বিলিং স্ট্যাটাস পরিচালনা করুন।","hint","","","scanned"
"prop.title.whatsapp_gateway_integrat","app\[tenantSlug]\settings\whatsapp\page.tsx","whatsapp","WhatsApp Gateway Integration","হোয়াটসঅ্যাপ গেটওয়ে ইন্টিগ্রেশন","title","","","scanned"
"prop.desc.connect_your_business_wha","app\[tenantSlug]\settings\whatsapp\page.tsx","whatsapp","Connect your business WhatsApp number via dedicated OpenWA gateway. Enables automated order updates, invoice PDFs, and customer chat.","ডেডিকেটেড OpenWA গেটওয়ের মাধ্যমে আপনার ব্যবসায়িক হোয়াটসঅ্যাপ নম্বর সংযুক্ত করুন।","hint","","","scanned"
"prop.title.supplier_vendor_directory","app\[tenantSlug]\suppliers\page.tsx","suppliers","Supplier & Vendor Directory","মহাজন ও সরবরাহকারী ডিরেক্টরি","title","","","scanned"
"prop.desc.manage_media_importers_ac","app\[tenantSlug]\suppliers\page.tsx","suppliers","Manage media importers, acrylic merchants, ink dealers, paper mills, and hardware suppliers across Nayabazar, Chawkbazar, and Fakirapool.","নয়াবাজার, চকবাজার ও ফকিরারপুলের মিডিয়া আমদানিকারক, এক্রিলিক মার্চেন্ট এবং পেপার মিলের মহাজনদের তালিকা ও বাকি হিসাব।","hint","","","scanned"
"code.page.export_csv","app\[tenantSlug]\suppliers\page.tsx","suppliers","Export CSV","এক্সপোর্ট সিএসভি","label","","","scanned"
"code.page.new_po","app\[tenantSlug]\suppliers\page.tsx","suppliers","New PO","নতুন ক্রয়াদেশ","label","","","scanned"
"code.page.register_supplier","app\[tenantSlug]\suppliers\page.tsx","suppliers","Register Supplier","নতুন মহাজন যুক্ত করুন","label","","","scanned"
"prop.title.total_vendors","app\[tenantSlug]\suppliers\page.tsx","suppliers","Total Vendors","মোট সরবরাহকারী","title","","","scanned"
"prop.title.total_payable_due","app\[tenantSlug]\suppliers\page.tsx","suppliers","Total Payable Due","মোট মহাজনের পাওনা","title","","","scanned"
"prop.title.agreed_rates","app\[tenantSlug]\suppliers\page.tsx","suppliers","Agreed Rates","নির্ধারিত চুক্তি দর","title","","","scanned"
"prop.title.catalog_buying_specs","app\[tenantSlug]\suppliers\page.tsx","suppliers","Catalog buying specs","ক্যাটালগ ক্রয় শর্তাবলী","title","","","scanned"
"prop.title.market_hubs","app\[tenantSlug]\suppliers\page.tsx","suppliers","Market Hubs","মার্কেট হাব","title","","","scanned"
"prop.title.nayabazar_chawkbazar_etc_","app\[tenantSlug]\suppliers\page.tsx","suppliers","Nayabazar, Chawkbazar, etc.","নয়াবাজার, চকবাজার ইত্যাদি","title","","","scanned"
"prop.title.standard_credit","app\[tenantSlug]\suppliers\page.tsx","suppliers","Standard Credit","সাধারণ বাকি মেয়াদ","title","","","scanned"
"prop.title.post_dated_cheque_cycle","app\[tenantSlug]\suppliers\page.tsx","suppliers","Post-dated Cheque cycle","চেক পেমেন্ট সাইকেল","title","","","scanned"
"code.page.no_suppliers_found","app\[tenantSlug]\suppliers\page.tsx","suppliers","No Suppliers Found","কোন সরবরাহকারী পাওয়া যায়নি","label","","","scanned"
"code.page.register_new_supplier","app\[tenantSlug]\suppliers\page.tsx","suppliers","Register New Supplier","নতুন মহাজন যুক্ত করুন","label","","","scanned"
"code.page.registered_suppliers_vend","app\[tenantSlug]\suppliers\page.tsx","suppliers","Registered Suppliers & Vendor Partners","নিবন্ধিত মহাজন ও ভেন্ডর পার্টনার","label","","","scanned"
"code.page.supplier_entity","app\[tenantSlug]\suppliers\page.tsx","suppliers","Supplier & Entity","সাপ্লায়ার ও প্রতিষ্ঠান","label","","","scanned"
"code.page.category","app\[tenantSlug]\suppliers\page.tsx","suppliers","Category","ক্যাটাগরি","label","","","scanned"
"code.page.contact_phone","app\[tenantSlug]\suppliers\page.tsx","suppliers","Contact & Phone","মোবাইল ও যোগাযোগ","label","","","scanned"
"code.page.market_hub","app\[tenantSlug]\suppliers\page.tsx","suppliers","Market Hub","মার্কেট হাব","label","","","scanned"
"code.page.payment_terms_limit","app\[tenantSlug]\suppliers\page.tsx","suppliers","Payment Terms & Limit","বাকি শর্ত ও সীমা","label","","","scanned"
"code.page.payable_balance","app\[tenantSlug]\suppliers\page.tsx","suppliers","Payable Balance","বকেয়া পাওনা","label","","","scanned"
"code.page.quick_actions","app\[tenantSlug]\suppliers\page.tsx","suppliers","Quick Actions","অ্যাকশন","label","","","scanned"
"code.page.pay","app\[tenantSlug]\suppliers\page.tsx","suppliers","Pay","পরিশোধ","label","","","scanned"
"code.page.profile_rates","app\[tenantSlug]\suppliers\page.tsx","suppliers","Profile & Rates","রেটশিট ও লেজার","label","","","scanned"
"code.page.payable_balance","app\[tenantSlug]\suppliers\page.tsx","suppliers","Payable Balance","বকেয়া পাওনা","label","","","scanned"
"code.page.pay","app\[tenantSlug]\suppliers\page.tsx","suppliers","Pay","পরিশোধ","label","","","scanned"
"code.page.profile","app\[tenantSlug]\suppliers\page.tsx","suppliers","Profile","প্রোফাইল","label","","","scanned"
"code.page.back_to_supplier_director","app\[tenantSlug]\suppliers\[id]\page.tsx","[id]","Back to Supplier Directory","মহাজন তালিকায় ফিরে যান","label","","","scanned"
"code.page.supplier_not_found","app\[tenantSlug]\suppliers\[id]\page.tsx","[id]","Supplier Not Found","সরবরাহকারী পাওয়া যায়নি","label","","","scanned"
"code.page.back_to_supplier_director","app\[tenantSlug]\suppliers\[id]\page.tsx","[id]","Back to Supplier Directory","মহাজন তালিকায় ফিরে যান","label","","","scanned"
"code.page.print","app\[tenantSlug]\suppliers\[id]\page.tsx","[id]","Print","প্রিন্ট","label","","","scanned"
"code.page.edit_profile","app\[tenantSlug]\suppliers\[id]\page.tsx","[id]","Edit Profile","সম্পাদনা","label","","","scanned"
"code.page.add_rate","app\[tenantSlug]\suppliers\[id]\page.tsx","[id]","Add Rate","দর যুক্ত করুন","label","","","scanned"
"code.page.pay_supplier_voucher","app\[tenantSlug]\suppliers\[id]\page.tsx","[id]","Pay Supplier Voucher","বিল পরিশোধ","label","","","scanned"
"code.page.issue_new_po","app\[tenantSlug]\suppliers\[id]\page.tsx","[id]","Issue New PO","ক্রয়াদেশ","label","","","scanned"
"prop.title.total_purchases_from_vend","app\[tenantSlug]\suppliers\[id]\page.tsx","[id]","Total Purchases from Vendor","মোট ক্রয়কৃত মালামাল","title","","","scanned"
"prop.title.cumulative_roll_sheet_acq","app\[tenantSlug]\suppliers\[id]\page.tsx","[id]","Cumulative roll/sheet acquisitions","রোল ও শিট ক্রয় ভলিউম","title","","","scanned"
"prop.title.total_payments_cleared","app\[tenantSlug]\suppliers\[id]\page.tsx","[id]","Total Payments Cleared","মোট পরিশোধিত বিল","title","","","scanned"
"prop.title.bank_cash","app\[tenantSlug]\suppliers\[id]\page.tsx","[id]","Bank & Cash","চেক, আরটিজিএস ও ক্যাশ","title","","","scanned"
"prop.title.payable_balance","app\[tenantSlug]\suppliers\[id]\page.tsx","[id]","Payable Balance","বর্তমান বকেয়া পাওনা","title","","","scanned"
"prop.title.credit_used","app\[tenantSlug]\suppliers\[id]\page.tsx","[id]","Credit Used","বাকি সীমা ব্যবহার","title","","","scanned"
"code.page.negotiated_material_contr","app\[tenantSlug]\suppliers\[id]\page.tsx","[id]","Negotiated Material Contract Prices","চুক্তিভিত্তিক ক্রয়দর তালিকা","label","","","scanned"
"code.page.add_material_rate","app\[tenantSlug]\suppliers\[id]\page.tsx","[id]","Add Material Rate","নতুন চুক্তি দর","label","","","scanned"
"code.page.material_specification_br","app\[tenantSlug]\suppliers\[id]\page.tsx","[id]","Material Specification & Brand","মেটেরিয়াল বিবরণ","label","","","scanned"
"code.page.category","app\[tenantSlug]\suppliers\[id]\page.tsx","[id]","Category","ক্যাটাগরি","label","","","scanned"
"code.page.uom","app\[tenantSlug]\suppliers\[id]\page.tsx","[id]","UOM","একক","label","","","scanned"
"code.page.contract_rate","app\[tenantSlug]\suppliers\[id]\page.tsx","[id]","Contract Rate","চুক্তি দর","label","","","scanned"
"code.page.moq_lead_time","app\[tenantSlug]\suppliers\[id]\page.tsx","[id]","MOQ & Lead Time","নূন্যতম অর্ডার ও সময়","label","","","scanned"
"code.page.effective_date","app\[tenantSlug]\suppliers\[id]\page.tsx","[id]","Effective Date","কার্যকর তারিখ","label","","","scanned"
"code.page.remarks_terms","app\[tenantSlug]\suppliers\[id]\page.tsx","[id]","Remarks / Terms","মন্তব্য","label","","","scanned"
"code.page.actions","app\[tenantSlug]\suppliers\[id]\page.tsx","[id]","Actions","অ্যাকশন","label","","","scanned"
"code.page.no_material_contract_rate","app\[tenantSlug]\suppliers\[id]\page.tsx","[id]","No Material Contract Rates Configured","কোন চুক্তি দর নির্ধারিত নেই","label","","","scanned"
"code.page.purchase_orders_inward_gr","app\[tenantSlug]\suppliers\[id]\page.tsx","[id]","Purchase Orders & Inward GRN Shipments","ক্রয়াদেশ ও চালান রিসিভিং","label","","","scanned"
"code.page.issue_purchase_order","app\[tenantSlug]\suppliers\[id]\page.tsx","[id]","Issue Purchase Order","নতুন ক্রয়াদেশ","label","","","scanned"
"code.page.po_number","app\[tenantSlug]\suppliers\[id]\page.tsx","[id]","PO Number","পিও নম্বর","label","","","scanned"
"code.page.order_date","app\[tenantSlug]\suppliers\[id]\page.tsx","[id]","Order Date","অর্ডারের তারিখ","label","","","scanned"
"code.page.items_specifications","app\[tenantSlug]\suppliers\[id]\page.tsx","[id]","Items & Specifications","মালামালের বিবরণ","label","","","scanned"
"code.page.total_cost","app\[tenantSlug]\suppliers\[id]\page.tsx","[id]","Total Cost","মোট বিল","label","","","scanned"
"code.page.warehouse_status","app\[tenantSlug]\suppliers\[id]\page.tsx","[id]","Warehouse Status","গোডাউন স্ট্যাটাস","label","","","scanned"
"code.page.payment_status","app\[tenantSlug]\suppliers\[id]\page.tsx","[id]","Payment Status","পেমেন্ট স্ট্যাটাস","label","","","scanned"
"code.page.no_purchase_orders_found","app\[tenantSlug]\suppliers\[id]\page.tsx","[id]","No Purchase Orders Found","কোন ক্রয়াদেশ পাওয়া যায়নি","label","","","scanned"
"code.page.disbursed_payment_voucher","app\[tenantSlug]\suppliers\[id]\page.tsx","[id]","Disbursed Payment Vouchers","পরিশোধিত পেমেন্ট ভাউচার","label","","","scanned"
"code.page.pay_voucher","app\[tenantSlug]\suppliers\[id]\page.tsx","[id]","Pay Voucher","নতুন ভাউচার","label","","","scanned"
"code.page.voucher_no","app\[tenantSlug]\suppliers\[id]\page.tsx","[id]","Voucher No","ভাউচার নং","label","","","scanned"
"code.page.payment_method","app\[tenantSlug]\suppliers\[id]\page.tsx","[id]","Payment Method","পেমেন্টের মাধ্যম","label","","","scanned"
"code.page.amount_paid","app\[tenantSlug]\suppliers\[id]\page.tsx","[id]","Amount Paid","পরিশোধের পরিমাণ","label","","","scanned"
"code.page.date","app\[tenantSlug]\suppliers\[id]\page.tsx","[id]","Date","তারিখ","label","","","scanned"
"code.page.bank_cheque_ref","app\[tenantSlug]\suppliers\[id]\page.tsx","[id]","Bank / Cheque Ref","চেক বা ব্যাংক রেফারেন্স","label","","","scanned"
"code.page.status","app\[tenantSlug]\suppliers\[id]\page.tsx","[id]","Status","স্ট্যাটাস","label","","","scanned"
"code.page.supplier_statement","app\[tenantSlug]\suppliers\[id]\page.tsx","[id]","Supplier Statement","মহাজনের খতিয়ান ও হিসাব বিবরণী","label","","","scanned"
"code.page.chronological_statement_o","app\[tenantSlug]\suppliers\[id]\page.tsx","[id]","Chronological statement of purchases, debit disbursements, credit notes, and running balance.","ক্রয় ও পরিশোধের পূর্ণাঙ্গ লেজার।","label","","","scanned"
"code.page.print_statement","app\[tenantSlug]\suppliers\[id]\page.tsx","[id]","Print Statement","লেজার প্রিন্ট","label","","","scanned"
"code.page.date","app\[tenantSlug]\suppliers\[id]\page.tsx","[id]","Date","তারিখ","label","","","scanned"
"code.page.transaction_type","app\[tenantSlug]\suppliers\[id]\page.tsx","[id]","Transaction Type","লেনদেনের ধরন","label","","","scanned"
"code.page.reference","app\[tenantSlug]\suppliers\[id]\page.tsx","[id]","Reference","রেফারেন্স","label","","","scanned"
"code.page.billed_amount_credit_","app\[tenantSlug]\suppliers\[id]\page.tsx","[id]","Billed Amount (Credit)","ক্রয় / বিল","label","","","scanned"
"code.page.paid_amount_debit_","app\[tenantSlug]\suppliers\[id]\page.tsx","[id]","Paid Amount (Debit)","পরিশোধ","label","","","scanned"
"code.page.running_due_balance_","app\[tenantSlug]\suppliers\[id]\page.tsx","[id]","Running Due (Balance)","অবশিষ্ট বাকি","label","","","scanned"
"code.page.legal_trade_registration","app\[tenantSlug]\suppliers\[id]\page.tsx","[id]","Legal & Trade Registration","আইনগত ও ট্রেড তথ্য","label","","","scanned"
"code.page.bank_account_for_disburse","app\[tenantSlug]\suppliers\[id]\page.tsx","[id]","Bank Account for Disbursements","ব্যাংক অ্যাকাউন্ট ও চেক প্রদান তথ্য","label","","","scanned"
"code.page.vendor_agreement_remarks_","app\[tenantSlug]\suppliers\[id]\page.tsx","[id]","Vendor Agreement Remarks & Special Notes","চুক্তি ও বাকির শর্তাবলীর বিশেষ নোট","label","","","scanned"
"prop.title.enterprise_support_helpde","app\[tenantSlug]\support\page.tsx","support","Enterprise Support & Helpdesk","এন্টারপ্রাইজ হেল্পডেস্ক ও লাইভ সাপোর্ট","title","","","scanned"
"prop.desc.direct_communication_chan","app\[tenantSlug]\support\page.tsx","support","Direct communication channel with PrintERP engineers, press technicians, and billing specialists.","প্রিন্টইআরপি ইঞ্জিনিয়ার, প্রেস টেকনিশিয়ান ও হিসাব বিশেষজ্ঞদের সাথে সরাসরি সহায়তা ও যোগাযোগ চ্যানেল।","hint","","","scanned"
"code.page.new_ticket","app\[tenantSlug]\support\page.tsx","support","New Ticket","নতুন টিকেট","label","","","scanned"
"code.page.system_status_operational","app\[tenantSlug]\support\page.tsx","support","System Status: Operational","সিস্টেম স্ট্যাটাস: সম্পূর্ণ সচল","label","","","scanned"
"code.page.dhaka_high_speed_cloud_no","app\[tenantSlug]\support\page.tsx","support","Dhaka High-Speed Cloud Node Active (Avg Response: < 15 mins)","ঢাকা ক্লাউড নোড সক্রিয় (গড় রেসপন্স সময়: < ১৫ মিনিট)","label","","","scanned"
"code.page.sla_24_7_priority_support","app\[tenantSlug]\support\page.tsx","support","SLA: 24/7 Priority Support","এসএলএ: ২৪/৭ অগ্রাধিকার সহায়তা","label","","","scanned"
"code.page.pos_printer_setup","app\[tenantSlug]\support\page.tsx","support","POS Printer Setup","পিওএস প্রিন্টার সেটআপ","label","","","scanned"
"code.page.configure_thermal_receipt","app\[tenantSlug]\support\page.tsx","support","Configure thermal receipt printer & barcode scanners on shop floor.","দোকান বা শো-রুমের থার্মাল স্লিপ প্রিন্টার সেটআপ।","label","","","scanned"
"code.page.mushak_6_3_invoicing","app\[tenantSlug]\support\page.tsx","support","Mushak 6.3 Invoicing","মূসক ৬.৩ চালান","label","","","scanned"
"code.page.nbr_compliant_13_digit_bi","app\[tenantSlug]\support\page.tsx","support","NBR compliant 13-digit BIN tax invoice format & VDS withholding setup.","এনবিআর স্বীকৃত ভ্যাট চালান ও বিআইএন নিবন্ধন।","label","","","scanned"
"code.page.attendance_device","app\[tenantSlug]\support\page.tsx","support","Attendance Device","হাজিরা ডিভাইস","label","","","scanned"
"code.page.connect_factory_biometric","app\[tenantSlug]\support\page.tsx","support","Connect factory biometric fingerprint reader or geofenced QR check-in.","কারখানার ফিঙ্গারপ্রিন্ট বা কিউআর কোড হাজিরা।","label","","","scanned"
"code.page.bkash_billing_help","app\[tenantSlug]\support\page.tsx","support","bKash & Billing Help","বিকাশ ও বিলিং","label","","","scanned"
"code.page.resolve_automated_payment","app\[tenantSlug]\support\page.tsx","support","Resolve automated payment and monthly billing plan questions.","পেমেন্ট ও মাসিক বিল সংক্রান্ত প্রশ্ন।","label","","","scanned"
"prop.title.vat_tax","app\[tenantSlug]\tax\page.tsx","tax","VAT & Tax","বাংলাদেশ ভ্যাট ও এনবিআর ট্যাক্স","title","","","scanned"
"prop.desc.manage_13_digit_bin_nbr_v","app\[tenantSlug]\tax\page.tsx","tax","Manage 13-digit BIN, NBR VAT rates, inclusive/exclusive pricing modes, VDS/TDS withholding, and monthly Mushak return summaries.","১৩ ডিজিটের বিআইএন, এনবিআর ভ্যাট হার, ভ্যাট অন্তর্ভুক্তি মোড, উৎসে কর কর্তন এবং মাসিক মূসক রিটার্ন সারাংশ পরিচালনা করুন।","hint","","","scanned"
"code.page.print_worksheet","app\[tenantSlug]\tax\page.tsx","tax","Print Worksheet","ওয়ার্কশিট প্রিন্ট","label","","","scanned"
"code.page.document_templates","app\[tenantSlug]\tax\page.tsx","tax","Document Templates","ডকুমেন্ট টেমপ্লেট","label","","","scanned"
"code.page.nbr_monthly_vat_return_su","app\[tenantSlug]\tax\page.tsx","tax","NBR Monthly VAT Return Summary (Mushak-9.1)","এনবিআর মাসিক মূসক রিটার্ন সারাংশ (মূসক-৯.১)","label","","","scanned"
"code.page.this_month","app\[tenantSlug]\tax\page.tsx","tax","This Month","চলতি মাস","label","","","scanned"
"code.page.last_month","app\[tenantSlug]\tax\page.tsx","tax","Last Month","গত মাস","label","","","scanned"
"code.page.govt_tax_due","app\[tenantSlug]\tax\page.tsx","tax","Govt Tax Due","সরকারি কোষাগারে প্রদেয়","label","","","scanned"
"prop.title.1_gross_taxable_turnover","app\[tenantSlug]\tax\page.tsx","tax","1. Gross Taxable Turnover","১. মোট করযোগ্য বিক্রয়","title","","","scanned"
"code.page.invoices","app\[tenantSlug]\tax\page.tsx","tax","invoices","চালান","label","","","scanned"
"prop.title.total_revenue","app\[tenantSlug]\tax\page.tsx","tax","Total Revenue","মোট বাণিজ্যিক ও খুচরা রাজস্ব","title","","","scanned"
"prop.title.2_output_vat","app\[tenantSlug]\tax\page.tsx","tax","2. Output VAT","২. প্রদেয় বিক্রয় মূসক","title","","","scanned"
"prop.title.collected_from_buyers","app\[tenantSlug]\tax\page.tsx","tax","Collected from buyers","ক্রেতাদের কাছ থেকে সংগৃহীত","title","","","scanned"
"prop.title.3_input_vat_rebate","app\[tenantSlug]\tax\page.tsx","tax","3. Input VAT Rebate","৩. অনুমোদিত রেয়াত","title","","","scanned"
"code.page.bills","app\[tenantSlug]\tax\page.tsx","tax","bills","বিল","label","","","scanned"
"prop.title.paid_on_raw_materials","app\[tenantSlug]\tax\page.tsx","tax","Paid on Raw Materials","কাঁচামাল ক্রয়ের উপর প্রদেয় ভ্যাট","title","","","scanned"
"code.page.master_vat_pricing_polici","app\[tenantSlug]\tax\page.tsx","tax","Master VAT & Pricing Policies","ভ্যাট নীতি ও মূল্য নির্ধারণ মোড","label","","","scanned"
"code.page.vat_active","app\[tenantSlug]\tax\page.tsx","tax","VAT Active","ভ্যাট সক্রিয়","label","","","scanned"
"code.page.enabled","app\[tenantSlug]\tax\page.tsx","tax","Enabled","চালু","label","","","scanned"
"code.page.disabled","app\[tenantSlug]\tax\page.tsx","tax","Disabled","বন্ধ","label","","","scanned"
"code.page.pricing_calculation_mode","app\[tenantSlug]\tax\page.tsx","tax","Pricing Calculation Mode","মূল্য ও ভ্যাট হিসাবের মোড","label","","","scanned"
"code.page.vat_exclusive","app\[tenantSlug]\tax\page.tsx","tax","VAT-Exclusive","মূল্য + ভ্যাট (এক্সক্লুসিভ)","label","","","scanned"
"code.page.vat_is_added_on_top_of_it","app\[tenantSlug]\tax\page.tsx","tax","VAT is added on top of item rate. Standard for commercial B2B printing.","পণ্যের মূল্যের সাথে অতিরিক্ত ভ্যাট যুক্ত হবে।","label","","","scanned"
"code.page.vat_inclusive","app\[tenantSlug]\tax\page.tsx","tax","VAT-Inclusive","ভ্যাটসহ (ইনক্লুসিভ)","label","","","scanned"
"code.page.item_price_already_contai","app\[tenantSlug]\tax\page.tsx","tax","Item price already contains VAT. Standard for retail digital POS counters.","পণ্যের নির্ধারিত মূল্যের ভেতর ভ্যাট অন্তর্ভুক্ত থাকবে।","label","","","scanned"
"code.page.default_nbr_vat_rate_","app\[tenantSlug]\tax\page.tsx","tax","Default NBR VAT Rate (%)","ডিফল্ট এনবিআর ভ্যাট হার (%)","label","","","scanned"
"code.page.withholding_tax_source_de","app\[tenantSlug]\tax\page.tsx","tax","Withholding Tax & Source Deductions (VDS / TDS)","উৎসে মূসক ও কর কর্তন সেটিংস","label","","","scanned"
"code.page.vds_vat_deducted_at_sourc","app\[tenantSlug]\tax\page.tsx","tax","VDS (VAT Deducted at Source)","উৎসে মূসক কর্তন","label","","","scanned"
"code.page.withheld_by_corporate_ins","app\[tenantSlug]\tax\page.tsx","tax","Withheld by corporate & institutional clients","কর্পোরেট গ্রাহক কর্তৃক কর্তিত মূসক","label","","","scanned"
"code.page.active","app\[tenantSlug]\tax\page.tsx","tax","Active","সক্রিয়","label","","","scanned"
"code.page.default_vds_deduction_rat","app\[tenantSlug]\tax\page.tsx","tax","Default VDS Deduction Rate:","ডিফল্ট কর্তন হার:","label","","","scanned"
"code.page.tds_income_tax_deducted_a","app\[tenantSlug]\tax\page.tsx","tax","TDS (Income Tax Deducted at Source)","উৎসে আয়কর কর্তন","label","","","scanned"
"code.page.income_tax_deducted_on_su","app\[tenantSlug]\tax\page.tsx","tax","Income tax deducted on supply of print goods","প্রিন্টিং পণ্য সরবরাহের বিপরীতে কর্তিত আয়কর","label","","","scanned"
"code.page.active","app\[tenantSlug]\tax\page.tsx","tax","Active","সক্রিয়","label","","","scanned"
"code.page.default_tds_deduction_rat","app\[tenantSlug]\tax\page.tsx","tax","Default TDS Deduction Rate:","ডিফল্ট আয়কর কর্তন হার:","label","","","scanned"
"code.page.national_board_of_revenue","app\[tenantSlug]\tax\page.tsx","tax","National Board of Revenue (NBR) Legal Particulars","জাতীয় রাজস্ব বোর্ড (এনবিআর) নিবন্ধনের তথ্য","label","","","scanned"
"code.page.13_digit_business_identif","app\[tenantSlug]\tax\page.tsx","tax","13-Digit Business Identification Number (BIN)","১৩ ডিজিটের মূসক নিবন্ধন নম্বর","label","","","scanned"
"code.page.12_digit_taxpayer_identif","app\[tenantSlug]\tax\page.tsx","tax","12-Digit Taxpayer Identification Number (TIN)","১২ ডিজিটের ই-টিন নম্বর","label","","","scanned"
"code.page.trade_license_number","app\[tenantSlug]\tax\page.tsx","tax","Trade License Number","ট্রেড লাইসেন্স নম্বর","label","","","scanned"
"code.page.vat_commissionerate","app\[tenantSlug]\tax\page.tsx","tax","VAT Commissionerate","কাস্টমস, এক্সাইজ ও ভ্যাট কমিশনারেট","label","","","scanned"
"code.page.vat_circle_division","app\[tenantSlug]\tax\page.tsx","tax","VAT Circle / Division","ভ্যাট সার্কেল ও রাজস্ব বিভাগ","label","","","scanned"
"code.page.vat_authorized_officer_in","app\[tenantSlug]\tax\page.tsx","tax","VAT Authorized Officer / In-Charge","দায়িত্বপ্রাপ্ত মূসক কর্মকর্তা","label","","","scanned"
"code.page.tax_officer_contact_mobil","app\[tenantSlug]\tax\page.tsx","tax","Tax Officer Contact Mobile","কর্মকর্তার মোবাইল নম্বর","label","","","scanned"
"code.page.statutory_nbr_documents_a","app\[tenantSlug]\tax\page.tsx","tax","Statutory NBR Documents Auto-Generation","এনবিআর সংবিধিবদ্ধ দলিল স্বয়ংক্রিয় তৈরি","label","","","scanned"
"code.page.mushak_6_3_tax_invoice_","app\[tenantSlug]\tax\page.tsx","tax","Mushak 6.3 (Tax Invoice)","মূসক-৬.৩ কর চালান","label","","","scanned"
"code.page.mushak_6_5_factory_transf","app\[tenantSlug]\tax\page.tsx","tax","Mushak 6.5 (Factory Transfer)","মূসক-৬.৫ কারখানা চালান","label","","","scanned"
"code.page.mushak_6_6_vds_certificat","app\[tenantSlug]\tax\page.tsx","tax","Mushak 6.6 (VDS Certificate)","মূসক-৬.৬ কর্তন সনদ","label","","","scanned"
"code.page.save_tax_vat_settings","app\[tenantSlug]\tax\page.tsx","tax","Save Tax & VAT Settings","ভ্যাট ও ট্যাক্স সেটিংস সংরক্ষণ করুন","label","","","scanned"
"code.page.live_pricing_vat_withhold","app\[tenantSlug]\tax\page.tsx","tax","Live Pricing, VAT & Withholding Simulator","লাইভ প্রাইসিং, ভ্যাট ও উৎসে কর সিমুলেটর","label","","","scanned"
"code.page.order_amount","app\[tenantSlug]\tax\page.tsx","tax","Order Amount","অর্ডার মূল্য","label","","","scanned"
"code.page.vat_rate_","app\[tenantSlug]\tax\page.tsx","tax","VAT Rate (%)","ভ্যাট হার (%)","label","","","scanned"
"code.page.pricing_mode","app\[tenantSlug]\tax\page.tsx","tax","Pricing Mode","মূল্য মোড","label","","","scanned"
"code.page.vds_deduction_","app\[tenantSlug]\tax\page.tsx","tax","VDS Deduction (%)","উৎসে মূসক কর্তন (%)","label","","","scanned"
"code.page.tds_deduction_","app\[tenantSlug]\tax\page.tsx","tax","TDS Deduction (%)","উৎসে আয়কর কর্তন (%)","label","","","scanned"
"code.page.base_price","app\[tenantSlug]\tax\page.tsx","tax","Base Price","মূল পণ্যের দাম","label","","","scanned"
"code.page.vat_amount","app\[tenantSlug]\tax\page.tsx","tax","VAT Amount","ভ্যাট পরিমাণ","label","","","scanned"
"code.page.withheld_vds_tds_","app\[tenantSlug]\tax\page.tsx","tax","Withheld (VDS+TDS)","মোট উৎসে কর্তন","label","","","scanned"
"code.page.net_cash_bank_due","app\[tenantSlug]\tax\page.tsx","tax","Net Cash/Bank Due","নেট প্রাপ্তব্য টাকা","label","","","scanned"
"code.page.quotation","app\[tenantSlug]\trash\page.tsx","trash","Quotation","কোটেশন","label","","","scanned"
"code.page.invoice","app\[tenantSlug]\trash\page.tsx","trash","Invoice","ইনভয়েস","label","","","scanned"
"code.page.customer","app\[tenantSlug]\trash\page.tsx","trash","Customer","গ্রাহক","label","","","scanned"
"code.page.product","app\[tenantSlug]\trash\page.tsx","trash","Product","পণ্য","label","","","scanned"
"code.page.material_stock","app\[tenantSlug]\trash\page.tsx","trash","Material / Stock","কাঁচামাল ও স্টক","label","","","scanned"
"code.page.supplier","app\[tenantSlug]\trash\page.tsx","trash","Supplier","সরবরাহকারী","label","","","scanned"
"prop.title.trash_recycle_bin","app\[tenantSlug]\trash\page.tsx","trash","Trash & Recycle Bin","রিসাইকেল বিন ও ট্র্যাশ","title","","","scanned"
"prop.desc.safely_restore_or_permane","app\[tenantSlug]\trash\page.tsx","trash","Safely restore or permanently purge deleted quotations, invoices, customers, products, inventory items, and suppliers.","মুছে ফেলা কোটেশন, ইনভয়েস, গ্রাহক, পণ্য, কাঁচামাল ও সরবরাহকারীর তথ্য রিস্টোর বা স্থায়ীভাবে মুছে ফেলুন।","hint","","","scanned"
"code.page.refresh","app\[tenantSlug]\trash\page.tsx","trash","Refresh","রিফ্রেশ","label","","","scanned"
"code.page.empty_trash","app\[tenantSlug]\trash\page.tsx","trash","Empty Trash","ট্র্যাশ খালি করুন","label","","","scanned"
"code.page.30_day_auto_permanent_del","app\[tenantSlug]\trash\page.tsx","trash","30-Day Auto Permanent Deletion Policy:","৩০ দিনের স্বয়ংক্রিয় ডিলিট পলিসি:","label","","","scanned"
"prop.title.all_items","app\[tenantSlug]\trash\page.tsx","trash","All Items","সব আইটেম","title","","","scanned"
"prop.title.quotations","app\[tenantSlug]\trash\page.tsx","trash","Quotations","কোটেশন","title","","","scanned"
"prop.title.invoices","app\[tenantSlug]\trash\page.tsx","trash","Invoices","ইনভয়েস","title","","","scanned"
"prop.title.customers","app\[tenantSlug]\trash\page.tsx","trash","Customers","গ্রাহক","title","","","scanned"
"prop.title.products","app\[tenantSlug]\trash\page.tsx","trash","Products","পণ্য","title","","","scanned"
"prop.title.materials","app\[tenantSlug]\trash\page.tsx","trash","Materials","কাঁচামাল","title","","","scanned"
"prop.title.suppliers","app\[tenantSlug]\trash\page.tsx","trash","Suppliers","সরবরাহকারী","title","","","scanned"
"code.page.deleted_items_in_trash","app\[tenantSlug]\trash\page.tsx","trash","Deleted Items in Trash","ট্র্যাশে থাকা আইটেমসমূহ","label","","","scanned"
"code.page.soft_deleted_items_are_sa","app\[tenantSlug]\trash\page.tsx","trash","Soft-deleted items are safely preserved until permanent wipe","রিস্টোর বা স্থায়ীভাবে ডিলিট করুন","label","","","scanned"
"code.page.category","app\[tenantSlug]\trash\page.tsx","trash","Category","ক্যাটাগরি","label","","","scanned"
"code.page.item_title_name","app\[tenantSlug]\trash\page.tsx","trash","Item Title / Name","নাম ও বিবরণ","label","","","scanned"
"code.page.reference_code","app\[tenantSlug]\trash\page.tsx","trash","Reference / Code","রেফারেন্স / কোড","label","","","scanned"
"code.page.deleted_date","app\[tenantSlug]\trash\page.tsx","trash","Deleted Date","মুছে ফেলার তারিখ","label","","","scanned"
"code.page.auto_delete_in","app\[tenantSlug]\trash\page.tsx","trash","Auto-Delete in","স্বয়ংক্রিয় ডিলিট","label","","","scanned"
"code.page.deleted_by","app\[tenantSlug]\trash\page.tsx","trash","Deleted By","মুছেছেন","label","","","scanned"
"code.page.actions","app\[tenantSlug]\trash\page.tsx","trash","Actions","অ্যাকশন","label","","","scanned"
"code.page.trash_is_clean_no_deleted","app\[tenantSlug]\trash\page.tsx","trash","Trash is clean! No deleted items found.","ট্র্যাশ খালি! কোন মুছে ফেলা আইটেম নেই।","label","","","scanned"
"code.page.expiring_today","app\[tenantSlug]\trash\page.tsx","trash","Expiring today","আজ মেয়াদ শেষ","label","","","scanned"
"code.page.days_left","app\[tenantSlug]\trash\page.tsx","trash","days left","দিন বাকি","label","","","scanned"
"code.page.restore","app\[tenantSlug]\trash\page.tsx","trash","Restore","রিস্টোর","label","","","scanned"
"code.page.trash_is_clean_no_deleted","app\[tenantSlug]\trash\page.tsx","trash","Trash is clean! No deleted items found.","ট্র্যাশ খালি! কোন মুছে ফেলা আইটেম নেই।","label","","","scanned"
"code.page.client_updates","app\platform\audit\page.tsx","audit","Client Updates","ক্লায়েন্টের কাজ","label","","","scanned"
"code.page.support_access","app\platform\audit\page.tsx","audit","Support Access","সাপোর্ট এক্সেস","label","","","scanned"
"code.page.client","app\platform\audit\page.tsx","audit","Client","ক্লায়েন্ট","label","","","scanned"
"code.page.all_clients","app\platform\audit\page.tsx","audit","All Clients","সব ক্লায়েন্ট","label","","","scanned"
"code.page.client_","app\platform\audit\page.tsx","audit","Client:","ক্লায়েন্ট:","label","","","scanned"
"code.page.open_shop","app\platform\audit\page.tsx","audit","Open Shop","দোকান খুলুন","label","","","scanned"
"code.page.expected_monthly_income","app\platform\billing\page.tsx","billing","Expected Monthly Income","প্রত্যাশিত মাসিক আয়","label","","","scanned"
"code.page.all_active_clients","app\platform\billing\page.tsx","billing","All Active Clients","সব সচল ক্লায়েন্ট","label","","","scanned"
"code.page.rate_","app\platform\billing\page.tsx","billing","Rate:","আদায়:","label","","","scanned"
"code.page.clients","app\platform\billing\page.tsx","billing","Clients","ক্লায়েন্ট","label","","","scanned"
"code.page.failed_payments","app\platform\billing\page.tsx","billing","Failed Payments","ব্যর্থ পেমেন্ট","label","","","scanned"
"code.page.client_payments","app\platform\billing\page.tsx","billing","Client Payments","ক্লায়েন্ট পেমেন্ট","label","","","scanned"
"code.page.no_billing_records_found_","app\platform\billing\page.tsx","billing","No billing records found.","কোনো বিল রেকর্ড পাওয়া যায়নি।","label","","","scanned"
"code.page.record_of_client_payments","app\platform\billing\page.tsx","billing","Record of client payments and receipts.","ক্লায়েন্ট পেমেন্ট ও রসিদের রেকর্ড।","label","","","scanned"
"code.page.back_to_clients","app\platform\companies\[companyId]\page.tsx","[companyId]","Back to Clients","ক্লায়েন্টে ফিরে যান","label","","","scanned"
"code.page.unable_to_load_company_de","app\platform\companies\[companyId]\page.tsx","[companyId]","Unable to load company details","কোম্পানির বিবরণ লোড করা যায়নি","label","","","scanned"
"code.page.the_requested_company_rec","app\platform\companies\[companyId]\page.tsx","[companyId]","The requested company record was not found or an error occurred.","অনুরোধকৃত কোম্পানির রেকর্ড পাওয়া যায়নি অথবা কোনো ত্রুটি হয়েছে।","label","","","scanned"
"code.page.retry","app\platform\companies\[companyId]\page.tsx","[companyId]","Retry","পুনরায় চেষ্টা করুন","label","","","scanned"
"code.page.return_to_company_directo","app\platform\companies\[companyId]\page.tsx","[companyId]","Return to Company Directory","কোম্পানি তালিকায় ফিরুন","label","","","scanned"
"code.page.back_to_clients","app\platform\companies\[companyId]\page.tsx","[companyId]","Back to Clients","ক্লায়েন্টে ফিরে যান","label","","","scanned"
"code.page.users","app\platform\companies\[companyId]\page.tsx","[companyId]","Users","ইউজার","label","","","scanned"
"code.page.branches","app\platform\companies\[companyId]\page.tsx","[companyId]","Branches","শাখা","label","","","scanned"
"code.page.customers","app\platform\companies\[companyId]\page.tsx","[companyId]","Customers","কাস্টমার","label","","","scanned"
"code.page.monthly_orders","app\platform\companies\[companyId]\page.tsx","[companyId]","Monthly Orders","মাসিক অর্ডার","label","","","scanned"
"code.page.storage","app\platform\companies\[companyId]\page.tsx","[companyId]","Storage","মেমোরি","label","","","scanned"
"code.page.monthly_fee","app\platform\companies\[companyId]\page.tsx","[companyId]","Monthly Fee","মাসিক ফি","label","","","scanned"
"code.page.setup","app\platform\companies\[companyId]\page.tsx","[companyId]","Setup","সেটআপ","label","","","scanned"
"code.page.health","app\platform\companies\[companyId]\page.tsx","[companyId]","Health","অবস্থা","label","","","scanned"
"code.page.setup_progress","app\platform\companies\[companyId]\page.tsx","[companyId]","Setup Progress","সেটআপ অগ্রগতি","label","","","scanned"
"code.page.system_setup_checklist_fo","app\platform\companies\[companyId]\page.tsx","[companyId]","System setup checklist for this client.","এই ক্লায়েন্টের সিস্টেম সেটআপ তালিকা।","label","","","scanned"
"code.page.web_address_","app\platform\companies\[companyId]\page.tsx","[companyId]","Web Address:","ওয়েব ঠিকানা:","label","","","scanned"
"code.page.feature_settings","app\platform\companies\[companyId]\page.tsx","[companyId]","Feature Settings","ফিচার সেটিংস","label","","","scanned"
"code.page.activity_history","app\platform\companies\[companyId]\page.tsx","[companyId]","Activity History","কাজের ইতিহাস","label","","","scanned"
"code.page.client_health_","app\platform\companies\[companyId]\page.tsx","[companyId]","Client Health:","ক্লায়েন্ট স্বাস্থ্য:","label","","","scanned"
"code.page.you_are_entering_the_clie","app\platform\companies\[companyId]\page.tsx","[companyId]","You are entering the client account to help them. All actions are recorded.","সাহায্য করার জন্য আপনি ক্লায়েন্ট অ্যাকাউন্টে ঢুকছেন। সব কাজ রেকর্ড হবে।","label","","","scanned"
"code.page.unable_to_load_customer_s","app\platform\customer-success\page.tsx","customer-success","Unable to load customer success metrics","কাস্টমার সাকসেস মেট্রিক্স লোড করা যায়নি","label","","","scanned"
"code.page.an_unexpected_error_occur","app\platform\customer-success\page.tsx","customer-success","An unexpected error occurred while fetching company adoption data.","কোম্পানি ডেটা লোড করার সময় একটি ত্রুটি হয়েছে।","label","","","scanned"
"code.page.retry","app\platform\customer-success\page.tsx","customer-success","Retry","পুনরায় চেষ্টা করুন","label","","","scanned"
"code.page.inactive_clients_7_days_","app\platform\customer-success\page.tsx","customer-success","Inactive Clients (7+ Days)","নিষ্ক্রিয় ক্লায়েন্ট (৭+ দিন)","label","","","scanned"
"code.page.at_risk_clients","app\platform\customer-success\page.tsx","customer-success","At-Risk Clients","ঝুঁকিতে থাকা ক্লায়েন্ট","label","","","scanned"
"code.page.fast_growing_clients","app\platform\customer-success\page.tsx","customer-success","Fast Growing Clients","দ্রুত বর্ধনশীল ক্লায়েন্ট","label","","","scanned"
"code.error.something_went_wrong","app\platform\error.tsx","platform","Something Went Wrong","কিছু ভুল হয়েছে","label","","","scanned"
"code.error.an_unexpected_problem_occ","app\platform\error.tsx","platform","An unexpected problem occurred. Please try again.","একটি সমস্যা দেখা দিয়েছে। আবার চেষ্টা করুন।","label","","","scanned"
"code.error.try_again","app\platform\error.tsx","platform","Try Again","আবার চেষ্টা","label","","","scanned"
"code.error.home","app\platform\error.tsx","platform","Home","হোম","label","","","scanned"
"code.page.client_settings","app\platform\features\page.tsx","features","Client Settings","বিশেষ ফিচার","label","","","scanned"
"code.page.client_features","app\platform\features\page.tsx","features","Client Features","নির্দিষ্ট ক্লায়েন্ট","label","","","scanned"
"code.page.special_setting","app\platform\features\page.tsx","features","Special Setting","বিশেষ সেটিং","label","","","scanned"
"code.page.settings_apply_to_all_cli","app\platform\features\page.tsx","features","Settings apply to all clients unless changed individually.","সবার জন্য চালু থাকে যদি না আলাদা পরিবর্তন করা হয়।","label","","","scanned"
"code.page.set_for_client","app\platform\features\page.tsx","features","Set for Client","ক্লায়েন্টে পরিবর্তন","label","","","scanned"
"code.page.selected_client","app\platform\features\page.tsx","features","Selected Client","বাছাইকৃত ক্লায়েন্ট","label","","","scanned"
"code.page.select_client_","app\platform\features\page.tsx","features","Select Client:","ক্লায়েন্ট বাছুন:","label","","","scanned"
"code.page.custom_setting_active","app\platform\features\page.tsx","features","Custom Setting Active","বিশেষ সেটিং চালু","label","","","scanned"
"code.page.client_feature_setting","app\platform\features\page.tsx","features","Client Feature Setting","ক্লায়েন্ট ফিচার নির্ধারণ","label","","","scanned"
"code.page.select_client","app\platform\features\page.tsx","features","Select Client","ক্লায়েন্ট বাছুন","label","","","scanned"
"code.page.saving_","app\platform\features\page.tsx","features","Saving...","সেভ হচ্ছে...","label","","","scanned"
"code.page.back_to_login","app\platform\forgot-password\page.tsx","forgot-password","Back to Login","লগইনে ফিরে যান","label","","","scanned"
"code.page.email","app\platform\forgot-password\page.tsx","forgot-password","Email","ইমেইল","label","","","scanned"
"code.page.reset_link_expires_after_","app\platform\forgot-password\page.tsx","forgot-password","Reset link expires after 15 minutes for your safety.","নিরাপত্তার জন্য রিসেট লিংক ১৫ মিনিট পর বাতিল হয়ে যাবে।","label","","","scanned"
"code.page.sending_","app\platform\forgot-password\page.tsx","forgot-password","Sending...","পাঠানো হচ্ছে...","label","","","scanned"
"code.page.cloud_storage","app\platform\health\page.tsx","health","Cloud Storage","ক্লাউড স্টোরেজ","label","","","scanned"
"code.page.limit","app\platform\health\page.tsx","health","Limit","লিমিট","label","","","scanned"
"code.page.system_issues","app\platform\incidents\page.tsx","incidents","System Issues","সিস্টেম সমস্যা","label","","","scanned"
"code.page.track_system_problems_and","app\platform\incidents\page.tsx","incidents","Track system problems and solutions.","সিস্টেমের সমস্যা ও সমাধান দেখুন।","label","","","scanned"
"code.page.problem_reason_","app\platform\incidents\page.tsx","incidents","Problem Reason:","সমস্যার কারণ:","label","","","scanned"
"code.page.fix_details_","app\platform\incidents\page.tsx","incidents","Fix Details:","সমাধান বিবরণ:","label","","","scanned"
"code.page.affected_clients_","app\platform\incidents\page.tsx","incidents","Affected Clients:","ক্ষতিগ্রস্ত ক্লায়েন্ট:","label","","","scanned"
"code.page.update_issue_","app\platform\incidents\page.tsx","incidents","Update Issue:","সমস্যা আপডেট:","label","","","scanned"
"code.page.issue_status","app\platform\incidents\page.tsx","incidents","Issue Status","সমস্যার অবস্থা","label","","","scanned"
"code.page.fix_details","app\platform\incidents\page.tsx","incidents","Fix Details","সমাধান বিবরণ","label","","","scanned"
"code.page.describe_the_problem_and_","app\platform\incidents\page.tsx","incidents","Describe the problem and how it was fixed...","সমস্যা ও সমাধান বিবরণ লিখুন...","label","","","scanned"
"code.page.saving_","app\platform\incidents\page.tsx","incidents","Saving...","সংরক্ষণ হচ্ছে...","label","","","scanned"
"code.page.configured","app\platform\integrations\page.tsx","integrations","Configured","সেটআপ করা","label","","","scanned"
"code.page.saved_connections","app\platform\integrations\page.tsx","integrations","Saved connections","সংরক্ষিত সংযোগ","label","","","scanned"
"code.page.connected","app\platform\integrations\page.tsx","integrations","Connected","সচল","label","","","scanned"
"code.page.working_properly","app\platform\integrations\page.tsx","integrations","Working properly","সঠিকভাবে চলছে","label","","","scanned"
"code.page.needs_check","app\platform\integrations\page.tsx","integrations","Needs Check","যাচাই প্রয়োজন","label","","","scanned"
"code.page.has_errors_or_issues","app\platform\integrations\page.tsx","integrations","Has errors or issues","ত্রুটি বা সমস্যা আছে","label","","","scanned"
"code.page.disabled","app\platform\integrations\page.tsx","integrations","Disabled","বন্ধ","label","","","scanned"
"code.page.turned_off","app\platform\integrations\page.tsx","integrations","Turned off","বন্ধ রাখা হয়েছে","label","","","scanned"
"code.page.system_tasks","app\platform\jobs\page.tsx","jobs","System Tasks","সিস্টেমের কাজ","label","","","scanned"
"code.page.view_and_run_background_s","app\platform\jobs\page.tsx","jobs","View and run background system tasks.","সিস্টেমের চলমান কাজ দেখুন ও চালান।","label","","","scanned"
"code.page.task_list","app\platform\jobs\page.tsx","jobs","Task List","কাজের তালিকা","label","","","scanned"
"code.page.automatic_tasks_running_i","app\platform\jobs\page.tsx","jobs","Automatic tasks running in the system.","সিস্টেমে স্বয়ংক্রিয় কাজ চলছে।","label","","","scanned"
"code.page.task","app\platform\jobs\page.tsx","jobs","Task","কাজ","label","","","scanned"
"code.page.client","app\platform\jobs\page.tsx","jobs","Client","ক্লায়েন্ট","label","","","scanned"
"code.page.status","app\platform\jobs\page.tsx","jobs","Status","অবস্থা","label","","","scanned"
"code.page.tries","app\platform\jobs\page.tsx","jobs","Tries","চেষ্টা","label","","","scanned"
"code.page.time","app\platform\jobs\page.tsx","jobs","Time","সময়","label","","","scanned"
"code.page.schedule","app\platform\jobs\page.tsx","jobs","Schedule","সময়সূচী","label","","","scanned"
"code.page.action","app\platform\jobs\page.tsx","jobs","Action","অ্যাকশন","label","","","scanned"
"code.page.all_clients","app\platform\jobs\page.tsx","jobs","All Clients","সকল ক্লায়েন্ট","label","","","scanned"
"code.page.task_details_","app\platform\jobs\page.tsx","jobs","Task Details:","কাজের বিবরণ:","label","","","scanned"
"code.layout.redirecting_to_platform_l","app\platform\layout.tsx","platform","Redirecting to platform login...","প্ল্যাটফর্ম লগইনে পুনঃনির্দেশ করা হচ্ছে...","label","","","scanned"
"code.page.you_do_not_have_access_to","app\platform\login\page.tsx","login","You do not have access to the owner panel.","আপনার এই প্যানেলে প্রবেশের অনুমতি নেই।","label","","","scanned"
"code.page.this_account_has_been_sto","app\platform\login\page.tsx","login","This account has been stopped. Contact support.","এই অ্যাকাউন্ট বন্ধ করা হয়েছে। সাপোর্টে কথা বলুন।","label","","","scanned"
"code.page.wrong_email_or_password_p","app\platform\login\page.tsx","login","Wrong email or password. Please try again.","ভুল ইমেইল বা পাসওয়ার্ড। আবার চেষ্টা করুন।","label","","","scanned"
"code.page.internet_problem_check_co","app\platform\login\page.tsx","login","Internet problem. Check connection and try again.","ইন্টারনেট সমস্যা। সংযোগ পরীক্ষা করে আবার চেষ্টা করুন।","label","","","scanned"
"code.page.could_not_sign_in_please_","app\platform\login\page.tsx","login","Could not sign in. Please try again.","সাইন ইন করা যায়নি। আবার চেষ্টা করুন।","label","","","scanned"
"code.page.system_active","app\platform\login\page.tsx","login","System Active","সিস্টেম সচল","label","","","scanned"
"code.page.platform_owner","app\platform\login\page.tsx","login","PLATFORM OWNER","প্ল্যাটফর্ম মালিক","label","","","scanned"
"code.page.operate_inkflow_","app\platform\login\page.tsx","login","Operate InkFlow.","ইঙ্কফ্লো পরিচালনা করুন।","label","","","scanned"
"code.page.securely_","app\platform\login\page.tsx","login","Securely.","সম্পূর্ণ নিরাপদে।","label","","","scanned"
"code.page.owner_access","app\platform\login\page.tsx","login","Owner access","মালিকের একাউন্ট","label","","","scanned"
"code.page.built_for_authorized_staf","app\platform\login\page.tsx","login","Built for authorized staff only.","শুধুমাত্র অনুমোদিত কর্মীদের জন্য।","label","","","scanned"
"code.page.separate_clients","app\platform\login\page.tsx","login","Separate clients","আলাদা ক্লায়েন্ট","label","","","scanned"
"code.page.keep_every_business_separ","app\platform\login\page.tsx","login","Keep every business separate and secure.","প্রতিটি ক্লায়েন্ট আলাদা ও নিরাপদ থাকে।","label","","","scanned"
"code.page.safe_and_secure","app\platform\login\page.tsx","login","Safe and secure","নিরাপদ লগইন","label","","","scanned"
"code.page.your_data_and_actions_are","app\platform\login\page.tsx","login","Your data and actions are always protected.","আপনার তথ্য সর্বদা সুরক্ষিত থাকে।","label","","","scanned"
"code.page.platform_owner","app\platform\login\page.tsx","login","Platform Owner","প্ল্যাটফর্ম মালিক","label","","","scanned"
"code.page.enter_the_6_digit_code_","app\platform\login\page.tsx","login","Enter the 6-digit code.","৬-সংখ্যার কোড লিখুন।","label","","","scanned"
"code.page.sign_in_to_control_center","app\platform\login\page.tsx","login","Sign in to control center.","কন্ট্রোল সেন্টারে সাইন ইন করুন।","label","","","scanned"
"code.page.authorized_staff_only_","app\platform\login\page.tsx","login","Authorized staff only.","শুধুমাত্র অনুমোদিত কর্মীরা।","label","","","scanned"
"code.page.try_again","app\platform\login\page.tsx","login","Try Again","আবার চেষ্টা","label","","","scanned"
"code.page.signing_in_","app\platform\login\page.tsx","login","Signing in:","লগইন হচ্ছে:","label","","","scanned"
"code.page.6_digit_code","app\platform\login\page.tsx","login","6-DIGIT CODE","৬-সংখ্যার কোড","label","","","scanned"
"code.page.back","app\platform\login\page.tsx","login","Back","পেছনে","label","","","scanned"
"code.page.verifying_","app\platform\login\page.tsx","login","Verifying...","যাচাই হচ্ছে...","label","","","scanned"
"code.page.email_username_or_mobile","app\platform\login\page.tsx","login","Email, Username or Mobile","ইমেইল, ইউজারনেম বা মোবাইল","label","","","scanned"
"code.page.admin_inkflow_com_bd_017_","app\platform\login\page.tsx","login","admin@inkflow.com.bd, 017...","ইমেইল বা ০১...","label","","","scanned"
"code.page.password","app\platform\login\page.tsx","login","Password","পাসওয়ার্ড","label","","","scanned"
"code.page.enter_your_password","app\platform\login\page.tsx","login","Enter your password","পাসওয়ার্ড লিখুন","label","","","scanned"
"code.page.forgot_password_","app\platform\login\page.tsx","login","Forgot password?","পাসওয়ার্ড ভুলে গেছেন?","label","","","scanned"
"code.page.signing_in_","app\platform\login\page.tsx","login","Signing in...","সাইন ইন হচ্ছে...","label","","","scanned"
"code.page.sign_in","app\platform\login\page.tsx","login","Sign In","লগইন করুন","label","","","scanned"
"code.page.or","app\platform\login\page.tsx","login","OR","অথবা","label","","","scanned"
"code.page.looking_for_your_printing","app\platform\login\page.tsx","login","Looking for your printing shop ERP?","আপনার নিজস্ব শপ ERP খুঁজছেন?","label","","","scanned"
"code.page.shop_login","app\platform\login\page.tsx","login","Shop Login","শপ লগইন","label","","","scanned"
"code.page.privacy","app\platform\login\page.tsx","login","Privacy","প্রাইভেসি","label","","","scanned"
"code.page.terms","app\platform\login\page.tsx","login","Terms","শর্তাবলী","label","","","scanned"
"code.page.support","app\platform\login\page.tsx","login","Support","সাপোর্ট","label","","","scanned"
"code.page.limit_alerts","app\platform\notifications\page.tsx","notifications","Limit Alerts","লিমিট সতর্কতা","label","","","scanned"
"code.page.clients","app\platform\notifications\page.tsx","notifications","Clients","ক্লায়েন্ট","label","","","scanned"
"code.page.limit_alerts","app\platform\notifications\page.tsx","notifications","Limit Alerts","লিমিট সতর্কতা","label","","","scanned"
"code.page.search_notifications_","app\platform\notifications\page.tsx","notifications","Search notifications...","নোটিফিকেশন খুঁজুন...","label","","","scanned"
"code.page.send_an_alert_to_client_d","app\platform\notifications\page.tsx","notifications","Send an alert to client dashboards.","ক্লায়েন্ট ড্যাশবোর্ডে বার্তা পাঠান।","label","","","scanned"
"code.page.all_clients","app\platform\notifications\page.tsx","notifications","All Clients","সব ক্লায়েন্ট","label","","","scanned"
"code.page.one_client","app\platform\notifications\page.tsx","notifications","One Client","একজন ক্লায়েন্ট","label","","","scanned"
"code.page.client_id","app\platform\notifications\page.tsx","notifications","Client ID","ক্লায়েন্ট আইডি","label","","","scanned"
"code.page.could_not_load_data","app\platform\page.tsx","platform","Could Not Load Data","তথ্য লোড করা যায়নি","label","","","scanned"
"code.page.retry","app\platform\page.tsx","platform","Retry","আবার চেষ্টা করুন","label","","","scanned"
"code.page.clients","app\platform\page.tsx","platform","Clients","ক্লায়েন্ট","label","","","scanned"
"code.page.control_center","app\platform\page.tsx","platform","Control Center","কন্ট্রোল সেন্টার","label","","","scanned"
"code.page.overview","app\platform\page.tsx","platform","Overview","সারসংক্ষেপ","label","","","scanned"
"code.page.clients_plans_and_system_","app\platform\page.tsx","platform","Clients, plans, and system status.","ক্লায়েন্ট, প্ল্যান ও সিস্টেম অবস্থা।","label","","","scanned"
"code.page.refresh","app\platform\page.tsx","platform","Refresh","রিফ্রেশ","label","","","scanned"
"code.page.clients","app\platform\page.tsx","platform","Clients","ক্লায়েন্ট","label","","","scanned"
"code.page.ready_to_start","app\platform\page.tsx","platform","Ready to Start","শুরু করতে প্রস্তুত","label","","","scanned"
"code.page.no_clients_yet","app\platform\page.tsx","platform","No Clients Yet","এখনও কোনো ক্লায়েন্ট নেই","label","","","scanned"
"code.page.add_your_first_client_to_","app\platform\page.tsx","platform","Add your first client to start using the system.","সিস্টেম শুরু করতে প্রথম ক্লায়েন্ট যুক্ত করুন।","label","","","scanned"
"code.page.add_client","app\platform\page.tsx","platform","Add Client","ক্লায়েন্ট যোগ করুন","label","","","scanned"
"code.page.needs_attention","app\platform\page.tsx","platform","Needs Attention","জরুরি নজর","label","","","scanned"
"code.page.urgent","app\platform\page.tsx","platform","Urgent","জরুরি","label","","","scanned"
"code.page.issues","app\platform\page.tsx","platform","Issues","সমস্যা","label","","","scanned"
"code.page.most_urgent_first","app\platform\page.tsx","platform","Most urgent first","জরুরি বিষয় আগে","label","","","scanned"
"code.page.everything_is_normal_","app\platform\page.tsx","platform","Everything is normal.","সব কিছু ঠিক চলছে।","label","","","scanned"
"code.page.all_clients_and_services_","app\platform\page.tsx","platform","All clients and services are running well.","সব ক্লায়েন্ট ও সেবা ভালো চলছে।","label","","","scanned"
"code.page.urgent","app\platform\page.tsx","platform","Urgent","জরুরি","label","","","scanned"
"code.page.warning","app\platform\page.tsx","platform","Warning","সতর্কতা","label","","","scanned"
"code.page.notice","app\platform\page.tsx","platform","Notice","নোটিশ","label","","","scanned"
"code.page.client","app\platform\page.tsx","platform","Client","ক্লায়েন্ট","label","","","scanned"
"code.page.key_numbers","app\platform\page.tsx","platform","Key Numbers","মূল হিসাব","label","","","scanned"
"code.page.active_clients","app\platform\page.tsx","platform","Active Clients","সচল ক্লায়েন্ট","label","","","scanned"
"code.page.monthly_income","app\platform\page.tsx","platform","Monthly Income","মাসিক আয়","label","","","scanned"
"code.page.year_","app\platform\page.tsx","platform","Year:","বছর:","label","","","scanned"
"code.page.free_trials","app\platform\page.tsx","platform","Free Trials","ফ্রি ট্রায়াল","label","","","scanned"
"code.page.running","app\platform\page.tsx","platform","Running","চলমান","label","","","scanned"
"code.page.late_payments","app\platform\page.tsx","platform","Late Payments","বাকি পেমেন্ট","label","","","scanned"
"code.page.action_needed","app\platform\page.tsx","platform","Action needed","পদক্ষেপ প্রয়োজন","label","","","scanned"
"code.page.orders_done","app\platform\page.tsx","platform","Orders Done","মোট অর্ডার","label","","","scanned"
"code.page.this_month","app\platform\page.tsx","platform","This month","এই মাসে","label","","","scanned"
"code.page.storage_used","app\platform\page.tsx","platform","Storage Used","ব্যবহৃত মেমোরি","label","","","scanned"
"code.page.used","app\platform\page.tsx","platform","used","ব্যবহৃত","label","","","scanned"
"code.page.unlimited","app\platform\page.tsx","platform","Unlimited","সীমাহীন","label","","","scanned"
"code.page.client_health","app\platform\page.tsx","platform","Client Health","ক্লায়েন্টের অবস্থা","label","","","scanned"
"code.page.status_of_all_clients_","app\platform\page.tsx","platform","Status of all clients.","সব ক্লায়েন্টের হালনাগাদ অবস্থা।","label","","","scanned"
"code.page.view_all_","app\platform\page.tsx","platform","View All →","সব দেখুন →","label","","","scanned"
"code.page.good","app\platform\page.tsx","platform","Good","সুস্থ","label","","","scanned"
"code.page.normal","app\platform\page.tsx","platform","Normal","স্বাভাবিক","label","","","scanned"
"code.page.at_risk","app\platform\page.tsx","platform","At Risk","ঝুঁকিতে","label","","","scanned"
"code.page.near_limit","app\platform\page.tsx","platform","Near limit","লিমিটের কাছে","label","","","scanned"
"code.page.urgent","app\platform\page.tsx","platform","Urgent","জরুরি","label","","","scanned"
"code.page.payment_late","app\platform\page.tsx","platform","Payment late","পেমেন্ট বাকি","label","","","scanned"
"code.page.stopped","app\platform\page.tsx","platform","Stopped","বন্ধ","label","","","scanned"
"code.page.locked","app\platform\page.tsx","platform","Locked","লক করা","label","","","scanned"
"code.page.based_on_payments_storage","app\platform\page.tsx","platform","Based on payments, storage, and errors.","পেমেন্ট, মেমোরি ও ভুলের হিসাব থেকে।","label","","","scanned"
"code.page.details_","app\platform\page.tsx","platform","Details →","বিস্তারিত →","label","","","scanned"
"code.page.plans_income","app\platform\page.tsx","platform","Plans & Income","প্ল্যান ও আয়","label","","","scanned"
"code.page.monthly_income_by_plan_","app\platform\page.tsx","platform","Monthly income by plan.","প্ল্যান অনুযায়ী মাসিক আয়।","label","","","scanned"
"code.page.all_plans_","app\platform\page.tsx","platform","All Plans →","সব প্ল্যান →","label","","","scanned"
"code.page.clients","app\platform\page.tsx","platform","clients","জন","label","","","scanned"
"code.page.mo","app\platform\page.tsx","platform","mo","মাস","label","","","scanned"
"code.page.no_plans_yet","app\platform\page.tsx","platform","No plans yet","এখনও কোনো প্ল্যান নেই","label","","","scanned"
"code.page.income_appears_when_clien","app\platform\page.tsx","platform","Income appears when clients subscribe.","ক্লায়েন্ট যুক্ত হলে হিসাব দেখাবে।","label","","","scanned"
"code.page.total_monthly_income","app\platform\page.tsx","platform","Total Monthly Income","মোট মাসিক আয়","label","","","scanned"
"code.page.system_health","app\platform\page.tsx","platform","System Health","সিস্টেম স্বাস্থ্য","label","","","scanned"
"code.page.view_details_","app\platform\page.tsx","platform","View Details →","বিস্তারিত দেখুন →","label","","","scanned"
"code.page.off","app\platform\page.tsx","platform","Off","বন্ধ","label","","","scanned"
"code.page.ready","app\platform\page.tsx","platform","Ready","প্রস্তুত","label","","","scanned"
"code.page.running","app\platform\page.tsx","platform","Running","চালু","label","","","scanned"
"code.page.slow","app\platform\page.tsx","platform","Slow","ধীর","label","","","scanned"
"code.page.down","app\platform\page.tsx","platform","Down","বন্ধ","label","","","scanned"
"code.page.recent_activity","app\platform\page.tsx","platform","Recent Activity","সাম্প্রতিক কাজ","label","","","scanned"
"code.page.latest_staff_actions_","app\platform\page.tsx","platform","Latest staff actions.","কর্মীদের সাম্প্রতিক কাজ।","label","","","scanned"
"code.page.all_activity_","app\platform\page.tsx","platform","All Activity →","সব কাজ →","label","","","scanned"
"code.page.platform","app\platform\page.tsx","platform","Platform","প্ল্যাটফর্ম","label","","","scanned"
"code.page.action_completed","app\platform\page.tsx","platform","Action completed","কাজ সম্পন্ন","label","","","scanned"
"code.page.no_recent_actions_yet_","app\platform\page.tsx","platform","No recent actions yet.","এখনও কোনো কাজ রেকর্ড হয়নি।","label","","","scanned"
"code.page.client_numbers","app\platform\plans\page.tsx","plans","Client Numbers","ক্লায়েন্ট সংখ্যা","label","","","scanned"
"code.page.clients","app\platform\plans\page.tsx","plans","Clients","ক্লায়েন্ট","label","","","scanned"
"code.page.edit_free_trial","app\platform\plans\page.tsx","plans","Edit Free Trial","ফ্রি ট্রায়াল এডিট","label","","","scanned"
"code.page.user_branch_limits","app\platform\plans\page.tsx","plans","User & Branch Limits","ইউজার ও শাখা লিমিট","label","","","scanned"
"code.page.clients_","app\platform\plans\page.tsx","plans","Clients:","ক্লায়েন্ট:","label","","","scanned"
"code.page.clients","app\platform\plans\page.tsx","plans","clients","জন","label","","","scanned"
"code.page.plan_comparison","app\platform\plans\page.tsx","plans","Plan Comparison","প্ল্যান তুলনা","label","","","scanned"
"code.page.feature_limit","app\platform\plans\page.tsx","plans","Feature / Limit","ফিচার / লিমিট","label","","","scanned"
"code.page.monthly_orders_limit","app\platform\plans\page.tsx","plans","Monthly Orders Limit","মাসিক অর্ডার লিমিট","label","","","scanned"
"code.page.trial_limits","app\platform\plans\page.tsx","plans","Trial Limits","ট্রায়াল লিমিট","label","","","scanned"
"code.page.plan_limits","app\platform\plans\page.tsx","plans","Plan Limits","প্ল্যানের লিমিট","label","","","scanned"
"code.page.active_plan_available_for","app\platform\plans\page.tsx","plans","Active Plan (Available for clients)","সচল প্ল্যান (ক্লায়েন্টদের জন্য উন্মুক্ত)","label","","","scanned"
"code.page.my_profile","app\platform\profile\page.tsx","profile","My Profile","আমার প্রোফাইল","label","","","scanned"
"code.page.manage_your_name_phone_nu","app\platform\profile\page.tsx","profile","Manage your name, phone number, and account photo.","আপনার নাম, মোবাইল নম্বর এবং প্রোফাইল ছবি পরিবর্তন করুন।","label","","","scanned"
"code.page.refresh","app\platform\profile\page.tsx","profile","Refresh","রিফ্রেশ","label","","","scanned"
"code.page.upload","app\platform\profile\page.tsx","profile","Upload","আপলোড","label","","","scanned"
"code.page.joined_date","app\platform\profile\page.tsx","profile","Joined Date","যুক্ত হওয়ার তারিখ","label","","","scanned"
"code.page.last_login","app\platform\profile\page.tsx","profile","Last Login","সর্বশেষ লগইন","label","","","scanned"
"code.page.active_devices","app\platform\profile\page.tsx","profile","Active Devices","চলমান ডিভাইস","label","","","scanned"
"code.page.security","app\platform\profile\page.tsx","profile","Security","নিরাপত্তা","label","","","scanned"
"code.page.two_step_login_otp_","app\platform\profile\page.tsx","profile","Two-Step Login (OTP)","দুই ধাপ যাচাই (ওটিপি)","label","","","scanned"
"code.page.password","app\platform\profile\page.tsx","profile","Password","পাসওয়ার্ড","label","","","scanned"
"code.page.edit_profile","app\platform\profile\page.tsx","profile","Edit Profile","প্রোফাইল পরিবর্তন","label","","","scanned"
"code.page.update_your_name_contact_","app\platform\profile\page.tsx","profile","Update your name, contact phone, and photo.","আপনার নাম, মোবাইল নম্বর এবং ছবি পরিবর্তন করুন।","label","","","scanned"
"code.page.full_name","app\platform\profile\page.tsx","profile","Full Name","পুরো নাম","label","","","scanned"
"code.page.email_address","app\platform\profile\page.tsx","profile","Email Address","ইমেইল এড্রেস","label","","","scanned"
"code.page.phone_number","app\platform\profile\page.tsx","profile","Phone Number","মোবাইল নম্বর","label","","","scanned"
"code.page.account_role","app\platform\profile\page.tsx","profile","Account Role","রোল","label","","","scanned"
"code.page.owner_full_control_","app\platform\profile\page.tsx","profile","Owner (Full Control)","মালিক (পূর্ণ ক্ষমতা)","label","","","scanned"
"code.page.profile_photo_link_option","app\platform\profile\page.tsx","profile","Profile Photo Link (Optional)","প্রোফাইল ছবির লিংক (ঐচ্ছিক)","label","","","scanned"
"code.page.saving_","app\platform\profile\page.tsx","profile","Saving...","সংরক্ষণ হচ্ছে...","label","","","scanned"
"code.page.at_least_8_characters","app\platform\reset-password\page.tsx","reset-password","At least 8 characters","কমপক্ষে ৮টি অক্ষর","label","","","scanned"
"code.page.contains_a_number","app\platform\reset-password\page.tsx","reset-password","Contains a number","একটি সংখ্যা থাকতে হবে","label","","","scanned"
"code.page.contains_uppercase_letter","app\platform\reset-password\page.tsx","reset-password","Contains uppercase letter","বড় হাতের অক্ষর থাকতে হবে","label","","","scanned"
"code.page.passwords_match","app\platform\reset-password\page.tsx","reset-password","Passwords match","পাসওয়ার্ড দুটি মিল থাকতে হবে","label","","","scanned"
"code.page.active_logins","app\platform\sessions\page.tsx","sessions","Active Logins","চলমান লগইন","label","","","scanned"
"code.page.see_all_devices_currently","app\platform\sessions\page.tsx","sessions","See all devices currently logged in to your account.","আপনার একাউন্টে বর্তমানে লগইন থাকা সব ডিভাইস দেখুন।","label","","","scanned"
"code.page.log_out_other_devices","app\platform\sessions\page.tsx","sessions","Log Out Other Devices","অন্য সব ডিভাইস লগআউট","label","","","scanned"
"code.page.logged_in_devices","app\platform\sessions\page.tsx","sessions","Logged-in Devices","লগইন থাকা ডিভাইস","label","","","scanned"
"code.page.securely_verified","app\platform\sessions\page.tsx","sessions","Securely verified","নিরাপদ যাচাইকৃত","label","","","scanned"
"code.page.loading_devices_","app\platform\sessions\page.tsx","sessions","Loading devices...","ডিভাইস লোড হচ্ছে...","label","","","scanned"
"code.page.no_active_logins_","app\platform\sessions\page.tsx","sessions","No active logins.","কোন চলমান লগইন নেই।","label","","","scanned"
"code.page.current_device","app\platform\sessions\page.tsx","sessions","Current Device","বর্তমান ডিভাইস","label","","","scanned"
"code.page.last_active_","app\platform\sessions\page.tsx","sessions","Last active:","সর্বশেষ সক্রিয়:","label","","","scanned"
"code.page.logged_in_","app\platform\sessions\page.tsx","sessions","Logged in:","লগইন সময়:","label","","","scanned"
"code.page.logging_out_","app\platform\sessions\page.tsx","sessions","Logging out...","লগআউট হচ্ছে...","label","","","scanned"
"code.page.recent_logins","app\platform\sessions\page.tsx","sessions","Recent Logins","সাম্প্রতিক লগইন","label","","","scanned"
"code.page.view_all_activity_rarr_","app\platform\sessions\page.tsx","sessions","View All Activity &rarr;","সকল কাজের ইতিহাস দেখুন &rarr;","label","","","scanned"
"code.page.status","app\platform\sessions\page.tsx","sessions","Status","অবস্থা","label","","","scanned"
"code.page.ip_address","app\platform\sessions\page.tsx","sessions","IP Address","আইপি","label","","","scanned"
"code.page.device","app\platform\sessions\page.tsx","sessions","Device","ডিভাইস","label","","","scanned"
"code.page.location","app\platform\sessions\page.tsx","sessions","Location","স্থান","label","","","scanned"
"code.page.time","app\platform\sessions\page.tsx","sessions","Time","সময়","label","","","scanned"
"code.page.export_csv","app\platform\subscriptions\page.tsx","subscriptions","Export CSV","এক্সপোর্ট","label","","","scanned"
"code.page.plans","app\platform\subscriptions\page.tsx","subscriptions","Plans","প্ল্যান তালিকা","label","","","scanned"
"code.page.money","app\platform\subscriptions\page.tsx","subscriptions","Money","পেমেন্ট হিসাব","label","","","scanned"
"code.page.monthly_income","app\platform\subscriptions\page.tsx","subscriptions","Monthly Income","মাসিক আয়","label","","","scanned"
"code.page.year_","app\platform\subscriptions\page.tsx","subscriptions","Year:","বছর:","label","","","scanned"
"code.page.active_clients","app\platform\subscriptions\page.tsx","subscriptions","Active Clients","সচল ক্লায়েন্ট","label","","","scanned"
"code.page.highest_income","app\platform\subscriptions\page.tsx","subscriptions","Highest Income","বেশি আয়","label","","","scanned"
"code.page.client","app\platform\subscriptions\page.tsx","subscriptions","Client","ক্লায়েন্ট","label","","","scanned"
"code.page.special_limits","app\platform\subscriptions\page.tsx","subscriptions","Special Limits","বিশেষ লিমিট","label","","","scanned"
"code.page.restart_client","app\platform\subscriptions\page.tsx","subscriptions","Restart Client","ক্লায়েন্ট চালু করুন","label","","","scanned"
"code.page.stop_client","app\platform\subscriptions\page.tsx","subscriptions","Stop Client","ক্লায়েন্ট বন্ধ করুন","label","","","scanned"
"code.page.custom_limits","app\platform\subscriptions\page.tsx","subscriptions","Custom Limits","বিশেষ লিমিট","label","","","scanned"
"code.page.change_limits_for_this_cl","app\platform\subscriptions\page.tsx","subscriptions","Change limits for this client:","এই ক্লায়েন্টের লিমিট পরিবর্তন করুন:","label","","","scanned"
"code.page.stop_client","app\platform\subscriptions\page.tsx","subscriptions","Stop Client","ক্লায়েন্ট বন্ধ করুন","label","","","scanned"
"code.page.stop_this_client_they_can","app\platform\subscriptions\page.tsx","subscriptions","Stop this client? They cannot log in.","ক্লায়েন্ট বন্ধ করবেন? তারা লগইন করতে পারবে না।","label","","","scanned"
"code.page.support_sessions","app\platform\support\page.tsx","support","Support Sessions","সাপোর্ট সেশন","label","","","scanned"
"code.page.active_support_sessions","app\platform\support\page.tsx","support","Active support sessions","চলমান সাপোর্ট সেশন","label","","","scanned"
"code.page.active_session_all_action","app\platform\support\page.tsx","support","Active session: All actions inside the client account are recorded.","চলমান সেশন: ক্লায়েন্ট অ্যাকাউন্টের সব কাজ রেকর্ড হচ্ছে।","label","","","scanned"
"code.page.open_shop","app\platform\support\page.tsx","support","Open Shop","দোকান খুলুন","label","","","scanned"
"code.page.start_a_session_to_help_a","app\platform\support\page.tsx","support","Start a session to help a client with their account.","ক্লায়েন্টকে সাহায্য করতে সেশন শুরু করুন।","label","","","scanned"
"code.page.all_clients","app\platform\support\page.tsx","support","All Clients","সব ক্লায়েন্ট","label","","","scanned"
"code.page.search_client_name_","app\platform\support\page.tsx","support","Search client name...","ক্লায়েন্টের নাম খুঁজুন...","label","","","scanned"
"code.page.client","app\platform\support\page.tsx","support","Client","ক্লায়েন্ট","label","","","scanned"
"code.page.select_client","app\platform\support\page.tsx","support","Select Client","ক্লায়েন্ট বাছুন","label","","","scanned"
"code.page._select_client_","app\platform\support\page.tsx","support","-- Select Client --","-- ক্লায়েন্ট বাছুন --","label","","","scanned"
"code.page.this_reason_is_recorded_i","app\platform\support\page.tsx","support","This reason is recorded in the activity log.","এই কারণটি কাজের ইতিহাসে রেকর্ড থাকবে।","label","","","scanned"
"code.page.opening_","app\platform\support\page.tsx","support","Opening...","খুলছে...","label","","","scanned"
"code.page.total_clients","app\platform\tenants\page.tsx","tenants","Total Clients","মোট ক্লায়েন্ট","label","","","scanned"
"code.page.users","app\platform\tenants\page.tsx","tenants","users","ইউজার","label","","","scanned"
"code.page.active_clients","app\platform\tenants\page.tsx","tenants","Active Clients","সচল ক্লায়েন্ট","label","","","scanned"
"code.page.working_well","app\platform\tenants\page.tsx","tenants","Working well","সচল আছে","label","","","scanned"
"code.page.free_trials","app\platform\tenants\page.tsx","tenants","Free Trials","ফ্রি ট্রায়াল","label","","","scanned"
"code.page.testing_system","app\platform\tenants\page.tsx","tenants","Testing system","টেস্টিং","label","","","scanned"
"code.page.incomplete","app\platform\tenants\page.tsx","tenants","Incomplete","অসম্পূর্ণ","label","","","scanned"
"code.page.stopped","app\platform\tenants\page.tsx","tenants","Stopped","বন্ধ","label","","","scanned"
"code.page.access_closed","app\platform\tenants\page.tsx","tenants","Access closed","লক করা","label","","","scanned"
"code.page.monthly_income","app\platform\tenants\page.tsx","tenants","Monthly Income","মাসিক আয়","label","","","scanned"
"code.page.total_per_month","app\platform\tenants\page.tsx","tenants","Total per month","প্রতি মাসে","label","","","scanned"
"code.page.all_plans","app\platform\tenants\page.tsx","tenants","All Plans","সব প্ল্যান","label","","","scanned"
"code.page.no_clients_found","app\platform\tenants\page.tsx","tenants","No clients found","কোনো ক্লায়েন্ট পাওয়া যায়নি","label","","","scanned"
"code.page.view","app\platform\tenants\page.tsx","tenants","View","দেখুন","label","","","scanned"
"code.page.change_plan","app\platform\tenants\page.tsx","tenants","Change Plan","প্ল্যান বদলান","label","","","scanned"
"code.page.open_as_client","app\platform\tenants\page.tsx","tenants","Open as Client","ক্লায়েন্ট হিসেবে খুলুন","label","","","scanned"
"code.page.restart_client","app\platform\tenants\page.tsx","tenants","Restart Client","ক্লায়েন্ট চালু করুন","label","","","scanned"
"code.page.stop_client","app\platform\tenants\page.tsx","tenants","Stop Client","ক্লায়েন্ট বন্ধ করুন","label","","","scanned"
"code.page.delete_client","app\platform\tenants\page.tsx","tenants","Delete Client","ক্লায়েন্ট মুছুন","label","","","scanned"
"code.page.link_","app\platform\tenants\page.tsx","tenants","Link:","লিংক:","label","","","scanned"
"code.page.1_shop_details","app\platform\tenants\page.tsx","tenants","1. Shop Details","১. দোকানের তথ্য","label","","","scanned"
"code.page.shop_name","app\platform\tenants\page.tsx","tenants","Shop Name","দোকানের নাম","label","","","scanned"
"code.page.web_link","app\platform\tenants\page.tsx","tenants","Web Link","ওয়েব লিংক","label","","","scanned"
"code.page.bangla_name_optional_","app\platform\tenants\page.tsx","tenants","Bangla Name (Optional)","বাংলা নাম (ঐচ্ছিক)","label","","","scanned"
"code.page.business_type","app\platform\tenants\page.tsx","tenants","Business Type","ব্যবসার ধরন","label","","","scanned"
"code.page.2_owner_details","app\platform\tenants\page.tsx","tenants","2. Owner Details","২. মালিকের তথ্য","label","","","scanned"
"code.page.owner_name","app\platform\tenants\page.tsx","tenants","Owner Name","মালিকের নাম","label","","","scanned"
"code.page.owner_email","app\platform\tenants\page.tsx","tenants","Owner Email","মালিকের ইমেইল","label","","","scanned"
"code.page.phone_number","app\platform\tenants\page.tsx","tenants","Phone Number","ফোন নম্বর","label","","","scanned"
"code.page.password","app\platform\tenants\page.tsx","tenants","Password","পাসওয়ার্ড","label","","","scanned"
"code.page.3_address","app\platform\tenants\page.tsx","tenants","3. Address","৩. ঠিকানা","label","","","scanned"
"code.page.shop_address","app\platform\tenants\page.tsx","tenants","Shop Address","দোকানের ঠিকানা","label","","","scanned"
"code.page.currency","app\platform\tenants\page.tsx","tenants","Currency","কারেন্সি","label","","","scanned"
"code.page.4_choose_plan","app\platform\tenants\page.tsx","tenants","4. Choose Plan","৪. প্ল্যান বাছুন","label","","","scanned"
"code.page.login_details","app\platform\tenants\page.tsx","tenants","Login Details","লগইন তথ্য","label","","","scanned"
"code.page.copy_login_details","app\platform\tenants\page.tsx","tenants","Copy Login Details","লগইন তথ্য কপি","label","","","scanned"
"code.page.select_plan","app\platform\tenants\page.tsx","tenants","Select Plan","প্ল্যান বাছুন","label","","","scanned"
"code.page.reason","app\platform\tenants\page.tsx","tenants","Reason","কারণ","label","","","scanned"
"code.page.change_plan","app\platform\tenants\page.tsx","tenants","Change Plan","প্ল্যান পরিবর্তন","label","","","scanned"
"code.page.stop_client","app\platform\tenants\page.tsx","tenants","Stop Client","ক্লায়েন্ট বন্ধ করুন","label","","","scanned"
"code.page.reason_","app\platform\tenants\page.tsx","tenants","Reason *","কারণ *","label","","","scanned"
"code.page.saving_","app\platform\tenants\page.tsx","tenants","Saving...","সেভ হচ্ছে...","label","","","scanned"
"code.page.reason_","app\platform\tenants\page.tsx","tenants","Reason *","কারণ *","label","","","scanned"
"code.page.opening_","app\platform\tenants\page.tsx","tenants","Opening...","খুলছে...","label","","","scanned"
"code.page.permanent_deletion","app\platform\tenants\page.tsx","tenants","Permanent Deletion","স্থায়ীভাবে মোছা","label","","","scanned"
"code.page.reason","app\platform\tenants\page.tsx","tenants","Reason","কারণ","label","","","scanned"
"code.page.deleting_","app\platform\tenants\page.tsx","tenants","Deleting...","মুছে ফেলা হচ্ছে...","label","","","scanned"
"code.page.reason_","app\platform\tenants\page.tsx","tenants","Reason *","কারণ *","label","","","scanned"
"code.page.deleting_","app\platform\tenants\page.tsx","tenants","Deleting...","মুছে ফেলা হচ্ছে...","label","","","scanned"
"code.page.deleting_","app\platform\tenants\page.tsx","tenants","Deleting...","মুছে ফেলা হচ্ছে...","label","","","scanned"
"code.page.all_clients","app\platform\usage\page.tsx","usage","All Clients","সব ক্লায়েন্ট","label","","","scanned"
"code.page.client_limits","app\platform\usage\page.tsx","usage","Client Limits","ক্লায়েন্ট লিমিট","label","","","scanned"
"code.page.clients_near_limit","app\platform\usage\page.tsx","usage","clients near limit","জন ক্লায়েন্টের লিমিট শেষ প্রায়","label","","","scanned"
"code.page.clients_by_usage","app\platform\usage\page.tsx","usage","Clients by Usage","ব্যবহারের তালিকা","label","","","scanned"
"code.page.status_","app\platform\usage\page.tsx","usage","Status:","অবস্থা:","label","","","scanned"
"code.page.all_clients","app\platform\usage\page.tsx","usage","All Clients","সব ক্লায়েন্ট","label","","","scanned"
"code.page.urgent_90_","app\platform\usage\page.tsx","usage","Urgent (≥90%)","জরুরি (≥৯০%)","label","","","scanned"
"code.page.warning_80_","app\platform\usage\page.tsx","usage","Warning (≥80%)","সতর্কতা (≥৮০%)","label","","","scanned"
"code.page.normal_80_","app\platform\usage\page.tsx","usage","Normal (<80%)","স্বাভাবিক (<৮০%)","label","","","scanned"
"code.page.client","app\platform\usage\page.tsx","usage","Client","ক্লায়েন্ট","label","","","scanned"
"code.page.plan","app\platform\usage\page.tsx","usage","Plan","প্ল্যান","label","","","scanned"
"code.page.status","app\platform\usage\page.tsx","usage","Status","অবস্থা","label","","","scanned"
"code.page.change_limits","app\platform\usage\page.tsx","usage","Change Limits","লিমিট বদলান","label","","","scanned"
"code.printable-qr-poster.printable_qr_poster_for_l","components\attendance\printable-qr-poster.tsx","attendance","Printable QR Poster for Location Entrance","লোকেশন প্রবেশদ্বারের জন্য প্রিন্ট উপযোগী পোস্টার","label","","","scanned"
"code.new-invoice-modal.pcs","components\billing\new-invoice-modal.tsx","billing","pcs","পিস","label","","","scanned"
"code.new-invoice-modal.set","components\billing\new-invoice-modal.tsx","billing","set","সেট","label","","","scanned"
"code.new-invoice-modal.pack","components\billing\new-invoice-modal.tsx","billing","pack","প্যাক","label","","","scanned"
"code.new-invoice-modal.box","components\billing\new-invoice-modal.tsx","billing","box","বক্স","label","","","scanned"
"code.new-invoice-modal.book","components\billing\new-invoice-modal.tsx","billing","book","বই","label","","","scanned"
"code.new-invoice-modal.pad","components\billing\new-invoice-modal.tsx","billing","pad","প্যাড","label","","","scanned"
"code.new-invoice-modal.sheet","components\billing\new-invoice-modal.tsx","billing","sheet","শিট","label","","","scanned"
"code.new-invoice-modal.roll","components\billing\new-invoice-modal.tsx","billing","roll","রোল","label","","","scanned"
"code.new-invoice-modal.ream","components\billing\new-invoice-modal.tsx","billing","ream","রিম","label","","","scanned"
"code.new-invoice-modal.bundle","components\billing\new-invoice-modal.tsx","billing","bundle","বান্ডিল","label","","","scanned"
"code.new-invoice-modal.carton","components\billing\new-invoice-modal.tsx","billing","carton","কার্টুন","label","","","scanned"
"code.new-invoice-modal.pair","components\billing\new-invoice-modal.tsx","billing","pair","জোড়া","label","","","scanned"
"code.new-invoice-modal.dozen","components\billing\new-invoice-modal.tsx","billing","dozen","ডজন","label","","","scanned"
"code.new-invoice-modal.kg","components\billing\new-invoice-modal.tsx","billing","kg","কেজি","label","","","scanned"
"code.new-invoice-modal.bag","components\billing\new-invoice-modal.tsx","billing","bag","ব্যাগ","label","","","scanned"
"code.new-invoice-modal.rft","components\billing\new-invoice-modal.tsx","billing","rft","রানিং ফুট","label","","","scanned"
"code.new-invoice-modal.sft","components\billing\new-invoice-modal.tsx","billing","sft","বর্গফুট","label","","","scanned"
"code.new-invoice-modal.sq_inch","components\billing\new-invoice-modal.tsx","billing","Sq. Inch","বর্গ ইঞ্চি","label","","","scanned"
"code.new-invoice-modal.lot","components\billing\new-invoice-modal.tsx","billing","lot","লট","label","","","scanned"
"code.new-invoice-modal.sft","components\billing\new-invoice-modal.tsx","billing","sft","বর্গফুট","label","","","scanned"
"code.new-invoice-modal.rft","components\billing\new-invoice-modal.tsx","billing","rft","রানিং ফুট","label","","","scanned"
"code.new-invoice-modal.sheet","components\billing\new-invoice-modal.tsx","billing","sheet","শিট","label","","","scanned"
"code.new-invoice-modal.roll","components\billing\new-invoice-modal.tsx","billing","roll","রোল","label","","","scanned"
"code.new-invoice-modal.pcs","components\billing\new-invoice-modal.tsx","billing","pcs","পিস","label","","","scanned"
"code.new-invoice-modal.kg","components\billing\new-invoice-modal.tsx","billing","kg","কেজি","label","","","scanned"
"code.new-invoice-modal.liter","components\billing\new-invoice-modal.tsx","billing","liter","লিটার","label","","","scanned"
"code.new-invoice-modal.pre_press_verified","components\billing\new-invoice-modal.tsx","billing","Pre-Press Verified","ডিজাইন যাচাই সম্পন্ন","label","","","scanned"
"code.new-invoice-modal.offset_printing_specifica","components\billing\new-invoice-modal.tsx","billing","Offset Printing Specifications","অফসেট প্রিন্টিং বিবরণ","label","","","scanned"
"code.new-invoice-modal.3d_signage_lighting_speci","components\billing\new-invoice-modal.tsx","billing","3D Signage & Lighting Specifications","৩ডি সাইনেজ ও লাইটিং বিবরণ","label","","","scanned"
"code.new-invoice-modal.advanced_domain_material_","components\billing\new-invoice-modal.tsx","billing","Advanced Domain & Material Specs","অ্যাডভান্সড স্পেসিফিকেশন","label","","","scanned"
"code.new-invoice-modal.paper_gsm","components\billing\new-invoice-modal.tsx","billing","Paper GSM","কাগজের জিএসএম","label","","","scanned"
"code.new-invoice-modal.select_gsm","components\billing\new-invoice-modal.tsx","billing","Select GSM","জিএসএম নির্বাচন","label","","","scanned"
"code.new-invoice-modal.55_gsm_ncr_carbonless_","components\billing\new-invoice-modal.tsx","billing","55 GSM (NCR Carbonless)","৫৫ জিএসএম (এনসিআর)","label","","","scanned"
"code.new-invoice-modal.70_gsm_offset_paper_","components\billing\new-invoice-modal.tsx","billing","70 GSM (Offset Paper)","৭০ জিএসএম (অফসেট)","label","","","scanned"
"code.new-invoice-modal.80_gsm_executive_offset_","components\billing\new-invoice-modal.tsx","billing","80 GSM (Executive Offset)","৮০ জিএসএম (এক্সিকিউটিভ)","label","","","scanned"
"code.new-invoice-modal.100_gsm_white_offset_","components\billing\new-invoice-modal.tsx","billing","100 GSM (White Offset)","১০০ জিএসএম (সাদা অফসেট)","label","","","scanned"
"code.new-invoice-modal.120_gsm_art_paper_","components\billing\new-invoice-modal.tsx","billing","120 GSM (Art Paper)","১২০ জিএসএম (আর্ট পেপার)","label","","","scanned"
"code.new-invoice-modal.150_gsm_art_paper_","components\billing\new-invoice-modal.tsx","billing","150 GSM (Art Paper)","১৫০ জিএসএম (আর্ট পেপার)","label","","","scanned"
"code.new-invoice-modal.300_gsm_art_card_","components\billing\new-invoice-modal.tsx","billing","300 GSM (Art Card)","৩০০ জিএসএম (আর্ট কার্ড)","label","","","scanned"
"code.new-invoice-modal.350_gsm_swedish_card_","components\billing\new-invoice-modal.tsx","billing","350 GSM (Swedish Card)","৩৫০ জিএসএম (সুইডিশ কার্ড)","label","","","scanned"
"code.new-invoice-modal.color_mode","components\billing\new-invoice-modal.tsx","billing","Color Mode","রঙের মোড","label","","","scanned"
"code.new-invoice-modal.1_0_single_color","components\billing\new-invoice-modal.tsx","billing","1/0 Single Color","১ রঙ (একপাশ)","label","","","scanned"
"code.new-invoice-modal.2_0_two_color","components\billing\new-invoice-modal.tsx","billing","2/0 Two Color","২ রঙ (একপাশ)","label","","","scanned"
"code.new-invoice-modal.4_0_single_side_4_color","components\billing\new-invoice-modal.tsx","billing","4/0 Single-side 4-Color","একপাশে ৪ রঙ","label","","","scanned"
"code.new-invoice-modal.4_4_both_side_4_color","components\billing\new-invoice-modal.tsx","billing","4/4 Both-side 4-Color","উভয়পাশে ৪ রঙ","label","","","scanned"
"code.new-invoice-modal.binding_packaging","components\billing\new-invoice-modal.tsx","billing","Binding / Packaging","বাইন্ডিং ও প্যাকেজিং","label","","","scanned"
"code.new-invoice-modal.bundle_pack","components\billing\new-invoice-modal.tsx","billing","Bundle Pack","বান্ডিল","label","","","scanned"
"code.new-invoice-modal.top_gumming_pad","components\billing\new-invoice-modal.tsx","billing","Top Gumming Pad","গাম প্যাড","label","","","scanned"
"code.new-invoice-modal.ncr_pad_binding","components\billing\new-invoice-modal.tsx","billing","NCR Pad Binding","এনসিআর প্যাড","label","","","scanned"
"code.new-invoice-modal.saddle_stitch_staple","components\billing\new-invoice-modal.tsx","billing","Saddle Stitch / Staple","পিন বাইন্ডিং","label","","","scanned"
"code.new-invoice-modal.hard_binding","components\billing\new-invoice-modal.tsx","billing","Hard Binding","বই বাইন্ডিং","label","","","scanned"
"code.new-invoice-modal.box_packaging","components\billing\new-invoice-modal.tsx","billing","Box Packaging","বক্স প্যাকিং","label","","","scanned"
"code.new-invoice-modal.numbering_ncr_part","components\billing\new-invoice-modal.tsx","billing","Numbering / NCR Part","নম্বর বা পার্ট","label","","","scanned"
"code.new-invoice-modal.letter_height_inch_","components\billing\new-invoice-modal.tsx","billing","Letter Height (inch)","অক্ষরের উচ্চতা (ইঞ্চি)","label","","","scanned"
"code.new-invoice-modal.payment_details","components\billing\new-invoice-modal.tsx","billing","Payment Details","চালান ও মূল্য পরিশোধের হিসাব","label","","","scanned"
"code.new-invoice-modal.note","components\billing\new-invoice-modal.tsx","billing","Note","নোট","label","","","scanned"
"code.new-invoice-modal.ref_po_no_","components\billing\new-invoice-modal.tsx","billing","Ref/PO no.","রেফারেন্স / পিও","label","","","scanned"
"code.new-invoice-modal.due_date","components\billing\new-invoice-modal.tsx","billing","Due Date","পরিশোধের তারিখ","label","","","scanned"
"code.new-invoice-modal.delivery_date","components\billing\new-invoice-modal.tsx","billing","Delivery Date","ডেলিভারি তারিখ","label","","","scanned"
"code.new-invoice-modal.delivery_method","components\billing\new-invoice-modal.tsx","billing","Delivery Method","ডেলিভারি মাধ্যম","label","","","scanned"
"code.new-invoice-modal.customer_pickup","components\billing\new-invoice-modal.tsx","billing","Customer Pickup","কাস্টমার পিকআপ","label","","","scanned"
"code.new-invoice-modal.company_delivery","components\billing\new-invoice-modal.tsx","billing","Company Delivery","কোম্পানি ডেলিভারি","label","","","scanned"
"code.new-invoice-modal.courier_sundarban_sa_","components\billing\new-invoice-modal.tsx","billing","Courier (Sundarban / SA)","কুরিয়ার (সুন্দরবন / এসএ)","label","","","scanned"
"code.new-invoice-modal.payment_method","components\billing\new-invoice-modal.tsx","billing","Payment Method","পরিশোধের মাধ্যম","label","","","scanned"
"code.new-invoice-modal.cash_counter","components\billing\new-invoice-modal.tsx","billing","Cash Counter","ক্যাশ কাউন্টার","label","","","scanned"
"code.new-invoice-modal.bkash_merchant","components\billing\new-invoice-modal.tsx","billing","bKash Merchant","বিকাশ","label","","","scanned"
"code.new-invoice-modal.nagad_wallet","components\billing\new-invoice-modal.tsx","billing","Nagad Wallet","নগদ","label","","","scanned"
"code.new-invoice-modal.bank_transfer","components\billing\new-invoice-modal.tsx","billing","Bank Transfer","ব্যাংক ট্রান্সফার","label","","","scanned"
"code.new-invoice-modal.bank_cheque","components\billing\new-invoice-modal.tsx","billing","Bank Cheque","ব্যাংক চেক","label","","","scanned"
"code.new-invoice-modal.other_mfs","components\billing\new-invoice-modal.tsx","billing","Other MFS","অন্যান্য","label","","","scanned"
"code.new-invoice-modal.trx_note","components\billing\new-invoice-modal.tsx","billing","Trx Note","নোট","label","","","scanned"
"code.new-invoice-modal.trx_id_cheque_account_not","components\billing\new-invoice-modal.tsx","billing","Trx ID / Cheque / Account Note","ট্রানজেকশন আইডি / চেক নং","label","","","scanned"
"code.new-invoice-modal.subtotal","components\billing\new-invoice-modal.tsx","billing","Subtotal","মোট বিল","label","","","scanned"
"code.new-invoice-modal.discount","components\billing\new-invoice-modal.tsx","billing","Discount","ছাড় (৳)","label","","","scanned"
"code.new-invoice-modal.vat","components\billing\new-invoice-modal.tsx","billing","Vat","ভ্যাট","label","","","scanned"
"code.new-invoice-modal.grand_total","components\billing\new-invoice-modal.tsx","billing","Grand Total","সর্বমোট বিল","label","","","scanned"
"code.new-invoice-modal.advance","components\billing\new-invoice-modal.tsx","billing","Advance","অগ্রিম","label","","","scanned"
"code.new-invoice-modal.due","components\billing\new-invoice-modal.tsx","billing","Due","বাকি","label","","","scanned"
"prop.title.sales_invoicing","components\branches\branch-performance-dashboard.tsx","branches","Sales & Invoicing","বিক্রি ও ইনভয়েসিং","title","","","scanned"
"prop.title.production_floor","components\branches\branch-performance-dashboard.tsx","branches","Production Floor","উৎপাদন ফ্লোর","title","","","scanned"
"prop.title.inventory_stock","components\branches\branch-performance-dashboard.tsx","branches","Inventory & Stock","ইনভেন্টরি ও স্টক","title","","","scanned"
"prop.title.branch_cash_balance","components\branches\branch-performance-dashboard.tsx","branches","Branch Cash Balance","ব্রাঞ্চ ক্যাশ ব্যালেন্স","title","","","scanned"
"prop.title.workforce_staff","components\branches\branch-performance-dashboard.tsx","branches","Workforce & Staff","কর্মী ও স্টাফ","title","","","scanned"
"prop.title.total_billed","components\customers\customer-financial-summary.tsx","customers","Total Billed","মোট বিল","title","","","scanned"
"prop.title.total_paid","components\customers\customer-financial-summary.tsx","customers","Total Paid","মোট পরিশোধ","title","","","scanned"
"prop.title.verified_collections","components\customers\customer-financial-summary.tsx","customers","Verified collections","যাচাইকৃত আদায়","title","","","scanned"
"prop.title.current_due","components\customers\customer-financial-summary.tsx","customers","Current Due","চলতি বকেয়া","title","","","scanned"
"prop.title.overdue","components\customers\customer-financial-summary.tsx","customers","Overdue","মেয়াদোত্তীর্ণ","title","","","scanned"
"code.customer-financial-summary.no_limit","components\customers\customer-financial-summary.tsx","customers","No Limit","লিমিটহীন","label","","","scanned"
"prop.title.available_credit","components\customers\customer-financial-summary.tsx","customers","Available Credit","উপলব্ধ ক্রেডিট","title","","","scanned"
"code.customer-financial-summary.pay_per_order","components\customers\customer-financial-summary.tsx","customers","Pay per order","অর্ডারভিত্তিক বিল","label","","","scanned"
"prop.title.last_activity","components\customers\customer-financial-summary.tsx","customers","Last Activity","সর্বশেষ লেনদেন","title","","","scanned"
"code.customer-financial-summary.no_activity_yet","components\customers\customer-financial-summary.tsx","customers","No activity yet","কোন লেনদেন নেই","label","","","scanned"
"code.quick-actions-bar.quotation_created","components\dashboard\quick-actions-bar.tsx","dashboard","Quotation Created","কোটেশন তৈরি সম্পন্ন","label","","","scanned"
"code.quick-actions-bar.new_quotation_has_been_sa","components\dashboard\quick-actions-bar.tsx","dashboard","New quotation has been saved and dashboard updated.","নতুন কোটেশন সংরক্ষিত হয়েছে।","label","","","scanned"
"code.quick-actions-bar.invoice_created","components\dashboard\quick-actions-bar.tsx","dashboard","Invoice Created","চালান তৈরি সম্পন্ন","label","","","scanned"
"code.quick-actions-bar.new_bill_saved_and_custom","components\dashboard\quick-actions-bar.tsx","dashboard","New bill saved and customer due updated.","নতুন ইনভয়েস তৈরি হয়েছে।","label","","","scanned"
"code.quick-actions-bar.customer_registered","components\dashboard\quick-actions-bar.tsx","dashboard","Customer Registered","কাস্টমার যুক্ত সম্পন্ন","label","","","scanned"
"code.quick-actions-bar.new_customer_profile_adde","components\dashboard\quick-actions-bar.tsx","dashboard","New customer profile added to CRM directory.","নতুন কাস্টমার সফলভাবে যুক্ত হয়েছে।","label","","","scanned"
"code.quick-actions-bar.purchase_order_issued","components\dashboard\quick-actions-bar.tsx","dashboard","Purchase Order Issued","ক্রয় আদেশ জারি সম্পন্ন","label","","","scanned"
"code.quick-actions-bar.new_vendor_purchase_commi","components\dashboard\quick-actions-bar.tsx","dashboard","New vendor purchase commitment registered.","নতুন ক্রয় আদেশ সংরক্ষিত হয়েছে।","label","","","scanned"
"code.quick-actions-bar.expense_recorded","components\dashboard\quick-actions-bar.tsx","dashboard","Expense Recorded","খরচ এন্ট্রি সম্পন্ন","label","","","scanned"
"code.quick-actions-bar.payment_recorded","components\dashboard\quick-actions-bar.tsx","dashboard","Payment Recorded","পেমেন্ট গ্রহণ সম্পন্ন","label","","","scanned"
"code.quick-actions-bar.money_receipt_issued_and_","components\dashboard\quick-actions-bar.tsx","dashboard","Money receipt issued and customer due balance updated.","টাকা জমা ও মানি রিসিট প্রস্তুত।","label","","","scanned"
"code.quick-actions-bar.quick_actions","components\dashboard\quick-actions-bar.tsx","dashboard","Quick Actions","দ্রুত তৈরি ও এন্ট্রি","label","","","scanned"
"code.quick-actions-bar.1_click_direct_creation_m","components\dashboard\quick-actions-bar.tsx","dashboard","1-click direct creation modals • No page change","১-ক্লিকে সরাসরি তৈরি করুন • পেজ পরিবর্তনের প্রয়োজন নেই","label","","","scanned"
"code.branch-manager-dashboard.branch_home","components\dashboard\roles\branch-manager-dashboard.tsx","roles","Branch Home","ব্রাঞ্চ কমান্ড সেন্টার","label","","","scanned"
"code.branch-manager-dashboard.branch_operational","components\dashboard\roles\branch-manager-dashboard.tsx","roles","Branch Operational","ব্রাঞ্চ সক্রিয়","label","","","scanned"
"code.branch-manager-dashboard.new_counter_order","components\dashboard\roles\branch-manager-dashboard.tsx","roles","New Counter Order","নতুন কাউন্টার অর্ডার","label","","","scanned"
"code.branch-manager-dashboard.collect_payment","components\dashboard\roles\branch-manager-dashboard.tsx","roles","Collect Payment","টাকা জমা নিন","label","","","scanned"
"code.branch-manager-dashboard.staff_attendance","components\dashboard\roles\branch-manager-dashboard.tsx","roles","Staff Attendance","স্টাফ হাজিরা","label","","","scanned"
"prop.title.today","components\dashboard\roles\branch-manager-dashboard.tsx","roles","Today","আজকের ব্রাঞ্চ সেলস","title","","","scanned"
"prop.title.today","components\dashboard\roles\branch-manager-dashboard.tsx","roles","Today","আজকের নগদ কালেকশন","title","","","scanned"
"prop.title.branch_orders_in_pipeline","components\dashboard\roles\branch-manager-dashboard.tsx","roles","Branch Orders in Pipeline","চলমান ব্রাঞ্চ অর্ডার","title","","","scanned"
"prop.title.ready_for_counter_pickup","components\dashboard\roles\branch-manager-dashboard.tsx","roles","Ready for Counter Pickup","কাউন্টারে ডেলিভারি প্রস্তুত","title","","","scanned"
"code.branch-manager-dashboard.branch_scope_security_gov","components\dashboard\roles\branch-manager-dashboard.tsx","roles","Branch Scope & Security Governance","ব্রাঞ্চ এক্সেস সীমা ও নিরাপত্তা পলিসি","label","","","scanned"
"code.branch-manager-dashboard.hide_details","components\dashboard\roles\branch-manager-dashboard.tsx","roles","Hide Details","বিবরণ লুকান","label","","","scanned"
"code.branch-manager-dashboard.branch_manager_permission","components\dashboard\roles\branch-manager-dashboard.tsx","roles","Branch Manager Permissions & Authorities","অনুমোদিত দায়িত্ব ও ক্ষমতা","label","","","scanned"
"code.branch-manager-dashboard.security_safeguards_gover","components\dashboard\roles\branch-manager-dashboard.tsx","roles","Security Safeguards & Governance Limitations","নিরাপত্তা নিয়ন্ত্রণ ও সিস্টেম সীমাবদ্ধতা","label","","","scanned"
"code.branch-manager-dashboard.all_branch_orders","components\dashboard\roles\branch-manager-dashboard.tsx","roles","All Branch Orders","সকল অর্ডার","label","","","scanned"
"code.branch-manager-dashboard.pending_confirmation","components\dashboard\roles\branch-manager-dashboard.tsx","roles","Pending Confirmation","অনুমোদন বাকি","label","","","scanned"
"code.branch-manager-dashboard.in_production","components\dashboard\roles\branch-manager-dashboard.tsx","roles","In Production","প্রিন্টিং চলছে","label","","","scanned"
"code.branch-manager-dashboard.ready_for_pickup","components\dashboard\roles\branch-manager-dashboard.tsx","roles","Ready for Pickup","কাউন্টারে প্রস্তুত","label","","","scanned"
"code.branch-manager-dashboard.completed_delivered","components\dashboard\roles\branch-manager-dashboard.tsx","roles","Completed & Delivered","সম্পন্ন ও ডেলিভার্ড","label","","","scanned"
"code.branch-manager-dashboard.search_orders_customers_","components\dashboard\roles\branch-manager-dashboard.tsx","roles","Search orders, customers...","অর্ডার খুঁজুন...","label","","","scanned"
"code.branch-manager-dashboard.no_orders_found_for_this_","components\dashboard\roles\branch-manager-dashboard.tsx","roles","No orders found for this branch","এই ব্রাঞ্চে কোনো অর্ডার পাওয়া যায়নি","label","","","scanned"
"code.branch-manager-dashboard.create_first_branch_order","components\dashboard\roles\branch-manager-dashboard.tsx","roles","Create First Branch Order","নতুন অর্ডার তৈরি করুন","label","","","scanned"
"code.delivery-dashboard.logistics_delivery_fleet","components\dashboard\roles\delivery-dashboard.tsx","roles","Logistics & Delivery Fleet","ডেলিভারি ও চালান ব্যবস্থাপনা","label","","","scanned"
"code.delivery-dashboard.print_delivery_challans_c","components\dashboard\roles\delivery-dashboard.tsx","roles","Print delivery challans, capture signed receipts, and record COD balance collections.","চালান প্রিন্ট করুন, গ্রাহকের রিসিট নিশ্চিত করুন এবং বাকি টাকা গ্রহণ করুন।","label","","","scanned"
"prop.title.ready_for_dispatch","components\dashboard\roles\delivery-dashboard.tsx","roles","Ready for Dispatch","ডেলিভারি প্রস্তুত","title","","","scanned"
"code.delivery-dashboard.on_shelf","components\dashboard\roles\delivery-dashboard.tsx","roles","On Shelf","তৈরি আছে","label","","","scanned"
"prop.title.out_for_delivery","components\dashboard\roles\delivery-dashboard.tsx","roles","Out for Delivery","পথে আছে","title","","","scanned"
"prop.title.delivered_today","components\dashboard\roles\delivery-dashboard.tsx","roles","Delivered Today","আজকের ডেলিভারি সম্পন্ন","title","","","scanned"
"prop.title.cod_collected","components\dashboard\roles\delivery-dashboard.tsx","roles","COD Collected","নগদ আদায়","title","","","scanned"
"code.designer-dashboard.queue_refreshed_successfu","components\dashboard\roles\designer-dashboard.tsx","roles","Queue refreshed successfully","ডিজাইন তালিকা সফলভাবে রিফ্রেশ হয়েছে","label","","","scanned"
"code.designer-dashboard.message_copied_to_clipboa","components\dashboard\roles\designer-dashboard.tsx","roles","Message copied to clipboard","মেসেজ কপি করা হয়েছে","label","","","scanned"
"code.designer-dashboard.failed_to_copy","components\dashboard\roles\designer-dashboard.tsx","roles","Failed to copy","কপি করা সম্ভব হয়নি","label","","","scanned"
"code.designer-dashboard.released_to_production_su","components\dashboard\roles\designer-dashboard.tsx","roles","Released to production successfully","সফলভাবে প্রেসে পাঠানো হয়েছে","label","","","scanned"
"code.designer-dashboard.design_home","components\dashboard\roles\designer-dashboard.tsx","roles","Design Home","প্রি-প্রেস কমান্ড সেন্টার","label","","","scanned"
"code.designer-dashboard.graphic_design_pre_press_","components\dashboard\roles\designer-dashboard.tsx","roles","Graphic Design & Pre-Press Cockpit","গ্রাফিক ডিজাইন ও প্রি-প্রেস ককপিট","label","","","scanned"
"code.designer-dashboard.open_design_studio","components\dashboard\roles\designer-dashboard.tsx","roles","Open Design Studio","ডিজাইন স্টুডিও খুলুন","label","","","scanned"
"code.designer-dashboard.work_orders","components\dashboard\roles\designer-dashboard.tsx","roles","Work Orders","কাজের অর্ডার","label","","","scanned"
"prop.title.active_design_queue","components\dashboard\roles\designer-dashboard.tsx","roles","Active Design Queue","মোট সক্রিয় ডিজাইন কাজ","title","","","scanned"
"prop.title.awaiting_client_proof","components\dashboard\roles\designer-dashboard.tsx","roles","Awaiting Client Proof","কাস্টমার প্রুফিং বাকি","title","","","scanned"
"prop.title.revisions_requested","components\dashboard\roles\designer-dashboard.tsx","roles","Revisions Requested","সংশোধন চাওয়া হয়েছে","title","","","scanned"
"prop.title.ready_for_production","components\dashboard\roles\designer-dashboard.tsx","roles","Ready for Production","প্রেসে যাওয়ার জন্য প্রস্তুত","title","","","scanned"
"code.designer-dashboard.pre_press_technical_refer","components\dashboard\roles\designer-dashboard.tsx","roles","Pre-Press Technical Reference & Specs","প্রি-প্রেস টেকনিক্যাল রেফারেন্স ও মাপ","label","","","scanned"
"code.designer-dashboard.hide_reference_specs","components\dashboard\roles\designer-dashboard.tsx","roles","Hide Reference Specs","মাপ লুকান","label","","","scanned"
"code.designer-dashboard.all_active","components\dashboard\roles\designer-dashboard.tsx","roles","All Active","সকল সক্রিয়","label","","","scanned"
"code.designer-dashboard.needs_design","components\dashboard\roles\designer-dashboard.tsx","roles","Needs Design","ডিজাইন বাকি","label","","","scanned"
"code.designer-dashboard.awaiting_proof","components\dashboard\roles\designer-dashboard.tsx","roles","Awaiting Proof","প্রুফিং বাকি","label","","","scanned"
"code.designer-dashboard.revisions","components\dashboard\roles\designer-dashboard.tsx","roles","Revisions","সংশোধন","label","","","scanned"
"code.designer-dashboard.ready_for_press","components\dashboard\roles\designer-dashboard.tsx","roles","Ready for Press","প্রিন্টে প্রস্তুত","label","","","scanned"
"code.designer-dashboard.search_jobs_orders_client","components\dashboard\roles\designer-dashboard.tsx","roles","Search jobs, orders, clients...","খুঁজুন...","label","","","scanned"
"code.designer-dashboard.loading_pre_press_design_","components\dashboard\roles\designer-dashboard.tsx","roles","Loading pre-press design queue...","ডিজাইন তালিকা লোড হচ্ছে...","label","","","scanned"
"code.designer-dashboard.no_design_tasks_found_in_","components\dashboard\roles\designer-dashboard.tsx","roles","No design tasks found in this view","এই বিভাগে কোনো ডিজাইন কাজ নেই","label","","","scanned"
"code.designer-dashboard.go_to_design_studio","components\dashboard\roles\designer-dashboard.tsx","roles","Go to Design Studio","ডিজাইন স্টুডিওতে যান","label","","","scanned"
"code.designer-dashboard.pre_press_approved","components\dashboard\roles\designer-dashboard.tsx","roles","Pre-Press Approved","প্রেসে অনুমোদিত","label","","","scanned"
"code.designer-dashboard.awaiting_proof_approval","components\dashboard\roles\designer-dashboard.tsx","roles","Awaiting Proof Approval","প্রুফিংয়ের অপেক্ষায়","label","","","scanned"
"code.designer-dashboard.revision_requested","components\dashboard\roles\designer-dashboard.tsx","roles","Revision Requested","সংশোধন প্রয়োজন","label","","","scanned"
"code.designer-dashboard.designing_working","components\dashboard\roles\designer-dashboard.tsx","roles","Designing / Working","ডিজাইন চলছে","label","","","scanned"
"code.designer-dashboard.whatsapp_proof","components\dashboard\roles\designer-dashboard.tsx","roles","WhatsApp Proof","প্রুফ পাঠান","label","","","scanned"
"code.designer-dashboard.re_dispatch","components\dashboard\roles\designer-dashboard.tsx","roles","Re-Dispatch","পুনরায় পাঠান","label","","","scanned"
"code.designer-dashboard.production_floor_design_o","components\dashboard\roles\designer-dashboard.tsx","roles","Production Floor Design Operations","ফ্লোর ডিজাইন ও কাটিং টাস্ক","label","","","scanned"
"code.designer-dashboard.send_artwork_proof_via_wh","components\dashboard\roles\designer-dashboard.tsx","roles","Send Artwork Proof via WhatsApp","ওয়াটসঅ্যাপে ডিজাইন প্রুফ পাঠান","label","","","scanned"
"code.designer-dashboard.select_proof_message_temp","components\dashboard\roles\designer-dashboard.tsx","roles","Select Proof Message Template","মেসেজ টেমপ্লেট নির্বাচন করুন","label","","","scanned"
"code.designer-dashboard.customer_mobile","components\dashboard\roles\designer-dashboard.tsx","roles","Customer Mobile","মোবাইল নম্বর","label","","","scanned"
"code.designer-dashboard.artwork_proof_link","components\dashboard\roles\designer-dashboard.tsx","roles","Artwork Proof Link","প্রুফ প্রিভিউ লিংক","label","","","scanned"
"code.designer-dashboard.message_preview","components\dashboard\roles\designer-dashboard.tsx","roles","Message Preview","মেসেজের বিবরণ","label","","","scanned"
"code.designer-dashboard.cancel","components\dashboard\roles\designer-dashboard.tsx","roles","Cancel","বাতিল","label","","","scanned"
"code.designer-dashboard.copied_","components\dashboard\roles\designer-dashboard.tsx","roles","Copied!","কপি হয়েছে!","label","","","scanned"
"code.designer-dashboard.copy_text","components\dashboard\roles\designer-dashboard.tsx","roles","Copy Text","মেসেজ কপি","label","","","scanned"
"code.designer-dashboard.open_whatsapp","components\dashboard\roles\designer-dashboard.tsx","roles","Open WhatsApp","ওয়াটসঅ্যাপে পাঠান","label","","","scanned"
"code.designer-dashboard.release_artwork_to_print_","components\dashboard\roles\designer-dashboard.tsx","roles","Release Artwork to Print Operator","প্রেসে ফাইল পাঠানোর চূড়ান্ত নিশ্চিতকরণ","label","","","scanned"
"code.designer-dashboard.target_printing_machine","components\dashboard\roles\designer-dashboard.tsx","roles","Target Printing Machine","প্রিন্টিং মেশিন নির্বাচন করুন","label","","","scanned"
"code.designer-dashboard.mandatory_pre_press_quali","components\dashboard\roles\designer-dashboard.tsx","roles","Mandatory Pre-Press Quality Check","প্রি-প্রেস কোয়ালিটি চেকলিস্ট","label","","","scanned"
"code.designer-dashboard.i_have_verified_all_prefl","components\dashboard\roles\designer-dashboard.tsx","roles","I have verified all preflight items for this file","আমি সকল প্রি-ফ্লাইট চেক সঠিকভাবে যাচাই করেছি","label","","","scanned"
"code.designer-dashboard.cancel","components\dashboard\roles\designer-dashboard.tsx","roles","Cancel","বাতিল","label","","","scanned"
"code.designer-dashboard.releasing_","components\dashboard\roles\designer-dashboard.tsx","roles","Releasing...","পাঠানো হচ্ছে...","label","","","scanned"
"code.designer-dashboard.confirm_release_to_press","components\dashboard\roles\designer-dashboard.tsx","roles","Confirm & Release to Press","নিশ্চিত করুন ও প্রেসে ছাড়ুন","label","","","scanned"
"code.operator-dashboard.clocked_in_successfully_","components\dashboard\roles\operator-dashboard.tsx","roles","Clocked In successfully!","হাজিরা সম্পন্ন হয়েছে!","label","","","scanned"
"code.operator-dashboard.clocked_out_successfully_","components\dashboard\roles\operator-dashboard.tsx","roles","Clocked Out successfully!","প্রস্থান সম্পন্ন হয়েছে!","label","","","scanned"
"code.operator-dashboard.shop_floor_press_terminal","components\dashboard\roles\operator-dashboard.tsx","roles","Shop Floor & Press Terminal","প্রেস ও ফ্লোর টার্মিনাল","label","","","scanned"
"code.operator-dashboard.welcome_","components\dashboard\roles\operator-dashboard.tsx","roles","Welcome,","স্বাগতম,","label","","","scanned"
"code.operator-dashboard.duty_attendance","components\dashboard\roles\operator-dashboard.tsx","roles","Duty Attendance","হাজিরা ও শিফট","label","","","scanned"
"code.operator-dashboard.not_clocked_in","components\dashboard\roles\operator-dashboard.tsx","roles","Not Clocked In","হাজিরা দেওয়া হয়নি","label","","","scanned"
"code.operator-dashboard.1_tap_punch_in","components\dashboard\roles\operator-dashboard.tsx","roles","1-Tap Punch In","হাজিরা দিন (ইন)","label","","","scanned"
"code.operator-dashboard.1_tap_punch_out","components\dashboard\roles\operator-dashboard.tsx","roles","1-Tap Punch Out","প্রস্থান (আউট)","label","","","scanned"
"code.operator-dashboard.full_screen_terminal","components\dashboard\roles\operator-dashboard.tsx","roles","Full Screen Terminal","ফুল টার্মিনাল","label","","","scanned"
"code.operator-dashboard.touch_station_queue","components\dashboard\roles\operator-dashboard.tsx","roles","Touch station queue","টাচ কিউ","label","","","scanned"
"code.operator-dashboard.floor_consumptions","components\dashboard\roles\operator-dashboard.tsx","roles","Floor Consumptions","কাঁচামাল খরচ","label","","","scanned"
"code.operator-dashboard.log_media_wastage","components\dashboard\roles\operator-dashboard.tsx","roles","Log media & wastage","মিডিয়া ও অপচয়","label","","","scanned"
"code.operator-dashboard.machinery_fleet","components\dashboard\roles\operator-dashboard.tsx","roles","Machinery Fleet","মেশিন যন্ত্রপাতি","label","","","scanned"
"code.operator-dashboard.log_breakdown_repair","components\dashboard\roles\operator-dashboard.tsx","roles","Log breakdown & repair","মেরামত ও রক্ষণাবেক্ষণ","label","","","scanned"
"code.operator-dashboard.my_attendance_salary","components\dashboard\roles\operator-dashboard.tsx","roles","My Attendance & Salary","আমার বেতন ও হাজিরা","label","","","scanned"
"code.operator-dashboard.leaves_ot_payslips","components\dashboard\roles\operator-dashboard.tsx","roles","Leaves, OT & payslips","ছুটি, ওটি ও স্লিপ","label","","","scanned"
"code.operator-dashboard.floor_production_queue","components\dashboard\roles\operator-dashboard.tsx","roles","Floor Production Queue","ফ্লোর প্রডাকশন কিউ","label","","","scanned"
"code.operator-dashboard.my_attendance_salary_port","components\dashboard\roles\operator-dashboard.tsx","roles","My Attendance & Salary Portal","আমার হাজিরা ও বেতন পোর্টাল","label","","","scanned"
"code.operator-dashboard.machine_stations_fleet","components\dashboard\roles\operator-dashboard.tsx","roles","Machine Stations & Fleet","মেশিন স্টেশন ও অবস্থা","label","","","scanned"
"code.operator-dashboard.permissions_restrictions","components\dashboard\roles\operator-dashboard.tsx","roles","Permissions & Restrictions","অনুমতি ও সীমাবদ্ধতা","label","","","scanned"
"code.operator-dashboard.station_machine_","components\dashboard\roles\operator-dashboard.tsx","roles","Station Machine:","মেশিন স্টেশন:","label","","","scanned"
"code.operator-dashboard.in_progress","components\dashboard\roles\operator-dashboard.tsx","roles","In Progress","চলমান","label","","","scanned"
"code.operator-dashboard.queued","components\dashboard\roles\operator-dashboard.tsx","roles","Queued","অপেক্ষারত","label","","","scanned"
"code.operator-dashboard.done_today","components\dashboard\roles\operator-dashboard.tsx","roles","Done Today","আজ সম্পন্ন","label","","","scanned"
"code.operator-dashboard.report_issue","components\dashboard\roles\operator-dashboard.tsx","roles","Report Issue","ত্রুটি রিপোর্ট","label","","","scanned"
"code.operator-dashboard.print_operator_security_p","components\dashboard\roles\operator-dashboard.tsx","roles","Print Operator Security Perimeter & Role Matrix","প্রিন্ট অপারেটরের নিরাপত্তা ও অনুমোদনের পরিধি","label","","","scanned"
"code.operator-dashboard.granted_operational_autho","components\dashboard\roles\operator-dashboard.tsx","roles","Granted Operational Authorities","অনুমোদিত কাজের অধিকারসমূহ","label","","","scanned"
"code.operator-dashboard.view_assigned_floor_tasks","components\dashboard\roles\operator-dashboard.tsx","roles","View assigned floor tasks and press production jobs","নির্ধারিত প্রেস টাস্ক ও জব দেখা","label","","","scanned"
"code.operator-dashboard.1_tap_start_pause_resume_","components\dashboard\roles\operator-dashboard.tsx","roles","1-tap Start, Pause, Resume, and Complete production tasks","কাজ শুরু, বিরতি ও সম্পন্ন করা","label","","","scanned"
"code.operator-dashboard.download_approved_prepres","components\dashboard\roles\operator-dashboard.tsx","roles","Download approved prepress artwork proofs to RIP stations","অনুমোদিত আর্টওয়ার্ক ডাউনলোড করা","label","","","scanned"
"code.operator-dashboard.log_media_usage_sheet_cou","components\dashboard\roles\operator-dashboard.tsx","roles","Log media usage, sheet count & roll consumption","কাঁচামাল খরচ ও অপচয় রেকর্ড করা","label","","","scanned"
"code.operator-dashboard.report_machine_breakdowns","components\dashboard\roles\operator-dashboard.tsx","roles","Report machine breakdowns, jams, and rework incidents","মেশিন ত্রুটি ও রিওয়ার্ক রিপোর্ট করা","label","","","scanned"
"code.operator-dashboard.view_own_attendance_punch","components\dashboard\roles\operator-dashboard.tsx","roles","View own attendance, punch in/out, overtime, leaves & salary slips","নিজের ব্যক্তিগত হাজিরা, ওভারটাইম, ছুটি ও পে-স্লিপ দেখা","label","","","scanned"
"code.operator-dashboard.strict_governance_restric","components\dashboard\roles\operator-dashboard.tsx","roles","Strict Governance Restrictions & Limitations","কঠোর আর্থিক ও নিরাপত্তা সীমাবদ্ধতা","label","","","scanned"
"code.operator-dashboard.no_access_to_customer_inv","components\dashboard\roles\operator-dashboard.tsx","roles","NO access to customer invoices, billing rates, or commercial prices","গ্রাহকের বিল, রেট ও আর্থিক হিসাব দেখার অনুমতি নেই","label","","","scanned"
"code.operator-dashboard.no_access_to_payments_cas","components\dashboard\roles\operator-dashboard.tsx","roles","No access to payments, cash box, or accounts","টাকা জমা ও ক্যাশবুক দেখার অনুমতি নেই","label","","","scanned"
"code.operator-dashboard.no_access_to_profit_margi","components\dashboard\roles\operator-dashboard.tsx","roles","NO access to profit margins or sales executive commissions","মুনাফা বা সেলস কমিশন দেখার অনুমতি নেই","label","","","scanned"
"code.operator-dashboard.cannot_delete_customer_or","components\dashboard\roles\operator-dashboard.tsx","roles","CANNOT delete customer orders or void supervisor work orders","অর্ডার বা কাজের নির্দেশ মোছার অনুমতি নেই","label","","","scanned"
"code.operator-dashboard.cannot_access_company_set","components\dashboard\roles\operator-dashboard.tsx","roles","CANNOT access company settings, bank setups, or manage users","প্রতিষ্ঠান সেটিংস বা টিম সদস্য পরিবর্তন নিষেধ","label","","","scanned"
"code.operator-dashboard.cannot_view_other_employe","components\dashboard\roles\operator-dashboard.tsx","roles","CANNOT view other employees’ salaries or confidential HR files","অন্য কর্মীদের বেতন বা ব্যক্তিগত ফাইল দেখার অনুমতি নেই","label","","","scanned"
"code.owner-dashboard.owner_dashboard","components\dashboard\roles\owner-dashboard.tsx","roles","Owner Dashboard","ডিজিটাল • অফসেট • সাইনেজ নিয়ন্ত্রণ কেন্দ্র","label","","","scanned"
"code.owner-dashboard.current_time","components\dashboard\roles\owner-dashboard.tsx","roles","Current Time","বর্তমান সময়","label","","","scanned"
"code.owner-dashboard.syncing","components\dashboard\roles\owner-dashboard.tsx","roles","Syncing","সিঙ্ক হচ্ছে","label","","","scanned"
"code.owner-dashboard.asia_dhaka_utc_6_","components\dashboard\roles\owner-dashboard.tsx","roles","Asia/Dhaka (UTC+6)","বাংলাদেশ সময়","label","","","scanned"
"code.owner-dashboard.needs_your_attention","components\dashboard\roles\owner-dashboard.tsx","roles","Needs Your Attention","জরুরি মনোযোগ প্রয়োজন","label","","","scanned"
"code.owner-dashboard.items","components\dashboard\roles\owner-dashboard.tsx","roles","Items","টি সমস্যা","label","","","scanned"
"code.owner-dashboard.operations_are_healthy_an","components\dashboard\roles\owner-dashboard.tsx","roles","Operations are healthy and on track!","ব্যবসার সকল কার্যক্রম স্বাভাবিক ও নিয়মতান্ত্রিকভাবে চলছে!","label","","","scanned"
"code.owner-dashboard.no_overdue_invoices_delay","components\dashboard\roles\owner-dashboard.tsx","roles","No overdue invoices, delayed jobs, or pending customer proof blocks.","কোনো বিলম্বিত কাজ, বকেয়া বিল বা আটকে থাকা আর্টওয়ার্ক নেই।","label","","","scanned"
"code.owner-dashboard.cash_box_bank","components\dashboard\roles\owner-dashboard.tsx","roles","Cash Box & Bank","হাতের নগদ ক্যাশ ড্রয়ার ও ডিজিটাল ব্যালেন্স","label","","","scanned"
"code.owner-dashboard.cash_in_box_bkash_and_ban","components\dashboard\roles\owner-dashboard.tsx","roles","Cash in box, bKash and bank money","কাউন্টার ক্যাশ, বিকাশ/নগদ ও ব্যাংক একাউন্টের সরাসরি হিসাব","label","","","scanned"
"code.owner-dashboard.total_cash_","components\dashboard\roles\owner-dashboard.tsx","roles","Total Cash:","মোট ক্যাশ ব্যালেন্স:","label","","","scanned"
"code.owner-dashboard.cash_in_drawer","components\dashboard\roles\owner-dashboard.tsx","roles","Cash in Drawer","ক্যাশ ড্রয়ার","label","","","scanned"
"code.owner-dashboard.main_counter_cash","components\dashboard\roles\owner-dashboard.tsx","roles","Main Counter Cash","প্রধান ক্যাশ কাউন্টার","label","","","scanned"
"code.owner-dashboard.bkash_nagad_mfs","components\dashboard\roles\owner-dashboard.tsx","roles","bKash / Nagad MFS","বিকাশ / নগদ","label","","","scanned"
"code.owner-dashboard.merchant_accounts","components\dashboard\roles\owner-dashboard.tsx","roles","Merchant Accounts","মার্চেন্ট ওয়ালেট","label","","","scanned"
"code.owner-dashboard.bank_accounts","components\dashboard\roles\owner-dashboard.tsx","roles","Bank Accounts","ব্যাংক একাউন্ট","label","","","scanned"
"code.owner-dashboard.current_cd_accounts","components\dashboard\roles\owner-dashboard.tsx","roles","Current / CD Accounts","চলতি হিসাব","label","","","scanned"
"code.owner-dashboard.today_net_flow","components\dashboard\roles\owner-dashboard.tsx","roles","Today Net Flow","আজকের নিট জমা","label","","","scanned"
"code.owner-dashboard.expense_","components\dashboard\roles\owner-dashboard.tsx","roles","Expense:","খরচ:","label","","","scanned"
"code.owner-dashboard.net_drawer","components\dashboard\roles\owner-dashboard.tsx","roles","Net Drawer","নিট জমা","label","","","scanned"
"code.owner-dashboard.business_today_core_finan","components\dashboard\roles\owner-dashboard.tsx","roles","Business Today (Core Financials)","আজকের ব্যবসায়িক সারসংক্ষেপ","label","","","scanned"
"code.owner-dashboard.timezone_asia_dhaka_utc_6","components\dashboard\roles\owner-dashboard.tsx","roles","Timezone: Asia/Dhaka (UTC+6)","বাংলাদেশ সময়","label","","","scanned"
"code.owner-dashboard.financial_overview_restri","components\dashboard\roles\owner-dashboard.tsx","roles","Financial Overview Restricted","আর্থিক তথ্য দেখতে বিশেষ অনুমতি প্রয়োজন","label","","","scanned"
"prop.title.total_orders","components\dashboard\roles\owner-dashboard.tsx","roles","Total Orders","মোট অর্ডার","title","","","scanned"
"prop.title.pending_orders","components\dashboard\roles\owner-dashboard.tsx","roles","Pending Orders","অপেক্ষমান অর্ডার","title","","","scanned"
"prop.title.production","components\dashboard\roles\owner-dashboard.tsx","roles","Production","চলমান প্রোডাকশন","title","","","scanned"
"prop.title.ready_for_delivery","components\dashboard\roles\owner-dashboard.tsx","roles","Ready for Delivery","ডেলিভারি প্রস্তুত","title","","","scanned"
"prop.title.total_sales","components\dashboard\roles\owner-dashboard.tsx","roles","Total Sales","মোট বিক্রয়","title","","","scanned"
"prop.title.outstanding","components\dashboard\roles\owner-dashboard.tsx","roles","Outstanding","বকেয়া বাকি","title","","","scanned"
"prop.title.production_cost","components\dashboard\roles\owner-dashboard.tsx","roles","Production Cost","উৎপাদন খরচ","title","","","scanned"
"prop.title.net_profit","components\dashboard\roles\owner-dashboard.tsx","roles","Net Profit","নিট লাভ","title","","","scanned"
"code.owner-dashboard.digital_printing","components\dashboard\roles\owner-dashboard.tsx","roles","Digital Printing","ডিজিটাল প্রিন্টিং","label","","","scanned"
"code.owner-dashboard.active","components\dashboard\roles\owner-dashboard.tsx","roles","Active","চলমান","label","","","scanned"
"code.owner-dashboard.done_today_","components\dashboard\roles\owner-dashboard.tsx","roles","Done Today:","আজকে সম্পন্ন:","label","","","scanned"
"code.owner-dashboard.offset_printing","components\dashboard\roles\owner-dashboard.tsx","roles","Offset Printing","অফসেট প্রিন্টিং","label","","","scanned"
"code.owner-dashboard.active","components\dashboard\roles\owner-dashboard.tsx","roles","Active","চলমান","label","","","scanned"
"code.owner-dashboard.plates_ctp_","components\dashboard\roles\owner-dashboard.tsx","roles","Plates / CTP:","প্লেট / সিটিপি:","label","","","scanned"
"code.owner-dashboard.signage_large_format","components\dashboard\roles\owner-dashboard.tsx","roles","Signage & Large Format","সাইনেজ ও লার্জ ফরম্যাট","label","","","scanned"
"code.owner-dashboard.active","components\dashboard\roles\owner-dashboard.tsx","roles","Active","চলমান","label","","","scanned"
"code.owner-dashboard.volume_","components\dashboard\roles\owner-dashboard.tsx","roles","Volume:","সাইজ:","label","","","scanned"
"code.owner-dashboard.critical_raw_material_sho","components\dashboard\roles\owner-dashboard.tsx","roles","Critical Raw Material Shortage Alert","কাঁচামাল সংকট সতর্কতা (পেপার, ব্যানার, কালি ও প্লেট)","label","","","scanned"
"code.owner-dashboard.items_below_minimum_stock","components\dashboard\roles\owner-dashboard.tsx","roles","Items below minimum stock level that may stall print machine operations.","স্টক ফুরিয়ে যাওয়া কাঁচামাল যা চলমান উৎপাদন ব্যাহত করতে পারে।","label","","","scanned"
"code.owner-dashboard._buy_materials_purchase_p","components\dashboard\roles\owner-dashboard.tsx","roles","+ Buy Materials (Purchase PO)","+ কাঁচামাল ক্রয় আদেশ","label","","","scanned"
"code.owner-dashboard.production_floor_machine_","components\dashboard\roles\owner-dashboard.tsx","roles","Production Floor & Machine Runs","আজকের প্রোডাকশন ও মেশিন ফ্লোর","label","","","scanned"
"code.owner-dashboard.active","components\dashboard\roles\owner-dashboard.tsx","roles","Active","চলতি","label","","","scanned"
"code.owner-dashboard.machine_work_and_running_","components\dashboard\roles\owner-dashboard.tsx","roles","Machine work and running orders","লাইভ মেশিন ফ্লোর রান, কিউ এবং কাজ সম্পন্নের অবস্থা","label","","","scanned"
"code.owner-dashboard.no_production_jobs_matchi","components\dashboard\roles\owner-dashboard.tsx","roles","No production jobs matching this filter right now.","এই ক্যাটাগরিতে বর্তমানে কোনো কাজ বাকি নেই।","label","","","scanned"
"code.owner-dashboard.open_production_board","components\dashboard\roles\owner-dashboard.tsx","roles","Open Production Board","প্রোডাকশন বোর্ড দেখুন","label","","","scanned"
"code.owner-dashboard.critical","components\dashboard\roles\owner-dashboard.tsx","roles","Critical","ঝুঁকিপূর্ণ","label","","","scanned"
"code.owner-dashboard.open_job","components\dashboard\roles\owner-dashboard.tsx","roles","Open Job","বিস্তারিত","label","","","scanned"
"code.owner-dashboard.delivery_today","components\dashboard\roles\owner-dashboard.tsx","roles","Delivery Today","আজকের ডেলিভারি ও গেট পাস","label","","","scanned"
"code.owner-dashboard.out","components\dashboard\roles\owner-dashboard.tsx","roles","Out","রাস্তায়","label","","","scanned"
"code.owner-dashboard.done","components\dashboard\roles\owner-dashboard.tsx","roles","Done","ডেলিভার্ড","label","","","scanned"
"code.owner-dashboard.no_pending_deliveries_sch","components\dashboard\roles\owner-dashboard.tsx","roles","No pending deliveries scheduled for today.","আজকের জন্য কোনো ডেলিভারি বাকি নেই।","label","","","scanned"
"code.owner-dashboard.delayed","components\dashboard\roles\owner-dashboard.tsx","roles","Delayed","বিলম্বিত","label","","","scanned"
"code.owner-dashboard.details","components\dashboard\roles\owner-dashboard.tsx","roles","Details","বিস্তারিত","label","","","scanned"
"code.owner-dashboard.money_to_collect","components\dashboard\roles\owner-dashboard.tsx","roles","Money to Collect","বকেয়া টাকা আদায়","label","","","scanned"
"code.owner-dashboard.view_all_dues","components\dashboard\roles\owner-dashboard.tsx","roles","View All Dues","সকল বাকি","label","","","scanned"
"code.owner-dashboard.customer_due_data_is_rest","components\dashboard\roles\owner-dashboard.tsx","roles","Customer due data is restricted.","আর্থিক বাকি তথ্য দেখতে বিশেষ অনুমতি প্রয়োজন।","label","","","scanned"
"code.owner-dashboard.all_accounts_are_clear_no","components\dashboard\roles\owner-dashboard.tsx","roles","All accounts are clear! No overdue invoices found.","সকল বাকি পরিশোধিত! কোনো মেয়াদোত্তীর্ণ বিল নেই।","label","","","scanned"
"code.owner-dashboard.call_customer","components\dashboard\roles\owner-dashboard.tsx","roles","Call Customer","কল করুন","label","","","scanned"
"code.owner-dashboard.send_whatsapp_reminder","components\dashboard\roles\owner-dashboard.tsx","roles","Send WhatsApp Reminder","হোয়াটসঅ্যাপ তাগাদা পাঠান","label","","","scanned"
"code.owner-dashboard.remind","components\dashboard\roles\owner-dashboard.tsx","roles","Remind","তাগাদা","label","","","scanned"
"code.owner-dashboard.collect","components\dashboard\roles\owner-dashboard.tsx","roles","Collect","আদায়","label","","","scanned"
"code.owner-dashboard.workflow_pipeline","components\dashboard\roles\owner-dashboard.tsx","roles","Workflow Pipeline","ব্যবসায়িক পাইপলাইন","label","","","scanned"
"code.owner-dashboard.click_any_stage_to_inspec","components\dashboard\roles\owner-dashboard.tsx","roles","Click any stage to inspect filtered records","যেকোনো ধাপে ক্লিক করে বিস্তারিত দেখুন","label","","","scanned"
"code.owner-dashboard.sales_vs_collection_past_","components\dashboard\roles\owner-dashboard.tsx","roles","Sales vs Collection (Past 7 Days)","বিক্রয় বনাম আদায় ট্রেন্ড (বিগত ৭ দিন)","label","","","scanned"
"code.owner-dashboard.authoritative_daily_finan","components\dashboard\roles\owner-dashboard.tsx","roles","Authoritative daily financial trends in BDT","দৈনিক মোট বুকিং ও নগদ কালেকশনের তুলনা","label","","","scanned"
"code.owner-dashboard.sales","components\dashboard\roles\owner-dashboard.tsx","roles","Sales","সেলস","label","","","scanned"
"code.owner-dashboard.collections","components\dashboard\roles\owner-dashboard.tsx","roles","Collections","আদায়","label","","","scanned"
"code.owner-dashboard.send_due_payment_reminder","components\dashboard\roles\owner-dashboard.tsx","roles","Send Due Payment Reminder","বকেয়া বিলের তাগাদা বার্তা পাঠান","label","","","scanned"
"code.owner-dashboard.message_preview_","components\dashboard\roles\owner-dashboard.tsx","roles","Message Preview:","বার্তা প্রিভিউ:","label","","","scanned"
"code.owner-dashboard.cancel","components\dashboard\roles\owner-dashboard.tsx","roles","Cancel","বাতিল","label","","","scanned"
"code.owner-dashboard.open_in_whatsapp","components\dashboard\roles\owner-dashboard.tsx","roles","Open in WhatsApp","হোয়াটসঅ্যাপে পাঠান","label","","","scanned"
"code.sales-dashboard.sales_counter_desk","components\dashboard\roles\sales-dashboard.tsx","roles","Sales & Counter Desk","সেলস ও কাউন্টার ডেস্ক","label","","","scanned"
"code.sales-dashboard.sales_home","components\dashboard\roles\sales-dashboard.tsx","roles","Sales Home","সেলস ও বুকিং সেন্টার","label","","","scanned"
"code.sales-dashboard.fast_job_order_booking_cu","components\dashboard\roles\sales-dashboard.tsx","roles","Fast job order booking, customer quotations, dues follow-up, and billing.","দ্রুত কাজের বুকিং, কোটেশন, কাস্টমার বাকি টাকা আদায় এবং বিলিং।","label","","","scanned"
"code.sales-dashboard.new_work","components\dashboard\roles\sales-dashboard.tsx","roles","New Work","নতুন কাজ","label","","","scanned"
"prop.title.today","components\dashboard\roles\sales-dashboard.tsx","roles","Today","আজকের বিক্রয়","title","","","scanned"
"prop.title.quotations_awaiting_appro","components\dashboard\roles\sales-dashboard.tsx","roles","Quotations Awaiting Approval","দরপ্রস্তাব / কোটেশন","title","","","scanned"
"code.sales-dashboard.pending","components\dashboard\roles\sales-dashboard.tsx","roles","Pending","অপেক্ষমাণ","label","","","scanned"
"prop.title.unpaid_invoices_","components\dashboard\roles\sales-dashboard.tsx","roles","Unpaid Invoices (বাকি বিল)","বাকি ইনভয়েস","title","","","scanned"
"prop.title.follow_ups_contacts","components\dashboard\roles\sales-dashboard.tsx","roles","Follow-ups & Contacts","কাস্টমার ফলোআপ","title","","","scanned"
"code.store-dashboard.warehouse_raw_materials_s","components\dashboard\roles\store-dashboard.tsx","roles","Warehouse & Raw Materials Store","কাঁচামাল ও গুদাম ব্যবস্থাপনা","label","","","scanned"
"code.store-dashboard.inventory_requisitions_st","components\dashboard\roles\store-dashboard.tsx","roles","Inventory Requisitions & Stock Control","স্টক বিলি ও কাঁচামাল স্টোর","label","","","scanned"
"code.store-dashboard.issue_materials_to_produc","components\dashboard\roles\store-dashboard.tsx","roles","Issue materials to production floor, monitor roll remnants, and receive supplier shipments.","ফ্লোরে মাল বিলি করুন, অবশিষ্ট রোল ট্র্যাক করুন এবং চালান গ্রহণ করুন।","label","","","scanned"
"prop.title.pending_material_requests","components\dashboard\roles\store-dashboard.tsx","roles","Pending Material Requests","বিলি করার অপেক্ষায়","title","","","scanned"
"code.store-dashboard.requisitions","components\dashboard\roles\store-dashboard.tsx","roles","Requisitions","রিকুইজিশন","label","","","scanned"
"prop.title.low_stock_warnings","components\dashboard\roles\store-dashboard.tsx","roles","Low Stock Warnings","কম স্টক সতর্কতা","title","","","scanned"
"code.store-dashboard.reorder_needed","components\dashboard\roles\store-dashboard.tsx","roles","Reorder Needed","অর্ডার প্রয়োজন","label","","","scanned"
"prop.title.today","components\dashboard\roles\store-dashboard.tsx","roles","Today","আজকে ফ্লোরে মাল বিলি","title","","","scanned"
"prop.title.goods_received_today","components\dashboard\roles\store-dashboard.tsx","roles","Goods Received Today","আজকের মাল রিসিভ","title","","","scanned"
"code.todays-work-feed.all","components\dashboard\todays-work-feed.tsx","dashboard","All","সব","label","","","scanned"
"code.todays-work-feed.running","components\dashboard\todays-work-feed.tsx","dashboard","Running","চলমান","label","","","scanned"
"code.todays-work-feed.queued","components\dashboard\todays-work-feed.tsx","dashboard","Queued","কিউতে","label","","","scanned"
"code.todays-work-feed.urgent","components\dashboard\todays-work-feed.tsx","dashboard","Urgent","জরুরি","label","","","scanned"
"code.todays-work-feed.no_active_work_in_this_fi","components\dashboard\todays-work-feed.tsx","dashboard","No active work in this filter","এই ফিল্টারে কোনো কাজ নেই","label","","","scanned"
"code.todays-work-feed.all_caught_up_or_ready_to","components\dashboard\todays-work-feed.tsx","dashboard","All caught up or ready to take a new job order.","সব কাজ সম্পন্ন হয়েছে বা নতুন কাজ শুরু করতে পারেন।","label","","","scanned"
"code.todays-work-feed.create_new_work","components\dashboard\todays-work-feed.tsx","dashboard","Create New Work","নতুন কাজ যোগ করুন","label","","","scanned"
"code.todays-work-feed.urgent","components\dashboard\todays-work-feed.tsx","dashboard","URGENT","জরুরি","label","","","scanned"
"code.todays-work-feed.start_work","components\dashboard\todays-work-feed.tsx","dashboard","Start Work","শুরু করুন","label","","","scanned"
"code.todays-work-feed.pause","components\dashboard\todays-work-feed.tsx","dashboard","Pause","স্থগিত","label","","","scanned"
"code.todays-work-feed.report_issue","components\dashboard\todays-work-feed.tsx","dashboard","Report Issue","সমস্যা রিপোর্ট","label","","","scanned"
"code.todays-work-feed.complete","components\dashboard\todays-work-feed.tsx","dashboard","Complete","সম্পন্ন","label","","","scanned"
"code.todays-work-feed.paused_","components\dashboard\todays-work-feed.tsx","dashboard","Paused: ","স্থগিত: ","label","","","scanned"
"code.todays-work-feed.report_issue","components\dashboard\todays-work-feed.tsx","dashboard","Report Issue","সমস্যা","label","","","scanned"
"code.todays-work-feed.resume","components\dashboard\todays-work-feed.tsx","dashboard","Resume","পুনরায় শুরু","label","","","scanned"
"code.todays-work-feed.sign_off_complete_product","components\dashboard\todays-work-feed.tsx","dashboard","Sign Off & Complete Production","কাজ সম্পন্ন ও সাইন অফ","label","","","scanned"
"code.todays-work-feed.good_quantity","components\dashboard\todays-work-feed.tsx","dashboard","Good Quantity","সঠিক পরিমাণ","label","","","scanned"
"code.todays-work-feed.scrap_wastage","components\dashboard\todays-work-feed.tsx","dashboard","Scrap / Wastage","অপচয় / নষ্ট","label","","","scanned"
"code.todays-work-feed.cancel","components\dashboard\todays-work-feed.tsx","dashboard","Cancel","বাতিল","label","","","scanned"
"code.todays-work-feed.saving_","components\dashboard\todays-work-feed.tsx","dashboard","Saving...","সংরক্ষণ হচ্ছে...","label","","","scanned"
"code.delivery-filter-toolbar.challan_deliveries","components\delivery\delivery-filter-toolbar.tsx","delivery","Challan Deliveries","চালান ডেলিভারি","label","","","scanned"
"code.delivery-filter-toolbar.on_site_installations","components\delivery\delivery-filter-toolbar.tsx","delivery","On-Site Installations","সাইনেজ ফিটিং","label","","","scanned"
"code.delivery-filter-toolbar.dispatch_calendar","components\delivery\delivery-filter-toolbar.tsx","delivery","Dispatch Calendar","ক্যালেন্ডার","label","","","scanned"
"code.delivery-filter-toolbar.unpaid_due_only","components\delivery\delivery-filter-toolbar.tsx","delivery","Unpaid Due Only","বকেয়া চালান","label","","","scanned"
"code.delivery-filter-toolbar.search_challan_customer_v","components\delivery\delivery-filter-toolbar.tsx","delivery","Search challan, customer, vehicle...","চালান নং, কাস্টমার, গাড়ি...","label","","","scanned"
"code.delivery-filter-toolbar.method_","components\delivery\delivery-filter-toolbar.tsx","delivery","Method:","মাধ্যম:","label","","","scanned"
"code.design-invoice-group-card.technical_specifications_","components\design\design-invoice-group-card.tsx","design","Technical Specifications (6-Field Specs)","টেকনিক্যাল স্পেসিফিকেশন (৬-ফিল্ড স্পেক্স)","label","","","scanned"
"code.design-invoice-group-card.service_name_","components\design\design-invoice-group-card.tsx","design","Service name:","সার্ভিসের নাম:","label","","","scanned"
"code.design-invoice-group-card.material_name_","components\design\design-invoice-group-card.tsx","design","Material name:","মেটেরিয়াল নাম:","label","","","scanned"
"code.design-invoice-group-card.size_","components\design\design-invoice-group-card.tsx","design","Size:","সাইজ:","label","","","scanned"
"code.design-invoice-group-card.quantity_","components\design\design-invoice-group-card.tsx","design","Quantity:","পরিমাণ:","label","","","scanned"
"code.design-invoice-group-card.finishing_","components\design\design-invoice-group-card.tsx","design","Finishing:","ফিনিশিং:","label","","","scanned"
"code.design-invoice-group-card.add_on_","components\design\design-invoice-group-card.tsx","design","Add-on:","অ্যাড-অন:","label","","","scanned"
"code.design-invoice-group-card.instructions_notes_","components\design\design-invoice-group-card.tsx","design","Instructions / Notes:","নির্দেশনা / নোট:","label","","","scanned"
"prop.title.design_panel","components\design\design-panel.tsx","design","Design Panel","ডিজাইন প্যানেল ও প্রুফিং হাব","title","","","scanned"
"prop.desc.manage_design_jobs_create","components\design\design-panel.tsx","design","Manage design jobs, create proofs, handle revisions and send to production.","ডিজাইন জব, প্রুফ তৈরি, রিভিশন কন্ট্রোল ও প্রোডাকশনে প্রেরণের সমন্বিত কেন্দ্র।","hint","","","scanned"
"code.design-panel.add_work_order","components\design\design-panel.tsx","design","Add Work Order","নতুন ওয়ার্ক অর্ডার","label","","","scanned"
"code.types.custom_printing_work","components\design\types.ts","design","Custom Printing Work","কাস্টম প্রিন্টিং কাজ","label","","","scanned"
"code.types.ready_product_in_stock_","components\design\types.ts","design","Ready Product (In Stock)","রেডি পণ্য (ইন-স্টক)","label","","","scanned"
"code.types.outsourced_media","components\design\types.ts","design","Outsourced Media","আউটসোর্স মিডিয়া","label","","","scanned"
"code.types.standard_media","components\design\types.ts","design","Standard Media","স্ট্যান্ডার্ড মিডিয়া","label","","","scanned"
"code.types.standard_specification","components\design\types.ts","design","Standard Specification","স্ট্যান্ডার্ড সাইজ","label","","","scanned"
"code.types.pcs","components\design\types.ts","design","pcs","পিস","label","","","scanned"
"code.cash-bank-view.money_in_hand","components\finance\cash-bank-view.tsx","finance","Money in Hand","চলতি নগদ ও ব্যাংক তহবিল","label","","","scanned"
"code.cash-bank-view.active_accounts","components\finance\cash-bank-view.tsx","finance","Active Accounts","টি সক্রিয় হিসাব","label","","","scanned"
"code.cash-bank-view.add_account","components\finance\cash-bank-view.tsx","finance","Add Account","+ নতুন হিসাব","label","","","scanned"
"code.cash-bank-view.money_in","components\finance\cash-bank-view.tsx","finance","Money In","টাকা জমা","label","","","scanned"
"code.cash-bank-view.money_out","components\finance\cash-bank-view.tsx","finance","Money Out","টাকা খরচ","label","","","scanned"
"code.cash-bank-view.transfer","components\finance\cash-bank-view.tsx","finance","Transfer","ট্রান্সফার","label","","","scanned"
"code.cash-bank-view.all_accounts","components\finance\cash-bank-view.tsx","finance","All Accounts","সকল হিসাব","label","","","scanned"
"code.cash-bank-view.cash_accounts","components\finance\cash-bank-view.tsx","finance","Cash Accounts","ক্যাশ ড্রয়ার","label","","","scanned"
"code.cash-bank-view.bank_accounts","components\finance\cash-bank-view.tsx","finance","Bank Accounts","ব্যাংক হিসাব","label","","","scanned"
"code.cash-bank-view.bkash_nagad_mfs","components\finance\cash-bank-view.tsx","finance","bKash / Nagad / MFS","বিকাশ / নগদ","label","","","scanned"
"code.cash-bank-view.search_account_bank_or_wa","components\finance\cash-bank-view.tsx","finance","Search account, bank or wallet...","হিসাব বা ওয়ালেট খুঁজুন...","label","","","scanned"
"code.cash-bank-view.current_balance","components\finance\cash-bank-view.tsx","finance","Current Balance","বর্তমান স্থিতি","label","","","scanned"
"code.cash-bank-view.opening","components\finance\cash-bank-view.tsx","finance","Opening","প্রারম্ভিক","label","","","scanned"
"code.cash-bank-view.received","components\finance\cash-bank-view.tsx","finance","Received","মোট জমা","label","","","scanned"
"code.cash-bank-view.paid","components\finance\cash-bank-view.tsx","finance","Paid","মোট খরচ","label","","","scanned"
"code.cash-bank-view.statement","components\finance\cash-bank-view.tsx","finance","Statement","বিবরণী","label","","","scanned"
"code.cash-bank-view.no_matching_money_account","components\finance\cash-bank-view.tsx","finance","No matching money accounts found.","কোনো হিসাব পাওয়া যায়নি।","label","","","scanned"
"code.cash-bank-view._create_money_account","components\finance\cash-bank-view.tsx","finance","+ Create Money Account","+ নতুন হিসাব তৈরি করুন","label","","","scanned"
"code.cash-closing-view.print_shop_day_closing","components\finance\cash-closing-view.tsx","finance","Print Shop Day Closing","দৈনিক ক্যাশ ক্লোজিং ও ড্রয়ার অডিট","label","","","scanned"
"code.cash-closing-view.end_of_day_cash_closing","components\finance\cash-closing-view.tsx","finance","End of Day Cash Closing","দিনের শেষে ক্যাশ ক্লোজিং","label","","","scanned"
"code.cash-closing-view.register_locked","components\finance\cash-closing-view.tsx","finance","Register Locked","ক্লোজিং লক করা আছে","label","","","scanned"
"code.cash-closing-view.locking_","components\finance\cash-closing-view.tsx","finance","Locking...","লক হচ্ছে...","label","","","scanned"
"code.cash-closing-view.daily_closing","components\finance\cash-closing-view.tsx","finance","Daily Closing","দৈনিক ক্লোজিং","label","","","scanned"
"code.cash-closing-view.closing_history","components\finance\cash-closing-view.tsx","finance","Closing History","ক্লোজিং ইতিহাস","label","","","scanned"
"code.cash-closing-view.variance_analysis","components\finance\cash-closing-view.tsx","finance","Variance Analysis","অমিল বিশ্লেষণ","label","","","scanned"
"code.cash-closing-view.cash_register_breakdown_","components\finance\cash-closing-view.tsx","finance","Cash Register Breakdown (আজকের ক্যাশ হিসাব)","ক্যাশ রেজিস্টার হিসাব","label","","","scanned"
"code.cash-closing-view.opening_cash_in_drawer","components\finance\cash-closing-view.tsx","finance","Opening Cash in Drawer","সকালে ড্রয়ারে থাকা ক্যাশ (Opening)","label","","","scanned"
"code.cash-closing-view.carried_forward_from_yest","components\finance\cash-closing-view.tsx","finance","Carried forward from yesterday","পূর্ববর্তী দিনের অবশিষ্ট নগদ","label","","","scanned"
"code.cash-closing-view._cash_received_today","components\finance\cash-closing-view.tsx","finance","(+) Cash Received Today","(+) আজকের নগদ কালেকশন / জমা","label","","","scanned"
"code.cash-closing-view.invoice_payments_advances","components\finance\cash-closing-view.tsx","finance","Invoice payments, advances, and spot receipts","ইনভয়েস পরিশোধ ও অগ্রিম নগদ","label","","","scanned"
"code.cash-closing-view._cash_expenses_today","components\finance\cash-closing-view.tsx","finance","(-) Cash Expenses Today","(-) আজকের নগদ খরচ ও বিল","label","","","scanned"
"code.cash-closing-view.tea_electricity_transport","components\finance\cash-closing-view.tsx","finance","Tea, electricity, transport, emergency items","চা-নাস্তা, যাতায়াত ও খুচরা খরচ","label","","","scanned"
"code.cash-closing-view._cash_transfers_out","components\finance\cash-closing-view.tsx","finance","(-) Cash Transfers Out","(-) ব্যাংক বা ওয়ালেটে স্থানান্তর","label","","","scanned"
"code.cash-closing-view.deposited_into_bank_accou","components\finance\cash-closing-view.tsx","finance","Deposited into bank account or bKash wallet","ড্রয়ার থেকে ব্যাংকে জমা","label","","","scanned"
"code.cash-closing-view.expected_cash_in_drawer","components\finance\cash-closing-view.tsx","finance","Expected Cash in Drawer","হিসাবমতে ড্রয়ারে থাকা উচিত (Expected)","label","","","scanned"
"code.cash-closing-view.opening_received_expenses","components\finance\cash-closing-view.tsx","finance","Opening + Received - Expenses - Transfers","ওপেনিং + জমা - খরচ - স্থানান্তর","label","","","scanned"
"code.cash-closing-view.actual_counted_cash","components\finance\cash-closing-view.tsx","finance","Actual Counted Cash","গোনা নগদ টাকা (Actual Cash)","label","","","scanned"
"code.cash-closing-view.direct_input","components\finance\cash-closing-view.tsx","finance","Direct Input","সরাসরি লিখুন","label","","","scanned"
"code.cash-closing-view.discrepancy_variance","components\finance\cash-closing-view.tsx","finance","Discrepancy / Variance","অমিল / ভ্যারিয়েন্স","label","","","scanned"
"code.cash-closing-view.100_balanced_","components\finance\cash-closing-view.tsx","finance","100% Balanced ✓","হিসাব নিখুঁত মিল আছে ✓","label","","","scanned"
"code.cash-closing-view.shortage_in_cash_drawer","components\finance\cash-closing-view.tsx","finance","Shortage in cash drawer","ক্যাশে টাকা কম রয়েছে (ঘাটতি)","label","","","scanned"
"code.cash-closing-view.overage_in_cash_drawer","components\finance\cash-closing-view.tsx","finance","Overage in cash drawer","ক্যাশে টাকা বেশি রয়েছে","label","","","scanned"
"code.cash-closing-view.variance_reason_closing_n","components\finance\cash-closing-view.tsx","finance","Variance Reason / Closing Note","অমিলে কারণ বা সমাপনী নোট","label","","","scanned"
"code.cash-closing-view.locking_","components\finance\cash-closing-view.tsx","finance","Locking...","লক হচ্ছে...","label","","","scanned"
"code.cash-closing-view.day_records_locked_by_cas","components\finance\cash-closing-view.tsx","finance","Day records locked by Cashier","ক্যাশিয়ার কর্তৃক এই দিনের হিসাব লক করা আছে","label","","","scanned"
"code.cash-closing-view.date","components\finance\cash-closing-view.tsx","finance","Date","তারিখ","label","","","scanned"
"code.cash-closing-view.closing_","components\finance\cash-closing-view.tsx","finance","Closing #","ক্লোজিং নং","label","","","scanned"
"code.cash-closing-view.opening_cash","components\finance\cash-closing-view.tsx","finance","Opening Cash","ওপেনিং ক্যাশ","label","","","scanned"
"code.cash-closing-view.cash_in","components\finance\cash-closing-view.tsx","finance","Cash In","মোট জমা","label","","","scanned"
"code.cash-closing-view.cash_out","components\finance\cash-closing-view.tsx","finance","Cash Out","মোট খরচ","label","","","scanned"
"code.cash-closing-view.expected","components\finance\cash-closing-view.tsx","finance","Expected","হিসাবমতো","label","","","scanned"
"code.cash-closing-view.counted_actual_","components\finance\cash-closing-view.tsx","finance","Counted (Actual)","গোনা টাকা","label","","","scanned"
"code.cash-closing-view.variance","components\finance\cash-closing-view.tsx","finance","Variance","অমিল","label","","","scanned"
"code.cash-closing-view.closed_by","components\finance\cash-closing-view.tsx","finance","Closed By","ক্লোজ করেছেন","label","","","scanned"
"code.cash-closing-view.status","components\finance\cash-closing-view.tsx","finance","Status","অবস্থা","label","","","scanned"
"code.cash-closing-view.no_past_cash_closing_reco","components\finance\cash-closing-view.tsx","finance","No past cash closing records found.","কোনো পূর্ববর্তী ক্যাশ ক্লোজিং রেকর্ড পাওয়া যায়নি।","label","","","scanned"
"code.cash-closing-view.total_days_audited","components\finance\cash-closing-view.tsx","finance","Total Days Audited","মোট অডিটকৃত দিন","label","","","scanned"
"code.cash-closing-view.days","components\finance\cash-closing-view.tsx","finance","Days","দিন","label","","","scanned"
"code.cash-closing-view.100_daily_register_compli","components\finance\cash-closing-view.tsx","finance","100% daily register compliance","শতভাগ দৈনিক রেজিস্টার সম্পন্নের রেকর্ড","label","","","scanned"
"code.cash-closing-view.perfect_closings","components\finance\cash-closing-view.tsx","finance","Perfect Closings","নিখুঁত মিল","label","","","scanned"
"code.cash-closing-view.zero_variance_audit_days","components\finance\cash-closing-view.tsx","finance","Zero variance audit days","কোনো অমিল ছাড়া দিন","label","","","scanned"
"code.cash-closing-view.net_monthly_variance","components\finance\cash-closing-view.tsx","finance","Net Monthly Variance","নিট মাসিক অমিল","label","","","scanned"
"code.cash-closing-view.cumulative_drawer_discrep","components\finance\cash-closing-view.tsx","finance","Cumulative drawer discrepancy","মাসিক পুঞ্জীভূত ক্যাশ অমিল","label","","","scanned"
"code.expenses-tab-view.expenditures_overhead","components\finance\expenses-tab-view.tsx","finance","Expenditures & Overhead","কারখানা পরিচালন ও দৈনন্দিন ব্যয়","label","","","scanned"
"code.expenses-tab-view.vouchers_logged","components\finance\expenses-tab-view.tsx","finance","Vouchers Logged","টি ভাউচার","label","","","scanned"
"code.expenses-tab-view._add_expense","components\finance\expenses-tab-view.tsx","finance","+ Add Expense","+ নতুন খরচ এন্ট্রি","label","","","scanned"
"code.expenses-tab-view.expense_entries","components\finance\expenses-tab-view.tsx","finance","Expense Entries","খরচের তালিকা","label","","","scanned"
"code.expenses-tab-view.expense_categories","components\finance\expenses-tab-view.tsx","finance","Expense Categories","খরচের খাত","label","","","scanned"
"code.expenses-tab-view.recurring_expenses","components\finance\expenses-tab-view.tsx","finance","Recurring Expenses","মাসিক নিয়মিত বিল","label","","","scanned"
"code.expenses-tab-view.search_memo_category_paye","components\finance\expenses-tab-view.tsx","finance","Search memo, category, payee...","বিবরণ বা খাত খুঁজুন...","label","","","scanned"
"code.expenses-tab-view.date","components\finance\expenses-tab-view.tsx","finance","Date","তারিখ","label","","","scanned"
"code.expenses-tab-view.voucher_","components\finance\expenses-tab-view.tsx","finance","Voucher #","ভাউচার","label","","","scanned"
"code.expenses-tab-view.category","components\finance\expenses-tab-view.tsx","finance","Category","খরচের খাত","label","","","scanned"
"code.expenses-tab-view.description_notes","components\finance\expenses-tab-view.tsx","finance","Description & Notes","বিবরণ ও নোট","label","","","scanned"
"code.expenses-tab-view.payment_account","components\finance\expenses-tab-view.tsx","finance","Payment Account","যে হিসাব থেকে প্রদেয়","label","","","scanned"
"code.expenses-tab-view.amount_","components\finance\expenses-tab-view.tsx","finance","Amount (৳)","টাকা","label","","","scanned"
"code.expenses-tab-view.receipt","components\finance\expenses-tab-view.tsx","finance","Receipt","রসিদ","label","","","scanned"
"code.expenses-tab-view.no_expense_vouchers_found","components\finance\expenses-tab-view.tsx","finance","No expense vouchers found matching criteria.","কোনো খরচের ভাউচার পাওয়া যায়নি।","label","","","scanned"
"code.expenses-tab-view.entries_logged","components\finance\expenses-tab-view.tsx","finance","entries logged","টি ভাউচার","label","","","scanned"
"code.expenses-tab-view.total_spent","components\finance\expenses-tab-view.tsx","finance","Total Spent","মোট ব্যয়","label","","","scanned"
"code.expenses-tab-view.filter_vouchers_","components\finance\expenses-tab-view.tsx","finance","Filter vouchers →","ভাউচার দেখুন →","label","","","scanned"
"code.expenses-tab-view.fixed_monthly_overheads_b","components\finance\expenses-tab-view.tsx","finance","Fixed Monthly Overheads & Bills","মাসিক নির্দিষ্ট পরিচালন খরচ ও বিল","label","","","scanned"
"code.expenses-tab-view.pay_again","components\finance\expenses-tab-view.tsx","finance","Pay Again","পুনরায় প্রদান","label","","","scanned"
"code.finance-dashboard-view.total_available_cash_bank","components\finance\finance-dashboard-view.tsx","finance","Total Available Cash & Bank","মোট উপলব্ধ নগদ ও ব্যাংক তহবিল","label","","","scanned"
"code.finance-dashboard-view.in_cash_bank","components\finance\finance-dashboard-view.tsx","finance","In Cash & Bank","তাৎক্ষণিক ব্যবহারযোগ্য","label","","","scanned"
"code.finance-dashboard-view._money_in","components\finance\finance-dashboard-view.tsx","finance","+ Money In","+ টাকা জমা","label","","","scanned"
"code.finance-dashboard-view._money_out","components\finance\finance-dashboard-view.tsx","finance","- Money Out","- খরচ / ব্যয়","label","","","scanned"
"code.finance-dashboard-view.transfer","components\finance\finance-dashboard-view.tsx","finance","Transfer","ট্রান্সফার","label","","","scanned"
"code.finance-dashboard-view.daily_closing","components\finance\finance-dashboard-view.tsx","finance","Daily Closing","ক্যাশ ক্লোজিং","label","","","scanned"
"code.finance-dashboard-view.cash_balance","components\finance\finance-dashboard-view.tsx","finance","Cash Balance","নগদ ক্যাশ ব্যালেন্স","label","","","scanned"
"code.finance-dashboard-view.bank_balance","components\finance\finance-dashboard-view.tsx","finance","Bank Balance","ব্যাংক অ্যাকাউন্ট ব্যালেন্স","label","","","scanned"
"code.finance-dashboard-view.bkash_nagad_mfs","components\finance\finance-dashboard-view.tsx","finance","bKash / Nagad / MFS","বিকাশ / নগদ ওয়ালেট","label","","","scanned"
"prop.title.customer_due_receivable_","components\finance\finance-dashboard-view.tsx","finance","Customer Due (Receivable)","গ্রাহকের বকেয়া (পাওনা)","title","","","scanned"
"prop.title.pending_collections","components\finance\finance-dashboard-view.tsx","finance","Pending collections","আদায়যোগ্য বিল","title","","","scanned"
"prop.title.supplier_due_payable_","components\finance\finance-dashboard-view.tsx","finance","Supplier Due (Payable)","মহাজনের দেনা (প্রদেয়)","title","","","scanned"
"prop.title.material_paper_bills","components\finance\finance-dashboard-view.tsx","finance","Material & paper bills","কাঁচামাল ও কাগজের দেনা","title","","","scanned"
"prop.title.today","components\finance\finance-dashboard-view.tsx","finance","Today","আজকের জমা (Money In)","title","","","scanned"
"prop.title.collected_today","components\finance\finance-dashboard-view.tsx","finance","Collected today","আজকের মোট আদায়","title","","","scanned"
"prop.title.today","components\finance\finance-dashboard-view.tsx","finance","Today","আজকের খরচ (Money Out)","title","","","scanned"
"prop.title.spent_today","components\finance\finance-dashboard-view.tsx","finance","Spent today","আজকের মোট ব্যয়","title","","","scanned"
"code.finance-dashboard-view.overdue_customers","components\finance\finance-dashboard-view.tsx","finance","Overdue Customers","বকেয়া গ্রাহকের তালিকা","label","","","scanned"
"code.finance-dashboard-view.top_clients_with_unpaid_i","components\finance\finance-dashboard-view.tsx","finance","Top clients with unpaid invoices needing payment reminder","জরুরি বাকি তাগাদা দেওয়ার তালিকা","label","","","scanned"
"code.finance-dashboard-view.view_all","components\finance\finance-dashboard-view.tsx","finance","View All","সব দেখুন","label","","","scanned"
"code.finance-dashboard-view.collect","components\finance\finance-dashboard-view.tsx","finance","Collect","আদায়","label","","","scanned"
"code.finance-dashboard-view.no_overdue_customer_payme","components\finance\finance-dashboard-view.tsx","finance","No overdue customer payments. Excellent collection!","কোনো বকেয়া গ্রাহক নেই। চমৎকার কালেকশন!","label","","","scanned"
"code.finance-dashboard-view.supplier_due","components\finance\finance-dashboard-view.tsx","finance","Supplier Due","সরবরাহকারী মহাজন পাওনা","label","","","scanned"
"code.finance-dashboard-view.outstanding_supplier_raw_","components\finance\finance-dashboard-view.tsx","finance","Outstanding supplier raw material & paper bills","কাঁচামাল ও কাগজের বকেয়া বিল","label","","","scanned"
"code.finance-dashboard-view.view_all","components\finance\finance-dashboard-view.tsx","finance","View All","সব দেখুন","label","","","scanned"
"code.finance-dashboard-view.pay","components\finance\finance-dashboard-view.tsx","finance","Pay","পরিশোধ","label","","","scanned"
"code.finance-dashboard-view.all_supplier_accounts_are","components\finance\finance-dashboard-view.tsx","finance","All supplier accounts are settled!","সকল মহাজন বিল পরিশোধিত রয়েছে!","label","","","scanned"
"code.finance-dashboard-view.recent_transactions","components\finance\finance-dashboard-view.tsx","finance","Recent Transactions","সাম্প্রতিক লেনদেন লেজার","label","","","scanned"
"code.finance-dashboard-view.authoritative_log_of_all_","components\finance\finance-dashboard-view.tsx","finance","Authoritative log of all cash, bank, and MFS entries","নগদ, ব্যাংক ও ওয়ালেট লেনদেনের সর্বশেষ বিবরণী","label","","","scanned"
"code.finance-dashboard-view.view_all_transactions_","components\finance\finance-dashboard-view.tsx","finance","View All Transactions →","সম্পূর্ণ লেজার দেখুন →","label","","","scanned"
"code.finance-dashboard-view.date","components\finance\finance-dashboard-view.tsx","finance","Date","তারিখ","label","","","scanned"
"code.finance-dashboard-view.type","components\finance\finance-dashboard-view.tsx","finance","Type","ধরন","label","","","scanned"
"code.finance-dashboard-view.description","components\finance\finance-dashboard-view.tsx","finance","Description","বিবরণ","label","","","scanned"
"code.finance-dashboard-view.account","components\finance\finance-dashboard-view.tsx","finance","Account","হিসাব","label","","","scanned"
"code.finance-dashboard-view.amount","components\finance\finance-dashboard-view.tsx","finance","Amount","পরিমাণ","label","","","scanned"
"code.finance-dashboard-view.no_recent_transactions_fo","components\finance\finance-dashboard-view.tsx","finance","No recent transactions found.","কোনো লেনদেন রেকর্ড পাওয়া যায়নি।","label","","","scanned"
"code.financial-reports-view.income_expense","components\finance\financial-reports-view.tsx","finance","Income & Expense","আয় ও ব্যয়","label","","","scanned"
"code.financial-reports-view.cash_flow","components\finance\financial-reports-view.tsx","finance","Cash Flow","ক্যাশ ফ্লো","label","","","scanned"
"code.financial-reports-view.customer_due_report","components\finance\financial-reports-view.tsx","finance","Customer Due Report","বাকি আদায়","label","","","scanned"
"code.financial-reports-view.supplier_due_report","components\finance\financial-reports-view.tsx","finance","Supplier Due Report","মহাজন দেনা","label","","","scanned"
"code.financial-reports-view.account_statements","components\finance\financial-reports-view.tsx","finance","Account Statements","হিসাব বিবরণী","label","","","scanned"
"code.financial-reports-view.print_report","components\finance\financial-reports-view.tsx","finance","Print Report","প্রিন্ট","label","","","scanned"
"code.financial-reports-view.total_money_in_revenue_co","components\finance\financial-reports-view.tsx","finance","Total Money In (Revenue/Collections)","মোট আয় ও কালেকশন","label","","","scanned"
"code.financial-reports-view.invoice_receipts_deposits","components\finance\financial-reports-view.tsx","finance","Invoice receipts & deposits","আদায়কৃত বিল","label","","","scanned"
"code.financial-reports-view.total_money_out_expenditu","components\finance\financial-reports-view.tsx","finance","Total Money Out (Expenditures)","মোট খরচ ও বিল পরিশোধ","label","","","scanned"
"code.financial-reports-view.operating_supplier_payout","components\finance\financial-reports-view.tsx","finance","Operating & supplier payouts","পরিচালন ও মহাজন বিল","label","","","scanned"
"code.financial-reports-view.net_cash_surplus_margin","components\finance\financial-reports-view.tsx","finance","Net Cash Surplus / Margin","নিট নগদ উদ্বৃত্ত","label","","","scanned"
"code.financial-reports-view.positive_operating_cash_f","components\finance\financial-reports-view.tsx","finance","Positive operating cash flow","ধনাত্মক নগদ উদ্বৃত্ত","label","","","scanned"
"code.financial-reports-view.expense_breakdown_by_cate","components\finance\financial-reports-view.tsx","finance","Expense Breakdown by Category","খাতভিত্তিক ব্যয় বিবরণী","label","","","scanned"
"code.financial-reports-view.no_categorized_expenses_l","components\finance\financial-reports-view.tsx","finance","No categorized expenses logged in this timeframe.","কোনো খরচের রেকর্ড পাওয়া যায়নি।","label","","","scanned"
"code.financial-reports-view.cash_flow_statement","components\finance\financial-reports-view.tsx","finance","Cash Flow Statement","ক্যাশ ফ্লো স্টেটমেন্ট","label","","","scanned"
"code.financial-reports-view.1_cash_inflows_operating_","components\finance\financial-reports-view.tsx","finance","1. Cash Inflows (Operating Collections)","১. নগদ জমা (আদায় ও কালেকশন)","label","","","scanned"
"code.financial-reports-view.2_cash_outflows_expenses_","components\finance\financial-reports-view.tsx","finance","2. Cash Outflows (Expenses & Payments)","২. নগদ খরচ ও বিল পরিশোধ","label","","","scanned"
"code.financial-reports-view.net_cash_in_out","components\finance\financial-reports-view.tsx","finance","Net Cash In/Out","নিট নগদ প্রবাহ","label","","","scanned"
"code.financial-reports-view.total_money_in_hand_bank","components\finance\financial-reports-view.tsx","finance","Total Money in Hand & Bank","বর্তমান মোট নগদ ও ব্যাংক স্থিতি","label","","","scanned"
"code.financial-reports-view.customer_due_report","components\finance\financial-reports-view.tsx","finance","Customer Due Report","কাস্টমার বকেয়া ও কালেকশন রিপোর্ট","label","","","scanned"
"code.financial-reports-view.supplier_due_report","components\finance\financial-reports-view.tsx","finance","Supplier Due Report","মহাজন দেনা রিপোর্ট","label","","","scanned"
"code.financial-reports-view.select_money_account","components\finance\financial-reports-view.tsx","finance","Select Money Account","হিসাব নির্বাচন করুন","label","","","scanned"
"code.financial-reports-view.no_entries_found_for_this","components\finance\financial-reports-view.tsx","finance","No entries found for this account in the selected period.","কোনো লেনদেন রেকর্ড পাওয়া যায়নি।","label","","","scanned"
"code.account-statement-modal.account_statement","components\finance\modals\account-statement-modal.tsx","modals","Account Statement","হিসাব বিবরণী","label","","","scanned"
"code.account-statement-modal.opening_balance","components\finance\modals\account-statement-modal.tsx","modals","Opening Balance","প্রারম্ভিক ব্যালেন্স","label","","","scanned"
"code.account-statement-modal.current_balance","components\finance\modals\account-statement-modal.tsx","modals","Current Balance","বর্তমান স্থিতি","label","","","scanned"
"code.account-statement-modal.total_inflows_","components\finance\modals\account-statement-modal.tsx","modals","Total Inflows (+)","মোট জমা (+)","label","","","scanned"
"code.account-statement-modal.total_outflows_","components\finance\modals\account-statement-modal.tsx","modals","Total Outflows (-)","মোট খরচ (-)","label","","","scanned"
"code.account-statement-modal.net_movement","components\finance\modals\account-statement-modal.tsx","modals","Net Movement","নিট তারতম্য","label","","","scanned"
"code.account-statement-modal.date","components\finance\modals\account-statement-modal.tsx","modals","Date","তারিখ","label","","","scanned"
"code.account-statement-modal.voucher_","components\finance\modals\account-statement-modal.tsx","modals","Voucher #","ভাউচার","label","","","scanned"
"code.account-statement-modal.description","components\finance\modals\account-statement-modal.tsx","modals","Description","বিবরণ","label","","","scanned"
"code.account-statement-modal.inflow_","components\finance\modals\account-statement-modal.tsx","modals","Inflow (+)","জমা (+)","label","","","scanned"
"code.account-statement-modal.outflow_","components\finance\modals\account-statement-modal.tsx","modals","Outflow (-)","খরচ (-)","label","","","scanned"
"code.account-statement-modal.balance","components\finance\modals\account-statement-modal.tsx","modals","Balance","স্থিতি","label","","","scanned"
"code.account-statement-modal.opening_balance_brought_f","components\finance\modals\account-statement-modal.tsx","modals","Opening Balance brought forward","প্রারম্ভিক উদ্বৃত্ত","label","","","scanned"
"code.account-statement-modal.no_transaction_entries_re","components\finance\modals\account-statement-modal.tsx","modals","No transaction entries recorded for this account.","এই অ্যাকাউন্টে কোনো লেনদেনের রেকর্ড পাওয়া যায়নি।","label","","","scanned"
"code.account-statement-modal.download_csv","components\finance\modals\account-statement-modal.tsx","modals","Download CSV","সিএসভি ডাউনলোড","label","","","scanned"
"code.account-statement-modal.print_statement","components\finance\modals\account-statement-modal.tsx","modals","Print Statement","প্রিন্ট","label","","","scanned"
"code.account-statement-modal.close","components\finance\modals\account-statement-modal.tsx","modals","Close","বন্ধ করুন","label","","","scanned"
"code.add-account-modal.please_enter_an_account_n","components\finance\modals\add-account-modal.tsx","modals","Please enter an account name.","দয়া করে অ্যাকাউন্টের নাম লিখুন।","label","","","scanned"
"code.add-account-modal.failed_to_create_account_","components\finance\modals\add-account-modal.tsx","modals","Failed to create account.","অ্যাকাউন্ট তৈরি করতে ব্যর্থ হয়েছে।","label","","","scanned"
"code.add-account-modal.add_money_account","components\finance\modals\add-account-modal.tsx","modals","Add Money Account","নতুন হিসাব / ব্যাংক / ওয়ালেট যুক্ত করুন","label","","","scanned"
"code.add-account-modal.account_type","components\finance\modals\add-account-modal.tsx","modals","Account Type","হিসাবের ধরন","label","","","scanned"
"code.add-account-modal.cash","components\finance\modals\add-account-modal.tsx","modals","Cash","নগদ ক্যাশ","label","","","scanned"
"code.add-account-modal.bank_account","components\finance\modals\add-account-modal.tsx","modals","Bank Account","ব্যাংক হিসাব","label","","","scanned"
"code.add-account-modal.bkash_nagad_mfs","components\finance\modals\add-account-modal.tsx","modals","bKash / Nagad / MFS","এমএফএস ওয়ালেট","label","","","scanned"
"code.add-account-modal.account_display_name_","components\finance\modals\add-account-modal.tsx","modals","Account Display Name *","অ্যাকাউন্টের নাম *","label","","","scanned"
"code.add-account-modal.name_in_bangla_optional_","components\finance\modals\add-account-modal.tsx","modals","Name in Bangla (Optional)","বাংলা নাম (ঐচ্ছিক)","label","","","scanned"
"code.add-account-modal.bank_name","components\finance\modals\add-account-modal.tsx","modals","Bank Name","ব্যাংকের নাম","label","","","scanned"
"code.add-account-modal.account_number","components\finance\modals\add-account-modal.tsx","modals","Account Number","হিসাব নম্বর","label","","","scanned"
"code.add-account-modal.branch_name","components\finance\modals\add-account-modal.tsx","modals","Branch Name","শাখা","label","","","scanned"
"code.add-account-modal.provider","components\finance\modals\add-account-modal.tsx","modals","Provider","প্রোভাইডার","label","","","scanned"
"code.add-account-modal.account_category","components\finance\modals\add-account-modal.tsx","modals","Account Category","ধরন","label","","","scanned"
"code.add-account-modal.wallet_phone_number","components\finance\modals\add-account-modal.tsx","modals","Wallet Phone Number","ওয়ালেট মোবাইল নম্বর","label","","","scanned"
"code.add-account-modal.opening_balance_bdt_","components\finance\modals\add-account-modal.tsx","modals","Opening Balance (৳ BDT)","প্রারম্ভিক ব্যালেন্স (৳)","label","","","scanned"
"code.add-account-modal.cancel","components\finance\modals\add-account-modal.tsx","modals","Cancel","বাতিল","label","","","scanned"
"code.add-account-modal.saving_","components\finance\modals\add-account-modal.tsx","modals","Saving...","সংরক্ষণ হচ্ছে...","label","","","scanned"
"code.cash-closing-modal.please_select_a_cash_acco","components\finance\modals\cash-closing-modal.tsx","modals","Please select a cash account","ক্যাশ হিসাব নির্বাচন করুন","label","","","scanned"
"code.cash-closing-modal.please_enter_the_physical","components\finance\modals\cash-closing-modal.tsx","modals","Please enter the physical counted cash in drawer","ড্রয়ারের গোনা ক্যাশ টাকার পরিমাণ লিখুন","label","","","scanned"
"code.cash-closing-modal.please_enter_an_explanati","components\finance\modals\cash-closing-modal.tsx","modals","Please enter an explanation for the cash discrepancy/variance","ক্যাশ অমিলের কারণ অবশ্যই লিখতে হবে","label","","","scanned"
"code.cash-closing-modal.daily_cash_closing_drawer","components\finance\modals\cash-closing-modal.tsx","modals","Daily Cash Closing & Drawer Check","দিনের ক্যাশ ড্রয়ার ক্লোজিং","label","","","scanned"
"code.cash-closing-modal.cash_account_drawer","components\finance\modals\cash-closing-modal.tsx","modals","Cash Account / Drawer","ক্যাশ ড্রয়ার হিসাব","label","","","scanned"
"code.cash-closing-modal.system_expected_cash_book","components\finance\modals\cash-closing-modal.tsx","modals","System Expected Cash (Book)","সিস্টেমের হিসেবে ক্যাশ","label","","","scanned"
"code.cash-closing-modal.physical_cash_counted_in_","components\finance\modals\cash-closing-modal.tsx","modals","Physical Cash Counted in Drawer","ড্রয়ারে গুনে পাওয়া নগদ টাকা","label","","","scanned"
"code.cash-closing-modal.exact_match_100_balanced_","components\finance\modals\cash-closing-modal.tsx","modals","Exact Match (100% Balanced)","ক্যাশ নিখুঁত ও মিল আছে","label","","","scanned"
"code.cash-closing-modal.surplus_cash_in_drawer","components\finance\modals\cash-closing-modal.tsx","modals","Surplus Cash in Drawer","ক্যাশে অতিরিক্ত টাকা আছে","label","","","scanned"
"code.cash-closing-modal.cash_shortage_in_drawer","components\finance\modals\cash-closing-modal.tsx","modals","Cash Shortage in Drawer","ক্যাশে টাকা কম আছে","label","","","scanned"
"code.cash-closing-modal.reason_for_variance_requi","components\finance\modals\cash-closing-modal.tsx","modals","Reason for Variance (Required)","ক্যাশ কম/বেশির কারণ (বাধ্যতামূলক)","label","","","scanned"
"code.cash-closing-modal.e_g_change_return_mistake","components\finance\modals\cash-closing-modal.tsx","modals","e.g. Change return mistake / Pending petty expense","যেমন: খুচরা ফেরত দেওয়া ভুল হয়েছে / খরচের ভাউচার বাকি","label","","","scanned"
"code.cash-closing-modal.closing_date","components\finance\modals\cash-closing-modal.tsx","modals","Closing Date","ক্লোজিং তারিখ","label","","","scanned"
"code.cash-closing-modal.cancel","components\finance\modals\cash-closing-modal.tsx","modals","Cancel","বাতিল","label","","","scanned"
"code.cash-closing-modal.closing_","components\finance\modals\cash-closing-modal.tsx","modals","Closing...","ক্লোজ হচ্ছে...","label","","","scanned"
"code.collect-payment-modal.please_enter_a_valid_paym","components\finance\modals\collect-payment-modal.tsx","modals","Please enter a valid payment amount.","দয়া করে সঠিক জমার পরিমাণ লিখুন।","label","","","scanned"
"code.collect-payment-modal.please_select_a_customer_","components\finance\modals\collect-payment-modal.tsx","modals","Please select a customer.","দয়া করে একজন গ্রাহক নির্বাচন করুন।","label","","","scanned"
"code.collect-payment-modal.please_select_a_receiving","components\finance\modals\collect-payment-modal.tsx","modals","Please select a receiving cash or bank account.","দয়া করে গ্রহণকারী ক্যাশ বা ব্যাংক হিসাব নির্বাচন করুন।","label","","","scanned"
"code.collect-payment-modal.failed_to_record_payment_","components\finance\modals\collect-payment-modal.tsx","modals","Failed to record payment.","জমা রেকর্ড করতে ব্যর্থ হয়েছে।","label","","","scanned"
"code.collect-payment-modal.collect_customer_payment","components\finance\modals\collect-payment-modal.tsx","modals","Collect Customer Payment","কাস্টমার বাকি আদায় / জমা রসিদ","label","","","scanned"
"code.collect-payment-modal.customer_","components\finance\modals\collect-payment-modal.tsx","modals","Customer *","গ্রাহকের নাম *","label","","","scanned"
"code.collect-payment-modal._select_customer_","components\finance\modals\collect-payment-modal.tsx","modals","-- Select Customer --","-- কাস্টমার নির্বাচন করুন --","label","","","scanned"
"code.collect-payment-modal.invoice_reference","components\finance\modals\collect-payment-modal.tsx","modals","Invoice Reference","ইনভয়েস নম্বর","label","","","scanned"
"code.collect-payment-modal.invoice_optional_","components\finance\modals\collect-payment-modal.tsx","modals","Invoice # (Optional)","ইনভয়েস নং (ঐচ্ছিক)","label","","","scanned"
"code.collect-payment-modal.collection_amount_","components\finance\modals\collect-payment-modal.tsx","modals","Collection Amount (৳) *","আদায়ের পরিমাণ (৳) *","label","","","scanned"
"code.collect-payment-modal.full_due_","components\finance\modals\collect-payment-modal.tsx","modals","Full Due: ৳","সম্পূর্ণ বাকি: ৳","label","","","scanned"
"code.collect-payment-modal.deposit_into_account_","components\finance\modals\collect-payment-modal.tsx","modals","Deposit Into Account *","যে অ্যাকাউন্টে জমা হবে *","label","","","scanned"
"code.collect-payment-modal.payment_date","components\finance\modals\collect-payment-modal.tsx","modals","Payment Date","জমার তারিখ","label","","","scanned"
"code.collect-payment-modal.receipt_trxid_","components\finance\modals\collect-payment-modal.tsx","modals","Receipt / TrxID #","রসিদ / ট্রানজেকশন আইডি","label","","","scanned"
"code.collect-payment-modal.narration_note","components\finance\modals\collect-payment-modal.tsx","modals","Narration / Note","মন্তব্য / নোট","label","","","scanned"
"code.collect-payment-modal.cancel","components\finance\modals\collect-payment-modal.tsx","modals","Cancel","বাতিল","label","","","scanned"
"code.collect-payment-modal.recording_","components\finance\modals\collect-payment-modal.tsx","modals","Recording...","রেকর্ড হচ্ছে...","label","","","scanned"
"code.pay-supplier-modal.please_enter_a_valid_paym","components\finance\modals\pay-supplier-modal.tsx","modals","Please enter a valid payment amount","সঠিক পেমেন্টের পরিমাণ লিখুন","label","","","scanned"
"code.pay-supplier-modal.please_select_a_supplier","components\finance\modals\pay-supplier-modal.tsx","modals","Please select a supplier","সরবরাহকারী নির্বাচন করুন","label","","","scanned"
"code.pay-supplier-modal.please_select_a_payment_a","components\finance\modals\pay-supplier-modal.tsx","modals","Please select a payment account","টাকা পরিশোধের হিসাব নির্বাচন করুন","label","","","scanned"
"code.pay-supplier-modal.pay_supplier_bill_account","components\finance\modals\pay-supplier-modal.tsx","modals","Pay Supplier Bill (Accounts Payable)","সরবরাহকারীর পাওনা পরিশোধ","label","","","scanned"
"code.pay-supplier-modal.select_supplier","components\finance\modals\pay-supplier-modal.tsx","modals","Select Supplier","সরবরাহকারী","label","","","scanned"
"code.pay-supplier-modal.mobile_","components\finance\modals\pay-supplier-modal.tsx","modals","Mobile: ","মোবাইল: ","label","","","scanned"
"code.pay-supplier-modal.payment_amount","components\finance\modals\pay-supplier-modal.tsx","modals","Payment Amount","পরিশোধের পরিমাণ","label","","","scanned"
"code.pay-supplier-modal.paid_from_account_","components\finance\modals\pay-supplier-modal.tsx","modals","Paid From (Account)","কোন তহবিল থেকে দেওয়া হলো?","label","","","scanned"
"code.pay-supplier-modal.balance_","components\finance\modals\pay-supplier-modal.tsx","modals","Balance: ","ব্যালেন্স: ","label","","","scanned"
"code.pay-supplier-modal.payment_date","components\finance\modals\pay-supplier-modal.tsx","modals","Payment Date","তারিখ","label","","","scanned"
"code.pay-supplier-modal.bill_check_po_","components\finance\modals\pay-supplier-modal.tsx","modals","Bill / Check / PO #","বিল বা চেক নম্বর","label","","","scanned"
"code.pay-supplier-modal.payment_note","components\finance\modals\pay-supplier-modal.tsx","modals","Payment Note","নোট","label","","","scanned"
"code.pay-supplier-modal.cancel","components\finance\modals\pay-supplier-modal.tsx","modals","Cancel","বাতিল","label","","","scanned"
"code.pay-supplier-modal.processing_","components\finance\modals\pay-supplier-modal.tsx","modals","Processing...","প্রসেসিং হচ্ছে...","label","","","scanned"
"code.spend-money-modal.please_enter_a_valid_amou","components\finance\modals\spend-money-modal.tsx","modals","Please enter a valid amount greater than 0","সঠিক টাকার পরিমাণ লিখুন (০ এর বেশি)","label","","","scanned"
"code.spend-money-modal.please_select_a_payment_a","components\finance\modals\spend-money-modal.tsx","modals","Please select a payment account","টাকা পরিশোধের হিসাব নির্বাচন করুন","label","","","scanned"
"code.spend-money-modal.all","components\finance\modals\spend-money-modal.tsx","modals","All","সব","label","","","scanned"
"code.spend-money-modal.staff_salary","components\finance\modals\spend-money-modal.tsx","modals","Staff & Salary","বেতন ও স্টাফ","label","","","scanned"
"code.spend-money-modal.factory_ops","components\finance\modals\spend-money-modal.tsx","modals","Factory & Ops","কারখানা ও অপস","label","","","scanned"
"code.spend-money-modal.office_admin","components\finance\modals\spend-money-modal.tsx","modals","Office & Admin","অফিস ও প্রশাসন","label","","","scanned"
"code.spend-money-modal.payroll","components\finance\modals\spend-money-modal.tsx","modals","Payroll","বেতন","label","","","scanned"
"code.spend-money-modal.employee_linked_salary_re","components\finance\modals\spend-money-modal.tsx","modals","Employee Linked & Salary Resolved","কর্মচারী লিংক ও বেতন হার লোড হয়েছে","label","","","scanned"
"code.spend-money-modal.select_staff_for_advance","components\finance\modals\spend-money-modal.tsx","modals","Select Staff for Advance","অগ্রিম গ্রহণকারী কর্মচারী","label","","","scanned"
"code.spend-money-modal.select_worker_optional_","components\finance\modals\spend-money-modal.tsx","modals","Select Worker (Optional)","দৈনিক মজুরি গ্রহণকারী শ্রমিক (ঐচ্ছিক)","label","","","scanned"
"code.spend-money-modal.select_staff_for_monthly_","components\finance\modals\spend-money-modal.tsx","modals","Select Staff for Monthly Salary","মাসিক বেতন গ্রহণকারী কর্মচারী","label","","","scanned"
"code.spend-money-modal.loading_employees_","components\finance\modals\spend-money-modal.tsx","modals","Loading employees...","কর্মচারীদের তালিকা লোড হচ্ছে...","label","","","scanned"
"code.spend-money-modal._select_employee_staff_me","components\finance\modals\spend-money-modal.tsx","modals","-- Select Employee / Staff Member --","-- কর্মচারী বা স্টাফ নির্বাচন করুন --","label","","","scanned"
"code.spend-money-modal.receiver_name","components\finance\modals\spend-money-modal.tsx","modals","Receiver Name","টাকা গ্রহণকারীর নাম","label","","","scanned"
"code.spend-money-modal.designation_dept","components\finance\modals\spend-money-modal.tsx","modals","Designation & Dept","পদবি ও বিভাগ","label","","","scanned"
"code.spend-money-modal.base_salary_rate","components\finance\modals\spend-money-modal.tsx","modals","Base Salary Rate","নির্ধারিত মূল বেতন","label","","","scanned"
"code.spend-money-modal.outstanding_advance","components\finance\modals\spend-money-modal.tsx","modals","Outstanding Advance","পূর্ববর্তী বকেয়া অগ্রিম","label","","","scanned"
"code.spend-money-modal.phone_contact","components\finance\modals\spend-money-modal.tsx","modals","Phone / Contact","যোগাযোগ নম্বর","label","","","scanned"
"code.spend-money-modal.vendor_payee_name","components\finance\modals\spend-money-modal.tsx","modals","Vendor / Payee Name","দোকান বা ব্যক্তির নাম","label","","","scanned"
"code.spend-money-modal.expense_narration_details","components\finance\modals\spend-money-modal.tsx","modals","Expense Narration / Details","খরচের বিবরণ ও বিবরণী","label","","","scanned"
"code.spend-money-modal.quick_add_","components\finance\modals\spend-money-modal.tsx","modals","Quick Add:","কুইক বাটন:","label","","","scanned"
"code.spend-money-modal.amount_to_pay","components\finance\modals\spend-money-modal.tsx","modals","Amount to Pay","পরিশোধের পরিমাণ","label","","","scanned"
"code.spend-money-modal.paid_from_account_","components\finance\modals\spend-money-modal.tsx","modals","Paid From (Account)","পরিশোধের হিসাব","label","","","scanned"
"code.spend-money-modal.loading_accounts_","components\finance\modals\spend-money-modal.tsx","modals","Loading accounts...","হিসাব লোড হচ্ছে...","label","","","scanned"
"code.spend-money-modal.no_payment_account_availa","components\finance\modals\spend-money-modal.tsx","modals","No payment account available","কোন পেমেন্ট হিসাব নেই","label","","","scanned"
"code.spend-money-modal.warning_amount_exceeds_ac","components\finance\modals\spend-money-modal.tsx","modals","Warning: Amount exceeds account balance!","সতর্কতা: নির্বাচিত তহবিলে পর্যাপ্ত ব্যালেন্স নেই!","label","","","scanned"
"code.spend-money-modal.payment_channel_method","components\finance\modals\spend-money-modal.tsx","modals","Payment Channel / Method","পরিশোধ মাধ্যম","label","","","scanned"
"code.spend-money-modal.expense_date","components\finance\modals\spend-money-modal.tsx","modals","Expense Date","খরচের তারিখ","label","","","scanned"
"code.spend-money-modal.voucher_slip_reference","components\finance\modals\spend-money-modal.tsx","modals","Voucher / Slip Reference","রশিদ বা স্লিপ নম্বর","label","","","scanned"
"code.spend-money-modal.expense_account","components\finance\modals\spend-money-modal.tsx","modals","Expense Account","খতিয়ান হিসাব","label","","","scanned"
"code.spend-money-modal.salary_narration_note","components\finance\modals\spend-money-modal.tsx","modals","Salary Narration / Note","বেতন বিবরণী / অতিরিক্ত নোট","label","","","scanned"
"code.spend-money-modal.cancel","components\finance\modals\spend-money-modal.tsx","modals","Cancel","বাতিল","label","","","scanned"
"code.spend-money-modal.recording_","components\finance\modals\spend-money-modal.tsx","modals","Recording...","রেকর্ড হচ্ছে...","label","","","scanned"
"code.spend-money-modal.confirm_salary_advance","components\finance\modals\spend-money-modal.tsx","modals","Confirm Salary Advance","অগ্রিম বেতন নিশ্চিত করুন","label","","","scanned"
"code.spend-money-modal.confirm_daily_wage_payout","components\finance\modals\spend-money-modal.tsx","modals","Confirm Daily Wage Payout","মজুরি পরিশোধ নিশ্চিত করুন","label","","","scanned"
"code.spend-money-modal.confirm_staff_salary_payo","components\finance\modals\spend-money-modal.tsx","modals","Confirm Staff Salary Payout","স্টাফ বেতন নিশ্চিত করুন","label","","","scanned"
"code.spend-money-modal.confirm_record_expense","components\finance\modals\spend-money-modal.tsx","modals","Confirm & Record Expense","খরচ রেকর্ড নিশ্চিত করুন","label","","","scanned"
"code.transfer-money-modal.please_enter_a_valid_tran","components\finance\modals\transfer-money-modal.tsx","modals","Please enter a valid transfer amount","সঠিক ট্রান্সফার পরিমাণ লিখুন","label","","","scanned"
"code.transfer-money-modal.please_select_source_and_","components\finance\modals\transfer-money-modal.tsx","modals","Please select source and destination accounts","উৎস ও গন্তব্য হিসাব নির্বাচন করুন","label","","","scanned"
"code.transfer-money-modal.source_and_destination_ac","components\finance\modals\transfer-money-modal.tsx","modals","Source and destination accounts cannot be identical","উৎস ও গন্তব্য হিসাব একই হতে পারে না","label","","","scanned"
"code.transfer-money-modal.transfer_money_cash_bank_","components\finance\modals\transfer-money-modal.tsx","modals","Transfer Money (Cash / Bank / MFS)","তহবিল ট্রান্সফার (ক্যাশ ↔ ব্যাংক ↔ বিকাশ)","label","","","scanned"
"code.transfer-money-modal.transfer_from_source_","components\finance\modals\transfer-money-modal.tsx","modals","Transfer From (Source)","কোথা থেকে পাঠাচ্ছেন?","label","","","scanned"
"code.transfer-money-modal.current_balance_","components\finance\modals\transfer-money-modal.tsx","modals","Current Balance: ","বর্তমান ব্যালেন্স: ","label","","","scanned"
"code.transfer-money-modal.transfer_to_destination_","components\finance\modals\transfer-money-modal.tsx","modals","Transfer To (Destination)","কোথায় জমা হবে?","label","","","scanned"
"code.transfer-money-modal.current_balance_","components\finance\modals\transfer-money-modal.tsx","modals","Current Balance: ","বর্তমান ব্যালেন্স: ","label","","","scanned"
"code.transfer-money-modal.transfer_amount","components\finance\modals\transfer-money-modal.tsx","modals","Transfer Amount","স্থানান্তরের পরিমাণ","label","","","scanned"
"code.transfer-money-modal.processing_fee","components\finance\modals\transfer-money-modal.tsx","modals","Processing Fee","চার্জ বা ফি","label","","","scanned"
"code.transfer-money-modal.transfer_date","components\finance\modals\transfer-money-modal.tsx","modals","Transfer Date","তারিখ","label","","","scanned"
"code.transfer-money-modal.reference_note","components\finance\modals\transfer-money-modal.tsx","modals","Reference / Note","নোট বা ট্রানজ্যাকশন আইডি","label","","","scanned"
"code.transfer-money-modal.cancel","components\finance\modals\transfer-money-modal.tsx","modals","Cancel","বাতিল","label","","","scanned"
"code.transfer-money-modal.transferring_","components\finance\modals\transfer-money-modal.tsx","modals","Transferring...","ট্রান্সফার হচ্ছে...","label","","","scanned"
"code.payables-view.supplier_due","components\finance\payables-view.tsx","finance","Supplier Due","সরবরাহকারী মহাজন দেনা ও বিল পরিশোধ","label","","","scanned"
"code.payables-view._pay_supplier","components\finance\payables-view.tsx","finance","+ Pay Supplier","+ মহাজন দেনা পরিশোধ","label","","","scanned"
"code.payables-view.total_supplier_due","components\finance\payables-view.tsx","finance","Total Supplier Due","মোট মহাজন দেনা","label","","","scanned"
"code.payables-view.suppliers_with_dues","components\finance\payables-view.tsx","finance","suppliers with dues","জন সরবরাহকারীর পাওনা","label","","","scanned"
"code.payables-view.total_material_purchases","components\finance\payables-view.tsx","finance","Total Material Purchases","মোট কাঁচামাল ক্রয়","label","","","scanned"
"code.payables-view.purchase_bills","components\finance\payables-view.tsx","finance","purchase bills","টি ক্রয় চালান","label","","","scanned"
"code.payables-view.total_paid","components\finance\payables-view.tsx","finance","Total Paid","মোট পরিশোধ","label","","","scanned"
"code.payables-view.settled","components\finance\payables-view.tsx","finance","settled","পরিশোধিত","label","","","scanned"
"code.payables-view.overdue_liabilities","components\finance\payables-view.tsx","finance","Overdue Liabilities","মেয়াদোত্তীর্ণ দেনা","label","","","scanned"
"code.payables-view.payment_required_soon","components\finance\payables-view.tsx","finance","Payment required soon","দ্রুত পরিশোধ বাঞ্ছনীয়","label","","","scanned"
"code.payables-view.supplier_due","components\finance\payables-view.tsx","finance","Supplier Due","সরবরাহকারী দেনা","label","","","scanned"
"code.payables-view.purchase_wise_due","components\finance\payables-view.tsx","finance","Purchase-wise Due","ক্রয়ভিত্তিক দেনা","label","","","scanned"
"code.payables-view.payment_history","components\finance\payables-view.tsx","finance","Payment History","পরিশোধ ইতিহাস","label","","","scanned"
"code.payables-view.payable_aging","components\finance\payables-view.tsx","finance","Payable Aging","দেনার মেয়াদ বিশ্লেষণ","label","","","scanned"
"code.payables-view.search_supplier_phone_or_","components\finance\payables-view.tsx","finance","Search supplier, phone or bill...","মহাজন বা চালান খুঁজুন...","label","","","scanned"
"code.payables-view.supplier_name","components\finance\payables-view.tsx","finance","Supplier Name","মহাজনের নাম","label","","","scanned"
"code.payables-view.phone_mobile","components\finance\payables-view.tsx","finance","Phone / Mobile","মোবাইল","label","","","scanned"
"code.payables-view.bills_count","components\finance\payables-view.tsx","finance","Bills Count","চালান","label","","","scanned"
"code.payables-view.total_purchases","components\finance\payables-view.tsx","finance","Total Purchases","মোট ক্রয়","label","","","scanned"
"code.payables-view.total_paid","components\finance\payables-view.tsx","finance","Total Paid","পরিশোধ","label","","","scanned"
"code.payables-view.net_due_payable_","components\finance\payables-view.tsx","finance","Net Due (Payable)","নিট দেনা","label","","","scanned"
"code.payables-view.aging_status","components\finance\payables-view.tsx","finance","Aging Status","অবস্থা","label","","","scanned"
"code.payables-view.action","components\finance\payables-view.tsx","finance","Action","অ্যাকশন","label","","","scanned"
"code.payables-view.pay_supplier","components\finance\payables-view.tsx","finance","Pay Supplier","পরিশোধ","label","","","scanned"
"code.payables-view.no_supplier_dues_found_","components\finance\payables-view.tsx","finance","No supplier dues found.","কোনো মহাজন পাওনা পাওয়া যায়নি।","label","","","scanned"
"code.payables-view.purchase_bill_","components\finance\payables-view.tsx","finance","Purchase Bill #","চালান নম্বর","label","","","scanned"
"code.payables-view.supplier_name","components\finance\payables-view.tsx","finance","Supplier Name","মহাজনের নাম","label","","","scanned"
"code.payables-view.bill_date","components\finance\payables-view.tsx","finance","Bill Date","তারিখ","label","","","scanned"
"code.payables-view.bill_total","components\finance\payables-view.tsx","finance","Bill Total","মোট চালান","label","","","scanned"
"code.payables-view.paid","components\finance\payables-view.tsx","finance","Paid","পরিশোধ","label","","","scanned"
"code.payables-view.due_balance","components\finance\payables-view.tsx","finance","Due Balance","বাকি","label","","","scanned"
"code.payables-view.aging_bucket","components\finance\payables-view.tsx","finance","Aging Bucket","মেয়াদ","label","","","scanned"
"code.payables-view.action","components\finance\payables-view.tsx","finance","Action","অ্যাকশন","label","","","scanned"
"code.payables-view.pay","components\finance\payables-view.tsx","finance","Pay","পরিশোধ","label","","","scanned"
"code.payables-view.no_purchase_bills_found_","components\finance\payables-view.tsx","finance","No purchase bills found.","কোনো কাঁচামাল ক্রয় চালান পাওয়া যায়নি।","label","","","scanned"
"code.payables-view.date","components\finance\payables-view.tsx","finance","Date","তারিখ","label","","","scanned"
"code.payables-view.voucher_","components\finance\payables-view.tsx","finance","Voucher #","ভাউচার","label","","","scanned"
"code.payables-view.supplier","components\finance\payables-view.tsx","finance","Supplier","সরবরাহকারী","label","","","scanned"
"code.payables-view.narration_account","components\finance\payables-view.tsx","finance","Narration / Account","বিবরণ","label","","","scanned"
"code.payables-view.amount_paid","components\finance\payables-view.tsx","finance","Amount Paid","পরিশোধিত টাকা","label","","","scanned"
"code.payables-view.status","components\finance\payables-view.tsx","finance","Status","অবস্থা","label","","","scanned"
"code.payables-view.no_supplier_payments_reco","components\finance\payables-view.tsx","finance","No supplier payments recorded in history.","কোনো মহাজন পেমেন্টের ইতিহাস পাওয়া যায়নি।","label","","","scanned"
"code.payables-view.regular_supplier_credit_w","components\finance\payables-view.tsx","finance","Regular supplier credit window","স্বাভাবিক ক্রেডিট বিল","label","","","scanned"
"code.payables-view.pay_this_week","components\finance\payables-view.tsx","finance","Pay this week","চলতি সপ্তাহে পরিশোধ যোগ্য","label","","","scanned"
"code.payables-view.overdue_credit_vendor_fol","components\finance\payables-view.tsx","finance","Overdue credit, vendor follow-up","মহাজন তাগাদা আসতে পারে","label","","","scanned"
"code.payables-view.supply_block_risk_priorit","components\finance\payables-view.tsx","finance","Supply block risk, prioritize payment","কাঁচামাল সরবরাহ বন্ধের ঝুঁকি","label","","","scanned"
"code.receivables-view.customer_due","components\finance\receivables-view.tsx","finance","Customer Due","কাস্টমার বকেয়া ও আদায় চেইন","label","","","scanned"
"code.receivables-view._collect_payment","components\finance\receivables-view.tsx","finance","+ Collect Payment","+ বাকি আদায় / জমা নিন","label","","","scanned"
"code.receivables-view.total_customer_due","components\finance\receivables-view.tsx","finance","Total Customer Due","মোট কাস্টমার বাকি","label","","","scanned"
"code.receivables-view.customers_with_dues","components\finance\receivables-view.tsx","finance","customers with dues","জন গ্রাহকের বকেয়া","label","","","scanned"
"code.receivables-view.total_billed","components\finance\receivables-view.tsx","finance","Total Billed","মোট ইনভয়েস বিল","label","","","scanned"
"code.receivables-view.invoices_tracked","components\finance\receivables-view.tsx","finance","invoices tracked","টি ইনভয়েস","label","","","scanned"
"code.receivables-view.total_advance_paid","components\finance\receivables-view.tsx","finance","Total Advance / Paid","পরিশোধ ও অগ্রিম","label","","","scanned"
"code.receivables-view.collected","components\finance\receivables-view.tsx","finance","collected","আদায়","label","","","scanned"
"code.receivables-view.overdue_30_days","components\finance\receivables-view.tsx","finance","Overdue > 30 Days","৩০ দিনের বেশি বাকি","label","","","scanned"
"code.receivables-view.high_collection_priority","components\finance\receivables-view.tsx","finance","High collection priority","জরুরি তাগাদা","label","","","scanned"
"code.receivables-view.customer_due","components\finance\receivables-view.tsx","finance","Customer Due","গ্রাহকভিত্তিক বাকি","label","","","scanned"
"code.receivables-view.invoice_wise_due","components\finance\receivables-view.tsx","finance","Invoice-wise Due","ইনভয়েসভিত্তিক বাকি","label","","","scanned"
"code.receivables-view.payment_history","components\finance\receivables-view.tsx","finance","Payment History","আদায় ইতিহাস","label","","","scanned"
"code.receivables-view.due_aging","components\finance\receivables-view.tsx","finance","Due Aging","মেয়াদ বিশ্লেষণ","label","","","scanned"
"code.receivables-view.search_customer_phone_or_","components\finance\receivables-view.tsx","finance","Search customer, phone or invoice...","গ্রাহক বা ইনভয়েস খুঁজুন...","label","","","scanned"
"code.receivables-view.customer_name","components\finance\receivables-view.tsx","finance","Customer Name","গ্রাহকের নাম","label","","","scanned"
"code.receivables-view.phone_mobile","components\finance\receivables-view.tsx","finance","Phone / Mobile","মোবাইল","label","","","scanned"
"code.receivables-view.invoices","components\finance\receivables-view.tsx","finance","Invoices","ইনভয়েস","label","","","scanned"
"code.receivables-view.total_billed","components\finance\receivables-view.tsx","finance","Total Billed","মোট বিল","label","","","scanned"
"code.receivables-view.advance_paid","components\finance\receivables-view.tsx","finance","Advance / Paid","পরিশোধ","label","","","scanned"
"code.receivables-view.net_due","components\finance\receivables-view.tsx","finance","Net Due","নিট বাকি","label","","","scanned"
"code.receivables-view.aging_status","components\finance\receivables-view.tsx","finance","Aging Status","অবস্থা","label","","","scanned"
"code.receivables-view.action_reminder","components\finance\receivables-view.tsx","finance","Action & Reminder","অ্যাকশন","label","","","scanned"
"code.receivables-view.collect","components\finance\receivables-view.tsx","finance","Collect","আদায়","label","","","scanned"
"code.receivables-view.no_customer_dues_found_","components\finance\receivables-view.tsx","finance","No customer dues found.","কোনো বকেয়া কাস্টমার পাওয়া যায়নি।","label","","","scanned"
"code.receivables-view.invoice_","components\finance\receivables-view.tsx","finance","Invoice #","ইনভয়েস নং","label","","","scanned"
"code.receivables-view.customer_name","components\finance\receivables-view.tsx","finance","Customer Name","গ্রাহকের নাম","label","","","scanned"
"code.receivables-view.due_date","components\finance\receivables-view.tsx","finance","Due Date","পরিশোধের তারিখ","label","","","scanned"
"code.receivables-view.grand_total","components\finance\receivables-view.tsx","finance","Grand Total","মোট বিল","label","","","scanned"
"code.receivables-view.paid_advance","components\finance\receivables-view.tsx","finance","Paid / Advance","পরিশোধ","label","","","scanned"
"code.receivables-view.due_amount","components\finance\receivables-view.tsx","finance","Due Amount","বাকি","label","","","scanned"
"code.receivables-view.aging_bucket","components\finance\receivables-view.tsx","finance","Aging Bucket","মেয়াদ","label","","","scanned"
"code.receivables-view.action","components\finance\receivables-view.tsx","finance","Action","অ্যাকশন","label","","","scanned"
"code.receivables-view.collect","components\finance\receivables-view.tsx","finance","Collect","আদায়","label","","","scanned"
"code.receivables-view.no_due_bills_found_","components\finance\receivables-view.tsx","finance","No due bills found.","কোনো বকেয়া ইনভয়েস পাওয়া যায়নি।","label","","","scanned"
"code.receivables-view.date","components\finance\receivables-view.tsx","finance","Date","তারিখ","label","","","scanned"
"code.receivables-view.receipt_voucher_","components\finance\receivables-view.tsx","finance","Receipt / Voucher #","রসিদ নম্বর","label","","","scanned"
"code.receivables-view.customer","components\finance\receivables-view.tsx","finance","Customer","কাস্টমার","label","","","scanned"
"code.receivables-view.memo_reference","components\finance\receivables-view.tsx","finance","Memo / Reference","রেফারেন্স","label","","","scanned"
"code.receivables-view.amount_collected","components\finance\receivables-view.tsx","finance","Amount Collected","আদায়কৃত টাকা","label","","","scanned"
"code.receivables-view.status","components\finance\receivables-view.tsx","finance","Status","অবস্থা","label","","","scanned"
"code.receivables-view.no_payment_collection_rec","components\finance\receivables-view.tsx","finance","No payment collection records found in history.","কোনো আদায়ের ইতিহাস পাওয়া যায়নি।","label","","","scanned"
"code.receivables-view.fresh_invoices_within_gra","components\finance\receivables-view.tsx","finance","Fresh invoices within grace period","স্বাভাবিক বাকি","label","","","scanned"
"code.receivables-view.mild_overdue_send_polite_","components\finance\receivables-view.tsx","finance","Mild overdue, send polite reminder","তাগাদা প্রদান করুন","label","","","scanned"
"code.receivables-view.significant_overdue_follo","components\finance\receivables-view.tsx","finance","Significant overdue, follow up calls","জরুরি ফোন কল","label","","","scanned"
"code.receivables-view.critical_default_risk_pau","components\finance\receivables-view.tsx","finance","Critical default risk, pause new jobs","নতুন কাজ স্থগিত রাখুন","label","","","scanned"
"code.transactions-ledger-view.total_money_in_income_","components\finance\transactions-ledger-view.tsx","finance","Total Money In (Income)","মোট জমা (ইনকাম)","label","","","scanned"
"code.transactions-ledger-view.collections_receipts","components\finance\transactions-ledger-view.tsx","finance","Collections & receipts","আদায় ও জমা","label","","","scanned"
"code.transactions-ledger-view.total_money_out_expense_","components\finance\transactions-ledger-view.tsx","finance","Total Money Out (Expense)","মোট খরচ (ব্যয়)","label","","","scanned"
"code.transactions-ledger-view.overheads_payouts","components\finance\transactions-ledger-view.tsx","finance","Overheads & payouts","পরিচালন ও মহাজন বিল","label","","","scanned"
"code.transactions-ledger-view.total_transfers","components\finance\transactions-ledger-view.tsx","finance","Total Transfers","অ্যাকাউন্ট ট্রান্সফার","label","","","scanned"
"code.transactions-ledger-view.internal_movements","components\finance\transactions-ledger-view.tsx","finance","Internal movements","অভ্যন্তরীণ স্থানান্তর","label","","","scanned"
"code.transactions-ledger-view.net_cash_movement","components\finance\transactions-ledger-view.tsx","finance","Net Cash Movement","নিট নগদ প্রবাহ","label","","","scanned"
"code.transactions-ledger-view.net_surplus","components\finance\transactions-ledger-view.tsx","finance","Net surplus","নগদ উদ্বৃত্ত","label","","","scanned"
"code.transactions-ledger-view.all","components\finance\transactions-ledger-view.tsx","finance","All","সকল লেনদেন","label","","","scanned"
"code.transactions-ledger-view.money_in_income_","components\finance\transactions-ledger-view.tsx","finance","Money In (Income)","Money In (জমা)","label","","","scanned"
"code.transactions-ledger-view.money_out_expense_","components\finance\transactions-ledger-view.tsx","finance","Money Out (Expense)","Money Out (খরচ)","label","","","scanned"
"code.transactions-ledger-view.transfer","components\finance\transactions-ledger-view.tsx","finance","Transfer","ট্রান্সফার","label","","","scanned"
"code.transactions-ledger-view.all_accounts_","components\finance\transactions-ledger-view.tsx","finance","All Accounts (ক্যাশ/ব্যাংক)","সকল হিসাব","label","","","scanned"
"code.transactions-ledger-view.search_description_vouche","components\finance\transactions-ledger-view.tsx","finance","Search description, voucher...","বিবরণ বা ভাউচার খুঁজুন...","label","","","scanned"
"code.transactions-ledger-view.date","components\finance\transactions-ledger-view.tsx","finance","Date","তারিখ","label","","","scanned"
"code.transactions-ledger-view.type","components\finance\transactions-ledger-view.tsx","finance","Type","ধরন","label","","","scanned"
"code.transactions-ledger-view.description_reference","components\finance\transactions-ledger-view.tsx","finance","Description & Reference","বিবরণ ও রেফারেন্স","label","","","scanned"
"code.transactions-ledger-view.account","components\finance\transactions-ledger-view.tsx","finance","Account","হিসাব","label","","","scanned"
"code.transactions-ledger-view.amount_","components\finance\transactions-ledger-view.tsx","finance","Amount (৳)","পরিমাণ","label","","","scanned"
"code.transactions-ledger-view.status","components\finance\transactions-ledger-view.tsx","finance","Status","অবস্থা","label","","","scanned"
"code.transactions-ledger-view.no_transactions_found_mat","components\finance\transactions-ledger-view.tsx","finance","No transactions found matching your filters.","কোনো লেনদেন রেকর্ড পাওয়া যায়নি।","label","","","scanned"
"prop.title.total_stock_value","components\inventory\inventory-kpi-bar.tsx","inventory","Total Stock Value","মোট স্টক মূল্য","title","","","scanned"
"prop.title.low_stock_warning","components\inventory\inventory-kpi-bar.tsx","inventory","Low Stock Warning","রি-অর্ডার সতর্কতা","title","","","scanned"
"prop.title.below_reorder_point","components\inventory\inventory-kpi-bar.tsx","inventory","Below reorder point","রি-অর্ডার লেভেলের নিচে","title","","","scanned"
"prop.title.out_of_stock","components\inventory\inventory-kpi-bar.tsx","inventory","Out of Stock","স্টক শূন্য (শূন্য মজুদ)","title","","","scanned"
"prop.title.zero_warehouse_stock","components\inventory\inventory-kpi-bar.tsx","inventory","Zero warehouse stock","স্টক নিঃশেষ","title","","","scanned"
"prop.title.active_rolls","components\inventory\inventory-kpi-bar.tsx","inventory","Active Rolls","সক্রিয় মিডিয়া রোল","title","","","scanned"
"prop.title.pending_inward","components\inventory\inventory-kpi-bar.tsx","inventory","Pending Inward","পেন্ডিং ইনওয়ার্ড","title","","","scanned"
"prop.title.awaiting_grn_receipt","components\inventory\inventory-kpi-bar.tsx","inventory","Awaiting GRN receipt","GRN রিসিভিং অপেক্ষমান","title","","","scanned"
"prop.title.usable_remnants","components\inventory\inventory-kpi-bar.tsx","inventory","Usable Remnants","ব্যবহারযোগ্য অবশিষ্টাংশ","title","","","scanned"
"prop.title.available_offcuts","components\inventory\inventory-kpi-bar.tsx","inventory","Available offcuts","সাশ্রয়ী অফ-কাট উপলব্ধ","title","","","scanned"
"code.issue-master-roll-modal.requisition_header","components\inventory\issue-master-roll-modal.tsx","inventory","Requisition Header","ইস্যু তথ্য","label","","","scanned"
"code.issue-master-roll-modal.issue_date","components\inventory\issue-master-roll-modal.tsx","inventory","Issue Date","ইস্যুর তারিখ","label","","","scanned"
"code.issue-master-roll-modal.request_by_operator","components\inventory\issue-master-roll-modal.tsx","inventory","Request by / Operator","অনুরোধকারী","label","","","scanned"
"code.issue-master-roll-modal.purpose_job_ref","components\inventory\issue-master-roll-modal.tsx","inventory","Purpose / Job Ref","কাজের রেফারেন্স","label","","","scanned"
"code.issue-master-roll-modal.items_to_issue","components\inventory\issue-master-roll-modal.tsx","inventory","Items to Issue","ইস্যু করার কাঁচামাল তালিকা","label","","","scanned"
"code.issue-master-roll-modal._add_another_item","components\inventory\issue-master-roll-modal.tsx","inventory","+ Add Another Item","+ আরেকটি আইটেম যোগ করুন","label","","","scanned"
"code.issue-master-roll-modal.material_name","components\inventory\issue-master-roll-modal.tsx","inventory","Material Name","কাঁচামাল","label","","","scanned"
"code.issue-master-roll-modal.available_option_size","components\inventory\issue-master-roll-modal.tsx","inventory","Available Option / Size","উপলব্ধ সাইজ ও অপশন","label","","","scanned"
"code.issue-master-roll-modal._add_another_material_rol","components\inventory\issue-master-roll-modal.tsx","inventory","+ Add Another Material / Roll to Issue","+ আরেকটি কাঁচামাল / রোল যোগ করুন","label","","","scanned"
"code.issue-master-roll-modal.printable_ticket_preview","components\inventory\issue-master-roll-modal.tsx","inventory","Printable Ticket Preview","প্রিন্টযোগ্য ট্যাগ প্রিভিউ","label","","","scanned"
"prop.title.dispatched_to_floor","components\inventory\print-floor-consumption-unit.tsx","inventory","Dispatched to Floor","ফ্লোরে বরাদ্দকৃত মাল","title","","","scanned"
"prop.title.actual_consumed","components\inventory\print-floor-consumption-unit.tsx","inventory","Actual Consumed","প্রকৃত ব্যবহৃত","title","","","scanned"
"prop.title.floor_stock_balance","components\inventory\print-floor-consumption-unit.tsx","inventory","Floor Stock Balance","মেশিনে অবশিষ্ট মাল","title","","","scanned"
"prop.title.scrap_wastage","components\inventory\print-floor-consumption-unit.tsx","inventory","Scrap & Wastage","অপচয় / স্ক্র্যাপ","title","","","scanned"
"code.print-floor-consumption-unit.active_physical_rolls_sub","components\inventory\print-floor-consumption-unit.tsx","inventory","Active Physical Rolls & Substrates on Print Floor","প্রিন্ট ফ্লোরে সক্রিয় পিস ও রোল বহর","label","","","scanned"
"code.print-floor-consumption-unit.request_material_from_sto","components\inventory\print-floor-consumption-unit.tsx","inventory","Request Material from Store","স্টোর থেকে রিকুইজিশন","label","","","scanned"
"code.print-floor-consumption-unit.direct_issue_to_floor","components\inventory\print-floor-consumption-unit.tsx","inventory","Direct Issue to Floor","+ সরাসরি ফ্লোরে ইস্যু","label","","","scanned"
"code.print-floor-consumption-unit.consume_from_this_piece","components\inventory\print-floor-consumption-unit.tsx","inventory","Consume from this Piece","এই রোল থেকে কনজাম্পশন করুন","label","","","scanned"
"code.print-floor-consumption-unit.direct_issue_to_floor","components\inventory\print-floor-consumption-unit.tsx","inventory","Direct Issue to Floor","সরাসরি ফ্লোরে রোল ইস্যু করুন","label","","","scanned"
"code.print-floor-consumption-unit.print_floor_scrap_root_ca","components\inventory\print-floor-consumption-unit.tsx","inventory","Print Floor Scrap & Root Cause Analysis","ফ্লোর অপচয়ের কারণ ও বিশ্লেষণ","label","","","scanned"
"code.print-floor-consumption-unit.records","components\inventory\print-floor-consumption-unit.tsx","inventory","records","লগ","label","","","scanned"
"code.receive-stock-modal.goods_receiving_note_inta","components\inventory\receive-stock-modal.tsx","inventory","Goods Receiving Note Intake","ক্রয় আদেশ অনুযায়ী মাল গ্রহণ","label","","","scanned"
"code.receive-stock-modal.record_opening_stock_bala","components\inventory\receive-stock-modal.tsx","inventory","Record Opening Stock Balance","প্রারম্ভিক স্টক ব্যালেন্স এন্ট্রি","label","","","scanned"
"code.receive-stock-modal.direct_stock_intake_price","components\inventory\receive-stock-modal.tsx","inventory","Direct Stock Intake & Price Intelligence","সরাসরি পণ্য বা কাঁচামাল গ্রহণ","label","","","scanned"
"code.receive-stock-modal.cancel","components\inventory\receive-stock-modal.tsx","inventory","Cancel","বাতিল","label","","","scanned"
"code.receive-stock-modal.post_stock_receipt","components\inventory\receive-stock-modal.tsx","inventory","Post Stock Receipt","স্টক গ্রহণ নিশ্চিত করুন","label","","","scanned"
"code.receive-stock-modal.save_opening_balance","components\inventory\receive-stock-modal.tsx","inventory","Save Opening Balance","প্রারম্ভিক স্টক সংরক্ষণ করুন","label","","","scanned"
"code.receive-stock-modal.confirm_intake_sync_prici","components\inventory\receive-stock-modal.tsx","inventory","Confirm Intake & Sync Pricing","পণ্য গ্রহণ ও মূল্য আপডেট নিশ্চিত করুন","label","","","scanned"
"code.receive-stock-modal.po_receiving_grn_","components\inventory\receive-stock-modal.tsx","inventory","PO Receiving (GRN)","অর্ডার চালান গ্রহণ","label","","","scanned"
"code.receive-stock-modal.direct_spot_intake","components\inventory\receive-stock-modal.tsx","inventory","Direct Spot Intake","সরাসরি পণ্য গ্রহণ","label","","","scanned"
"code.receive-stock-modal.opening_stock","components\inventory\receive-stock-modal.tsx","inventory","Opening Stock","প্রারম্ভিক স্টক","label","","","scanned"
"code.receive-stock-modal.select_inward_purchase_or","components\inventory\receive-stock-modal.tsx","inventory","Select Inward Purchase Order","ক্রয় আদেশ নির্বাচন","label","","","scanned"
"code.receive-stock-modal.receive_all_remaining","components\inventory\receive-stock-modal.tsx","inventory","Receive All Remaining","সব গ্রহণ","label","","","scanned"
"code.receive-stock-modal.clear_all","components\inventory\receive-stock-modal.tsx","inventory","Clear All","মুছুন","label","","","scanned"
"code.receive-stock-modal.intake_received_date","components\inventory\receive-stock-modal.tsx","inventory","Intake / Received Date","গ্রহণের তারিখ","label","","","scanned"
"code.receive-stock-modal.inward_purchase_order_po_","components\inventory\receive-stock-modal.tsx","inventory","Inward Purchase Order (PO)","ক্রয় আদেশ","label","","","scanned"
"code.receive-stock-modal.quality_inspection_intake","components\inventory\receive-stock-modal.tsx","inventory","Quality Inspection & Intake Lines","মান যাচাই ও পণ্য গ্রহণ","label","","","scanned"
"code.receive-stock-modal.opening_stock_items_valua","components\inventory\receive-stock-modal.tsx","inventory","Opening Stock Items & Valuation Masters","প্রারম্ভিক স্টক আইটেম ও দরপত্র মাস্টার","label","","","scanned"
"code.receive-stock-modal.direct_stock_intake_comme","components\inventory\receive-stock-modal.tsx","inventory","Direct Stock Intake & Commercial Masters Catalog","সরাসরি পণ্য/কাঁচামাল গ্রহণ ও মাস্টার প্রাইসিং","label","","","scanned"
"code.receive-stock-modal.add_line","components\inventory\receive-stock-modal.tsx","inventory","Add Line","নতুন আইটেম","label","","","scanned"
"code.receive-stock-modal.intake_received_date","components\inventory\receive-stock-modal.tsx","inventory","Intake / Received Date","গ্রহণের তারিখ","label","","","scanned"
"code.receive-stock-modal.supplier_mill_vendor","components\inventory\receive-stock-modal.tsx","inventory","Supplier / Mill Vendor","সাপ্লায়ার নির্বাচন","label","","","scanned"
"code.receive-stock-modal.or_custom_spot_vendor_sou","components\inventory\receive-stock-modal.tsx","inventory","Or Custom Spot Vendor / Source","অথবা স্পট সাপ্লায়ার","label","","","scanned"
"code.receive-stock-modal.opening_balance_date","components\inventory\receive-stock-modal.tsx","inventory","Opening Balance Date","প্রারম্ভিক ব্যালেন্সের তারিখ","label","","","scanned"
"code.receive-stock-modal.item","components\inventory\receive-stock-modal.tsx","inventory","Item","আইটেম","label","","","scanned"
"code.receive-stock-modal.receiving_inspection_note","components\inventory\receive-stock-modal.tsx","inventory","Receiving Inspection Notes & QC Comments (Optional)","পরিদর্শন মন্তব্য ও শর্তাবলী","label","","","scanned"
"code.stock-adjustment-modal.count_check_fix_stock","components\inventory\stock-adjustment-modal.tsx","inventory","Count Check & Fix Stock","ফিজিক্যাল স্টক গণনা ও সমন্বয়","label","","","scanned"
"code.stock-adjustment-modal.cancel","components\inventory\stock-adjustment-modal.tsx","inventory","Cancel","বাতিল","label","","","scanned"
"code.stock-adjustment-modal.post_stock_adjustment","components\inventory\stock-adjustment-modal.tsx","inventory","Post Stock Adjustment","স্টক সমন্বয় সংরক্ষণ করুন","label","","","scanned"
"code.stock-adjustment-modal.physical_cycle_count","components\inventory\stock-adjustment-modal.tsx","inventory","Physical Cycle Count","ফিজিক্যাল গণনা","label","","","scanned"
"code.stock-adjustment-modal.direct_variance_","components\inventory\stock-adjustment-modal.tsx","inventory","Direct Variance (+/-)","পার্থক্য সমন্বয়","label","","","scanned"
"code.stock-adjustment-modal.damage_write_off","components\inventory\stock-adjustment-modal.tsx","inventory","Damage Write-off","অপচয় বাতিল","label","","","scanned"
"code.stock-adjustment-modal.material_warehouse_store_","components\inventory\stock-adjustment-modal.tsx","inventory","Material & Warehouse Store Location","কাঁচামাল ও গোডাউন","label","","","scanned"
"code.stock-adjustment-modal.select_material_item","components\inventory\stock-adjustment-modal.tsx","inventory","Select Material Item","কাঁচামাল নির্বাচন","label","","","scanned"
"code.stock-adjustment-modal.store_location","components\inventory\stock-adjustment-modal.tsx","inventory","Store Location","গোডাউন লোকেশন","label","","","scanned"
"code.stock-adjustment-modal.physical_audit_entry_vari","components\inventory\stock-adjustment-modal.tsx","inventory","Physical Audit Entry & Variance Calculation","গণনাকৃত ব্যালেন্স ও পার্থক্য","label","","","scanned"
"code.stock-adjustment-modal.audited_physical_count","components\inventory\stock-adjustment-modal.tsx","inventory","Audited Physical Count","ফিজিক্যাল গণনা","label","","","scanned"
"code.stock-adjustment-modal.quantity_adjustment_","components\inventory\stock-adjustment-modal.tsx","inventory","Quantity Adjustment (+/-)","স্টক বৃদ্ধি/হ্রাস","label","","","scanned"
"code.stock-adjustment-modal.damage_qty_to_write_off_","components\inventory\stock-adjustment-modal.tsx","inventory","Damage Qty to Write-off (-)","বাতিলকৃত অপচয়ের পরিমাণ","label","","","scanned"
"code.stock-adjustment-modal.current_system_balance","components\inventory\stock-adjustment-modal.tsx","inventory","Current System Balance","বর্তমান সিস্টেম স্টক","label","","","scanned"
"code.stock-adjustment-modal.new_balance_post_audit","components\inventory\stock-adjustment-modal.tsx","inventory","New Balance Post-Audit","সমন্বয় পরবর্তী ব্যালেন্স","label","","","scanned"
"code.stock-adjustment-modal.audit_reason_root_cause","components\inventory\stock-adjustment-modal.tsx","inventory","Audit Reason / Root Cause","সমন্বয়ের কারণ ও যৌক্তিকতা","label","","","scanned"
"code.stock-adjustment-modal.audited_by_inspector_keep","components\inventory\stock-adjustment-modal.tsx","inventory","Audited By (Inspector / Keeper)","নিরীক্ষক / কর্মকর্তা","label","","","scanned"
"code.stock-adjustment-modal.audit_voucher_sheet_ref_","components\inventory\stock-adjustment-modal.tsx","inventory","Audit Voucher / Sheet Ref #","অডিট ভাউচার / রেফারেন্স নং","label","","","scanned"
"code.bangladesh-features-section.bangladesh_first","components\marketing\bangladesh-features-section.tsx","marketing","Bangladesh First","বাংলাদেশ ফার্স্ট","label","","","scanned"
"code.bangladesh-features-section.built_for_businesses_in_b","components\marketing\bangladesh-features-section.tsx","marketing","Built for Businesses in Bangladesh.","বাংলাদেশের প্রেস ও কারখানার বাস্তব উপযোগী করে নির্মিত।","label","","","scanned"
"code.core-problems-section.operational_friction","components\marketing\core-problems-section.tsx","marketing","Operational Friction","দৈনন্দিন কাজের বাধা","label","","","scanned"
"code.core-problems-section.before_scattered_manual_w","components\marketing\core-problems-section.tsx","marketing","Before: Scattered Manual Way","পূর্বে: ছড়িয়ে-ছিটিয়ে থাকা পদ্ধতি","label","","","scanned"
"code.core-problems-section.with_printerp_connected_c","components\marketing\core-problems-section.tsx","marketing","With PrintERP: Connected & Clear","প্রিন্টইআরপিতে: সমন্বিত ও পরিষ্কার","label","","","scanned"
"code.core-workflow-section.end_to_end_lifecycle","components\marketing\core-workflow-section.tsx","marketing","End-to-End Lifecycle","সম্পূর্ণ কাজের চক্র","label","","","scanned"
"code.core-workflow-section.not_every_job_needs_every","components\marketing\core-workflow-section.tsx","marketing","Not Every Job Needs Every Stage","সব কাজে সব ধাপের প্রয়োজন নেই","label","","","scanned"
"code.core-workflow-section.1_invoice_multiple_produc","components\marketing\core-workflow-section.tsx","marketing","1 Invoice → Multiple Production Jobs","১টি ইনভয়েস থেকে একাধিক প্রোডাকশন জব","label","","","scanned"
"code.demo-modal.demo_walkthrough_schedule","components\marketing\demo-modal.tsx","marketing","Demo Walkthrough Scheduled!","ডেমো রিকোয়েস্ট নিশ্চিত হয়েছে!","label","","","scanned"
"code.demo-modal.done","components\marketing\demo-modal.tsx","marketing","Done","সম্পন্ন","label","","","scanned"
"code.demo-modal.live_walkthrough","components\marketing\demo-modal.tsx","marketing","Live Walkthrough","লাইভ স্ক্রিন ডেমো","label","","","scanned"
"code.demo-modal.schedule_a_personalized_d","components\marketing\demo-modal.tsx","marketing","Schedule a Personalized Demo","আপনার প্রেসের জন্য ডেমো বুক করুন","label","","","scanned"
"code.demo-modal.press_or_business_name_","components\marketing\demo-modal.tsx","marketing","Press or Business Name *","প্রেস বা প্রতিষ্ঠানের নাম *","label","","","scanned"
"code.demo-modal.your_name_","components\marketing\demo-modal.tsx","marketing","Your Name *","আপনার নাম *","label","","","scanned"
"code.demo-modal.mobile_number_whatsapp_","components\marketing\demo-modal.tsx","marketing","Mobile Number (WhatsApp) *","মোবাইল নম্বর (হোয়াটসঅ্যাপ) *","label","","","scanned"
"code.demo-modal.city_district","components\marketing\demo-modal.tsx","marketing","City / District","জেলা বা অঞ্চল","label","","","scanned"
"code.demo-modal.primary_business_focus","components\marketing\demo-modal.tsx","marketing","Primary Business Focus","প্রধান কাজের ধরন","label","","","scanned"
"code.demo-modal.email_address_optional_","components\marketing\demo-modal.tsx","marketing","Email Address (Optional)","ইমেইল এড্রেস (ঐচ্ছিক)","label","","","scanned"
"code.demo-modal.scheduling_walkthrough_","components\marketing\demo-modal.tsx","marketing","Scheduling Walkthrough...","শিডিউল করা হচ্ছে...","label","","","scanned"
"code.demo-modal.confirm_schedule_demo","components\marketing\demo-modal.tsx","marketing","Confirm & Schedule Demo","ডেমো শিডিউল নিশ্চিত করুন","label","","","scanned"
"code.faq-section.clear_answers","components\marketing\faq-section.tsx","marketing","Clear Answers","সাধারণ প্রশ্নোত্তর","label","","","scanned"
"code.faq-section.frequently_asked_question","components\marketing\faq-section.tsx","marketing","Frequently Asked Questions.","সচরাচর জিজ্ঞাসিত প্রশ্নোত্তর।","label","","","scanned"
"code.feature-deep-dive-section.fast_sft_estimation","components\marketing\feature-deep-dive-section.tsx","marketing","Fast SFT Estimation","স্কয়ারফিট কোটেশন ক্যালকুলেটর","label","","","scanned"
"code.feature-deep-dive-section.live_floor_visibility","components\marketing\feature-deep-dive-section.tsx","marketing","Live Floor Visibility","কারখানার লাইভ অগ্রগতি","label","","","scanned"
"code.feature-deep-dive-section.true_costing_profit","components\marketing\feature-deep-dive-section.tsx","marketing","True Costing & Profit","আসল মুনাফা নির্ণয়","label","","","scanned"
"code.feature-deep-dive-section.automated_dues_recovery","components\marketing\feature-deep-dive-section.tsx","marketing","Automated Dues Recovery","বকেয়া বিল উদ্ধার","label","","","scanned"
"code.final-cta-section.get_started_today","components\marketing\final-cta-section.tsx","marketing","Get Started Today","আজই শুরু করুন","label","","","scanned"
"code.final-cta-section.start_free_trial","components\marketing\final-cta-section.tsx","marketing","Start Free Trial","ফ্রি ট্রায়াল শুরু করুন","label","","","scanned"
"code.final-cta-section.book_a_demo","components\marketing\final-cta-section.tsx","marketing","Book a Demo","লাইভ ডেমো বুক করুন","label","","","scanned"
"code.final-cta-section.no_credit_card_required","components\marketing\final-cta-section.tsx","marketing","No credit card required","কোনো কার্ডের প্রয়োজন নেই","label","","","scanned"
"code.final-cta-section.dhaka_onboarding_support","components\marketing\final-cta-section.tsx","marketing","Dhaka onboarding support","ঢাকা টিম থেকে অনবোর্ডিং সাপোর্ট","label","","","scanned"
"code.hero-section.start_free_trial","components\marketing\hero-section.tsx","marketing","Start Free Trial","ফ্রি ট্রায়াল শুরু করুন","label","","","scanned"
"code.hero-section.see_how_it_works","components\marketing\hero-section.tsx","marketing","See How It Works","কাজের ধাপ দেখুন","label","","","scanned"
"code.hero-section.book_a_demo","components\marketing\hero-section.tsx","marketing","Book a Demo","লাইভ ডেমো বুক করুন","label","","","scanned"
"code.hero-section.built_for_","components\marketing\hero-section.tsx","marketing","Built for:","উপযোগী:","label","","","scanned"
"code.hero-visual.live_workflow_engine","components\marketing\hero-visual.tsx","marketing","Live Workflow Engine","লাইভ ওয়ার্কফ্লো ইঞ্জিন","label","","","scanned"
"code.hero-visual.in_production_flora_solve","components\marketing\hero-visual.tsx","marketing","In Production (Flora Solvent)","মেশিনে রানিং (ফ্লোরা সলভেন্ট)","label","","","scanned"
"code.how-shops-work-section.connected_operations","components\marketing\how-shops-work-section.tsx","marketing","Connected Operations","সংযুক্ত পরিচালনা","label","","","scanned"
"code.how-shops-work-section.one_order_one_connected_w","components\marketing\how-shops-work-section.tsx","marketing","One Order. One Connected Workflow.","একটি অর্ডার। একটি নিরবচ্ছিন্ন কাজের ধারা।","label","","","scanned"
"code.how-shops-work-section.automated_gate","components\marketing\how-shops-work-section.tsx","marketing","Automated Gate","স্বয়ংক্রিয় ধাপ","label","","","scanned"
"code.industry-solutions-section.print_signage_verticals","components\marketing\industry-solutions-section.tsx","marketing","Print & Signage Verticals","প্রিন্ট ও সাইনেজ খাত","label","","","scanned"
"code.marketing-navbar.sign_in","components\marketing\marketing-navbar.tsx","marketing","Sign In","সাইন ইন","label","","","scanned"
"code.marketing-navbar.start_free_trial","components\marketing\marketing-navbar.tsx","marketing","Start Free Trial","ফ্রি ট্রায়াল শুরু","label","","","scanned"
"code.marketing-navbar.appearance_theme","components\marketing\marketing-navbar.tsx","marketing","Appearance & Theme","থিম ও ডিসপ্লে","label","","","scanned"
"code.marketing-navbar.sign_in","components\marketing\marketing-navbar.tsx","marketing","Sign In","সাইন ইন","label","","","scanned"
"code.marketing-navbar.start_free_trial","components\marketing\marketing-navbar.tsx","marketing","Start Free Trial","ফ্রি ট্রায়াল শুরু","label","","","scanned"
"code.mobile-workflow-section.anywhere_access","components\marketing\mobile-workflow-section.tsx","marketing","Anywhere Access","যেকোনো স্থান থেকে নিয়ন্ত্রণ","label","","","scanned"
"code.mobile-workflow-section.operator_floor_station_ac","components\marketing\mobile-workflow-section.tsx","marketing","Operator Floor Station Active","অপারেটর ফ্লোর স্টেশন সক্রিয়","label","","","scanned"
"code.operational-advantages-section.print_native_architecture","components\marketing\operational-advantages-section.tsx","marketing","Print-Native Architecture","প্রিন্ট-বান্ধব স্থাপত্য","label","","","scanned"
"code.operational-advantages-section.print_specific_logic","components\marketing\operational-advantages-section.tsx","marketing","Print-Specific Logic","প্রেসের নিজস্ব লজিক","label","","","scanned"
"code.pricing-section.authoritative_pricing_in_","components\marketing\pricing-section.tsx","marketing","Authoritative Pricing in BDT","স্বচ্ছ ও সাশ্রয়ী মূল্যতালিকা","label","","","scanned"
"code.pricing-section.monthly_billing","components\marketing\pricing-section.tsx","marketing","Monthly Billing","মাসিক বিলিং","label","","","scanned"
"code.pricing-section.yearly_billing","components\marketing\pricing-section.tsx","marketing","Yearly Billing","বার্ষিক বিলিং","label","","","scanned"
"code.pricing-section.save_20_","components\marketing\pricing-section.tsx","marketing","Save ~20%","২০% পর্যন্ত ছাড়","label","","","scanned"
"code.pricing-section.subscription_plans_synchr","components\marketing\pricing-section.tsx","marketing","Subscription Plans Synchronizing","মূল্যতালিকা প্রস্তুত হচ্ছে","label","","","scanned"
"code.pricing-section.schedule_walkthrough_demo","components\marketing\pricing-section.tsx","marketing","Schedule Walkthrough Demo","লাইভ ডেমো বুক করুন","label","","","scanned"
"code.pricing-section.contact_sales_desk","components\marketing\pricing-section.tsx","marketing","Contact Sales Desk","সেলস ডেস্ক যোগাযোগ","label","","","scanned"
"code.pricing-section.most_popular_for_bd_press","components\marketing\pricing-section.tsx","marketing","Most Popular for BD Press","প্রেসের জন্য সেরা পছন্দ","label","","","scanned"
"code.pricing-section.instant_account_activatio","components\marketing\pricing-section.tsx","marketing","Instant account activation • BDT billing","ইনস্ট্যান্ট একাউন্ট অ্যাক্টিভেশন • টাকা বিলিং","label","","","scanned"
"code.pricing-section.dedicated_free_evaluation","components\marketing\pricing-section.tsx","marketing","Dedicated Free Evaluation Trial","ডেডিকেটেড ফ্রি মূল্যায়ন ট্রায়াল","label","","","scanned"
"code.pricing-section.no_credit_card_60_second_","components\marketing\pricing-section.tsx","marketing","No credit card • 60-second setup","কোনো কার্ড লাগবে না • ১ মিনিটে সেটআপ","label","","","scanned"
"code.public-pricing-client.transparent_plans_in_bdt","components\marketing\public-pricing-client.tsx","marketing","Transparent Plans in BDT","স্বচ্ছ মূল্যতালিকা","label","","","scanned"
"code.public-pricing-client.detailed_feature_matrix","components\marketing\public-pricing-client.tsx","marketing","Detailed Feature Matrix","প্ল্যান অনুযায়ী বিস্তারিত ফিচারের তালিকা","label","","","scanned"
"code.what-printerp-manages-section.operations_map","components\marketing\what-printerp-manages-section.tsx","marketing","Operations Map","অপারেশনস ম্যাপ","label","","","scanned"
"code.what-printerp-manages-section.what_printerp_actually_ma","components\marketing\what-printerp-manages-section.tsx","marketing","What PrintERP Actually Manages.","প্রিন্টইআরপি আপনার ব্যবসায়ের ঠিক কী কী পরিচালনা করে।","label","","","scanned"
"code.what-printerp-manages-section.core_operations","components\marketing\what-printerp-manages-section.tsx","marketing","Core Operations","মূল কার্যপরিধি","label","","","scanned"
"code.what-printerp-manages-section.fully_connected","components\marketing\what-printerp-manages-section.tsx","marketing","Fully Connected","সম্পূর্ণ সমন্বিত","label","","","scanned"
"code.attendance-punch-modal.employee_attendance_shift","components\mobile\attendance-punch-modal.tsx","mobile","Employee Attendance & Shift Punch","কর্মচারী উপস্থিতি ও শিফট পাঞ্চ","label","","","scanned"
"code.attendance-punch-modal.authoritative_qr_gps_geof","components\mobile\attendance-punch-modal.tsx","mobile","Authoritative QR & GPS Geofence Verification","কিউআর কোড ও জিপিএস জিওফেন্স যাচাইকরণ","label","","","scanned"
"code.attendance-punch-modal.check_in","components\mobile\attendance-punch-modal.tsx","mobile","Check-In","প্রবেশ","label","","","scanned"
"code.attendance-punch-modal.check_out","components\mobile\attendance-punch-modal.tsx","mobile","Check-Out","প্রস্থান","label","","","scanned"
"code.attendance-punch-modal.verifying_attendance_","components\mobile\attendance-punch-modal.tsx","mobile","Verifying Attendance...","হাজিরা যাচাই হচ্ছে...","label","","","scanned"
"code.attendance-punch-modal.attendance_could_not_be_r","components\mobile\attendance-punch-modal.tsx","mobile","Attendance Could Not Be Recorded","হাজিরা রেকর্ড করা সম্ভব হয়নি","label","","","scanned"
"code.attendance-punch-modal.cancel","components\mobile\attendance-punch-modal.tsx","mobile","Cancel","বাতিল","label","","","scanned"
"code.attendance-punch-modal.try_again","components\mobile\attendance-punch-modal.tsx","mobile","Try Again","আবার চেষ্টা করুন","label","","","scanned"
"code.bottom-nav.dashboard","components\mobile\bottom-nav.tsx","mobile","Dashboard","ড্যাশবোর্ড","label","","","scanned"
"code.bottom-nav.my_work","components\mobile\bottom-nav.tsx","mobile","My Work","আমার কাজ","label","","","scanned"
"code.bottom-nav.new_work","components\mobile\bottom-nav.tsx","mobile","New Work","নতুন কাজ","label","","","scanned"
"code.bottom-nav.messages","components\mobile\bottom-nav.tsx","mobile","Messages","মেসেজ","label","","","scanned"
"code.bottom-nav.more","components\mobile\bottom-nav.tsx","mobile","More","আরও","label","","","scanned"
"code.child-jobs-breakdown.production_job_orders","components\orders\child-jobs-breakdown.tsx","orders","Production Job Orders","প্রোডাকশন জব টিকেটসমূহ","label","","","scanned"
"code.child-jobs-breakdown.jobs","components\orders\child-jobs-breakdown.tsx","orders","Jobs","টিকেট","label","","","scanned"
"code.child-jobs-breakdown._add_job_ticket","components\orders\child-jobs-breakdown.tsx","orders","+ Add Job Ticket","+ নতুন জব টিকেট","label","","","scanned"
"code.child-jobs-breakdown.print_job_traveler_job_ba","components\orders\child-jobs-breakdown.tsx","orders","Print Job Traveler (Job Bag)","জব ব্যাগ প্রিন্ট করুন","label","","","scanned"
"code.child-jobs-breakdown.job_bag","components\orders\child-jobs-breakdown.tsx","orders","Job Bag","জব ব্যাগ","label","","","scanned"
"code.job-card.open_job","components\orders\job-card.tsx","orders","Open Job","জব খুলুন","label","","","scanned"
"code.job-card.open_job","components\orders\job-card.tsx","orders","Open Job","জব খুলুন","label","","","scanned"
"code.job-flow-stepper.order_to_delivery_journey","components\orders\job-flow-stepper.tsx","orders","Order-to-Delivery Journey","কাজের সামগ্রিক অগ্রগতি","label","","","scanned"
"code.job-flow-stepper.partial_dispatch","components\orders\job-flow-stepper.tsx","orders","Partial Dispatch","আংশিক ডেলিভারি","label","","","scanned"
"code.job-flow-stepper.active_phase_","components\orders\job-flow-stepper.tsx","orders","Active Phase:","বর্তমান ধাপ:","label","","","scanned"
"code.job-flow-stepper.stage_completion","components\orders\job-flow-stepper.tsx","orders","Stage Completion","সম্পন্নতার হার","label","","","scanned"
"code.job-flow-stepper.workflow_gate_blocked","components\orders\job-flow-stepper.tsx","orders","Workflow Gate Blocked","কাজের প্রবাহ সাময়িক স্থগিত","label","","","scanned"
"code.job-flow-stepper.next_operational_step","components\orders\job-flow-stepper.tsx","orders","Next Operational Step","পরবর্তী করণীয়","label","","","scanned"
"code.job-flow-stepper.order_fully_delivered_set","components\orders\job-flow-stepper.tsx","orders","Order Fully Delivered & Settled","অর্ডার সম্পূর্ণ ডেলিভারি ও পরিশোধিত","label","","","scanned"
"code.job-flow-stepper.all_items_dispatched_and_","components\orders\job-flow-stepper.tsx","orders","All items dispatched and payment fully cleared.","সকল পণ্য সরবরাহ সম্পন্ন ও বিল পরিশোধিত।","label","","","scanned"
"code.job-flow-stepper.view_bill_payments","components\orders\job-flow-stepper.tsx","orders","View Bill & Payments","লেজার দেখুন","label","","","scanned"
"code.order-job-ticket-modal.production_job_ticket_pre","components\orders\modals\order-job-ticket-modal.tsx","modals","Production Job Ticket / Press Sheet","প্রোডাকশন জব স্লিপ","label","","","scanned"
"code.order-job-ticket-modal.print_job_sheet","components\orders\modals\order-job-ticket-modal.tsx","modals","Print Job Sheet","জব স্লিপ প্রিন্ট","label","","","scanned"
"code.order-job-ticket-modal.job_order_ticket","components\orders\modals\order-job-ticket-modal.tsx","modals","JOB ORDER TICKET","জব অর্ডার টিকেট","label","","","scanned"
"code.order-job-ticket-modal.date_","components\orders\modals\order-job-ticket-modal.tsx","modals","Date: ","তারিখ: ","label","","","scanned"
"code.order-job-ticket-modal.delivery_target_","components\orders\modals\order-job-ticket-modal.tsx","modals","Delivery Target: ","ডেলিভারি টার্গেট: ","label","","","scanned"
"code.order-job-ticket-modal.customer_","components\orders\modals\order-job-ticket-modal.tsx","modals","Customer:","কাস্টমার:","label","","","scanned"
"code.order-job-ticket-modal.phone_","components\orders\modals\order-job-ticket-modal.tsx","modals","Phone: ","মোবাইল: ","label","","","scanned"
"code.order-job-ticket-modal.priority_status_","components\orders\modals\order-job-ticket-modal.tsx","modals","Priority & Status:","জরুরিত্ব ও স্ট্যাটাস:","label","","","scanned"
"code.order-job-ticket-modal.urgent_floor","components\orders\modals\order-job-ticket-modal.tsx","modals","Urgent Floor","অতি জরুরী","label","","","scanned"
"code.order-job-ticket-modal.payment_status_","components\orders\modals\order-job-ticket-modal.tsx","modals","Payment Status: ","পেমেন্ট: ","label","","","scanned"
"code.order-job-ticket-modal.paid","components\orders\modals\order-job-ticket-modal.tsx","modals","PAID","পরিশোধিত","label","","","scanned"
"code.order-job-ticket-modal.partial","components\orders\modals\order-job-ticket-modal.tsx","modals","PARTIAL","আংশিক","label","","","scanned"
"code.order-job-ticket-modal.unpaid","components\orders\modals\order-job-ticket-modal.tsx","modals","UNPAID","বকেয়া","label","","","scanned"
"code.order-job-ticket-modal.paid_","components\orders\modals\order-job-ticket-modal.tsx","modals","Paid: ","জমা: ","label","","","scanned"
"code.order-job-ticket-modal.due_","components\orders\modals\order-job-ticket-modal.tsx","modals","Due: ","বাকি: ","label","","","scanned"
"code.order-job-ticket-modal.job_items_technical_speci","components\orders\modals\order-job-ticket-modal.tsx","modals","Job Items & Technical Specifications:","কাজের বিবরণ ও স্পেসিফিকেশন:","label","","","scanned"
"code.order-job-ticket-modal.service_material","components\orders\modals\order-job-ticket-modal.tsx","modals","Service & Material","সার্ভিস ও মেটেরিয়াল","label","","","scanned"
"code.order-job-ticket-modal.size","components\orders\modals\order-job-ticket-modal.tsx","modals","Size","সাইজ / মাপ","label","","","scanned"
"code.order-job-ticket-modal.quantity_area","components\orders\modals\order-job-ticket-modal.tsx","modals","Quantity & Area","পরিমাণ ও ক্ষেত্রফল","label","","","scanned"
"code.order-job-ticket-modal.finishing_add_on","components\orders\modals\order-job-ticket-modal.tsx","modals","Finishing & Add-on","ফিনিশিং ও অ্যাড-অন","label","","","scanned"
"code.order-job-ticket-modal.floor_routing","components\orders\modals\order-job-ticket-modal.tsx","modals","Floor Routing","ফ্লোর রাউটিং","label","","","scanned"
"code.order-job-ticket-modal.custom_printing_work","components\orders\modals\order-job-ticket-modal.tsx","modals","Custom Printing Work","কাস্টম প্রিন্টিং কাজ","label","","","scanned"
"code.order-job-ticket-modal.custom_printing_work","components\orders\modals\order-job-ticket-modal.tsx","modals","Custom Printing Work","কাস্টম প্রিন্টিং কাজ","label","","","scanned"
"code.order-job-ticket-modal.finishing_","components\orders\modals\order-job-ticket-modal.tsx","modals","Finishing: ","ফিনিশিং: ","label","","","scanned"
"code.order-job-ticket-modal.add_on_","components\orders\modals\order-job-ticket-modal.tsx","modals","Add-on: ","অ্যাড-অন: ","label","","","scanned"
"code.order-job-ticket-modal.design_needed","components\orders\modals\order-job-ticket-modal.tsx","modals","Design Needed","ডিজাইন দরকার","label","","","scanned"
"code.order-job-ticket-modal.ready_file","components\orders\modals\order-job-ticket-modal.tsx","modals","Ready File","রেডি ফাইল","label","","","scanned"
"code.order-job-ticket-modal.ready_stock","components\orders\modals\order-job-ticket-modal.tsx","modals","Ready Stock","রেডি স্টক","label","","","scanned"
"code.order-job-ticket-modal.outsource","components\orders\modals\order-job-ticket-modal.tsx","modals","Outsource","আউটসোর্স","label","","","scanned"
"code.order-job-ticket-modal.production","components\orders\modals\order-job-ticket-modal.tsx","modals","Production","প্রোডাকশন","label","","","scanned"
"code.order-job-ticket-modal.1_design_pre_press","components\orders\modals\order-job-ticket-modal.tsx","modals","1. Design / Pre-Press","১. ডিজাইন / প্রি-প্রেস","label","","","scanned"
"code.order-job-ticket-modal.signature","components\orders\modals\order-job-ticket-modal.tsx","modals","Signature","স্বাক্ষর","label","","","scanned"
"code.order-job-ticket-modal.2_machine_printing","components\orders\modals\order-job-ticket-modal.tsx","modals","2. Machine Printing","২. মেশিন প্রিন্টিং","label","","","scanned"
"code.order-job-ticket-modal.operator","components\orders\modals\order-job-ticket-modal.tsx","modals","Operator","অপারেটর","label","","","scanned"
"code.order-job-ticket-modal.3_finishing_cutting","components\orders\modals\order-job-ticket-modal.tsx","modals","3. Finishing & Cutting","৩. ফিনিশিং ও কাটিং","label","","","scanned"
"code.order-job-ticket-modal.in_charge","components\orders\modals\order-job-ticket-modal.tsx","modals","In-Charge","ইনচার্জ","label","","","scanned"
"code.order-job-ticket-modal.4_qc_packaging","components\orders\modals\order-job-ticket-modal.tsx","modals","4. QC & Packaging","৪. কিউসি ও প্যাকিং","label","","","scanned"
"code.order-job-ticket-modal.counter","components\orders\modals\order-job-ticket-modal.tsx","modals","Counter","কাউন্টার","label","","","scanned"
"code.order-job-ticket-modal.special_instructions_","components\orders\modals\order-job-ticket-modal.tsx","modals","Special Instructions: ","বিশেষ নির্দেশনা: ","label","","","scanned"
"code.order-job-ticket-modal.close","components\orders\modals\order-job-ticket-modal.tsx","modals","Close","বন্ধ করুন","label","","","scanned"
"code.order-job-ticket-modal.print_ticket","components\orders\modals\order-job-ticket-modal.tsx","modals","Print Ticket","প্রিন্ট টিকেট","label","","","scanned"
"code.order-quick-status-modal.failed_to_update_status","components\orders\modals\order-quick-status-modal.tsx","modals","Failed to update status","স্ট্যাটাস আপডেট ব্যর্থ হয়েছে","label","","","scanned"
"code.order-quick-status-modal.update_order_live_status","components\orders\modals\order-quick-status-modal.tsx","modals","Update Order Live Status","অর্ডারের লাইভ স্ট্যাটাস আপডেট করুন","label","","","scanned"
"code.order-quick-status-modal.order_","components\orders\modals\order-quick-status-modal.tsx","modals","Order #:","অর্ডার নং:","label","","","scanned"
"code.order-quick-status-modal.customer_","components\orders\modals\order-quick-status-modal.tsx","modals","Customer:","কাস্টমার:","label","","","scanned"
"code.order-quick-status-modal.select_live_current_statu","components\orders\modals\order-quick-status-modal.tsx","modals","Select Live Current Status:","বর্তমান অবস্থা নির্বাচন করুন:","label","","","scanned"
"code.order-quick-status-modal.cancel","components\orders\modals\order-quick-status-modal.tsx","modals","Cancel","বাতিল","label","","","scanned"
"code.order-quick-status-modal.updating_","components\orders\modals\order-quick-status-modal.tsx","modals","Updating...","আপডেট হচ্ছে...","label","","","scanned"
"code.order-whatsapp-modal.whatsapp_message_copied_t","components\orders\modals\order-whatsapp-modal.tsx","modals","WhatsApp message copied to clipboard!","হোয়াটসঅ্যাপ বার্তা সফলভাবে কপি হয়েছে!","label","","","scanned"
"code.order-whatsapp-modal.order_whatsapp_communicat","components\orders\modals\order-whatsapp-modal.tsx","modals","Order WhatsApp Communication Hub","অর্ডার হোয়াটসঅ্যাপ যোগাযোগ হাব","label","","","scanned"
"code.order-whatsapp-modal.order_","components\orders\modals\order-whatsapp-modal.tsx","modals","Order #:","অর্ডার নং:","label","","","scanned"
"code.order-whatsapp-modal.customer_","components\orders\modals\order-whatsapp-modal.tsx","modals","Customer:","কাস্টমার:","label","","","scanned"
"code.order-whatsapp-modal.select_message_purpose_te","components\orders\modals\order-whatsapp-modal.tsx","modals","Select Message Purpose / Template:","মেসেজ টেমপ্লেট নির্বাচন করুন:","label","","","scanned"
"code.order-whatsapp-modal.customer_whatsapp_phone_","components\orders\modals\order-whatsapp-modal.tsx","modals","Customer WhatsApp Phone:","গ্রাহকের হোয়াটসঅ্যাপ নম্বর:","label","","","scanned"
"code.order-whatsapp-modal.auto_88_format_","components\orders\modals\order-whatsapp-modal.tsx","modals","Auto 88 Format:","অটো ৮৮ ফরম্যাট:","label","","","scanned"
"code.order-whatsapp-modal.message_preview_editor_","components\orders\modals\order-whatsapp-modal.tsx","modals","Message Preview & Editor:","মেসেজ প্রিভিউ ও এডিটর:","label","","","scanned"
"code.order-whatsapp-modal.copied_","components\orders\modals\order-whatsapp-modal.tsx","modals","Copied!","কপি হয়েছে","label","","","scanned"
"code.order-whatsapp-modal.close","components\orders\modals\order-whatsapp-modal.tsx","modals","Close","বন্ধ করুন","label","","","scanned"
"code.order-whatsapp-modal.copied","components\orders\modals\order-whatsapp-modal.tsx","modals","Copied","কপি সম্পন্ন","label","","","scanned"
"code.order-whatsapp-modal.open_whatsapp","components\orders\modals\order-whatsapp-modal.tsx","modals","Open WhatsApp","হোয়াটসঅ্যাপে পাঠান","label","","","scanned"
"code.new-work-wizard.customer_name_and_phone_a","components\orders\new-work-wizard.tsx","orders","Customer name and phone are required","কাস্টমারের নাম ও মোবাইল নম্বর আবশ্যক","label","","","scanned"
"code.new-work-wizard.please_select_or_create_a","components\orders\new-work-wizard.tsx","orders","Please select or create a customer first","দয়া করে একজন কাস্টমার নির্বাচন করুন","label","","","scanned"
"code.new-work-wizard.simple_view","components\orders\new-work-wizard.tsx","orders","Simple View","সহজ ভিউ","label","","","scanned"
"code.new-work-wizard.1_select_or_add_customer","components\orders\new-work-wizard.tsx","orders","1. Select or Add Customer","১. কাস্টমার নির্বাচন করুন বা নতুন যোগ করুন","label","","","scanned"
"code.new-work-wizard.back_to_list","components\orders\new-work-wizard.tsx","orders","Back to List","তালিকায় ফিরুন","label","","","scanned"
"code.new-work-wizard.customer_name_","components\orders\new-work-wizard.tsx","orders","Customer Name *","কাস্টমারের নাম *","label","","","scanned"
"code.new-work-wizard.mobile_whatsapp_","components\orders\new-work-wizard.tsx","orders","Mobile / WhatsApp *","মোবাইল / হোয়াটসঅ্যাপ *","label","","","scanned"
"code.new-work-wizard.shop_delivery_address","components\orders\new-work-wizard.tsx","orders","Shop / Delivery Address","ঠিকানা (ঐচ্ছিক)","label","","","scanned"
"code.new-work-wizard.save_continue","components\orders\new-work-wizard.tsx","orders","Save & Continue","সংরক্ষণ করে এগিয়ে যান","label","","","scanned"
"code.new-work-wizard.search_by_name_or_phone_","components\orders\new-work-wizard.tsx","orders","Search by Name or Phone...","কাস্টমারের নাম বা মোবাইল নম্বর লিখুন...","label","","","scanned"
"code.new-work-wizard.selected","components\orders\new-work-wizard.tsx","orders","Selected","নির্বাচিত","label","","","scanned"
"code.new-work-wizard.next_step","components\orders\new-work-wizard.tsx","orders","Next Step","পরবর্তী ধাপ","label","","","scanned"
"code.new-work-wizard.no_customer_found_","components\orders\new-work-wizard.tsx","orders","No customer found.","কোনো কাস্টমার পাওয়া যায়নি।","label","","","scanned"
"code.new-work-wizard.create_new","components\orders\new-work-wizard.tsx","orders","Create New","নতুন তৈরি করুন","label","","","scanned"
"code.new-work-wizard.2_what_do_they_want_to_ma","components\orders\new-work-wizard.tsx","orders","2. What do they want to make?","২. কী কাজ বানাতে চান?","label","","","scanned"
"code.new-work-wizard.width","components\orders\new-work-wizard.tsx","orders","Width","প্রস্থ","label","","","scanned"
"code.new-work-wizard.height","components\orders\new-work-wizard.tsx","orders","Height","উচ্চতা","label","","","scanned"
"code.new-work-wizard.unit","components\orders\new-work-wizard.tsx","orders","Unit","একক","label","","","scanned"
"code.new-work-wizard.feet_ft_","components\orders\new-work-wizard.tsx","orders","Feet (ft)","ফুট","label","","","scanned"
"code.new-work-wizard.inches_in_","components\orders\new-work-wizard.tsx","orders","Inches (in)","ইঞ্চি","label","","","scanned"
"code.new-work-wizard.pieces_pcs_","components\orders\new-work-wizard.tsx","orders","Pieces (pcs)","পিস","label","","","scanned"
"code.new-work-wizard.quantity","components\orders\new-work-wizard.tsx","orders","Quantity","পরিমাণ","label","","","scanned"
"code.new-work-wizard.back","components\orders\new-work-wizard.tsx","orders","Back","পেছনে","label","","","scanned"
"code.new-work-wizard.next_material_finishing","components\orders\new-work-wizard.tsx","orders","Next: Material & Finishing","পরবর্তী: ম্যাটেরিয়াল ও ফিনিশিং","label","","","scanned"
"code.new-work-wizard.3_material_finishing_sele","components\orders\new-work-wizard.tsx","orders","3. Material & Finishing Selection","৩. ম্যাটেরিয়াল ও ফিনিশিং","label","","","scanned"
"code.new-work-wizard.raw_material_specificatio","components\orders\new-work-wizard.tsx","orders","Raw Material Specification","কাঁচামাল / মিডিয়া","label","","","scanned"
"code.new-work-wizard.finishing_tasks","components\orders\new-work-wizard.tsx","orders","Finishing Tasks","ফিনিশিং নির্বাচন করুন","label","","","scanned"
"code.new-work-wizard.advanced_production_contr","components\orders\new-work-wizard.tsx","orders","Advanced Production Controls","অ্যাডভান্সড প্রোডাকশন সেটিংস","label","","","scanned"
"code.new-work-wizard.target_machine","components\orders\new-work-wizard.tsx","orders","Target Machine","মেশিন বরাদ্দ","label","","","scanned"
"code.new-work-wizard.color_profile","components\orders\new-work-wizard.tsx","orders","Color Profile","কালার প্রোফাইল","label","","","scanned"
"code.new-work-wizard.priority","components\orders\new-work-wizard.tsx","orders","Priority","জরুরি কিনা","label","","","scanned"
"code.new-work-wizard.normal","components\orders\new-work-wizard.tsx","orders","Normal","স্বাভাবিক","label","","","scanned"
"code.new-work-wizard.urgent","components\orders\new-work-wizard.tsx","orders","Urgent","জরুরি","label","","","scanned"
"code.new-work-wizard.very_urgent","components\orders\new-work-wizard.tsx","orders","Very Urgent","খুব জরুরি","label","","","scanned"
"code.new-work-wizard.back","components\orders\new-work-wizard.tsx","orders","Back","পেছনে","label","","","scanned"
"code.new-work-wizard.next_delivery_payment","components\orders\new-work-wizard.tsx","orders","Next: Delivery & Payment","পরবর্তী: ডেলিভারি ও পেমেন্ট","label","","","scanned"
"code.new-work-wizard.4_delivery_advance_paymen","components\orders\new-work-wizard.tsx","orders","4. Delivery, Advance Payment & Confirmation","৪. ডেলিভারি ও অগ্রিম পেমেন্ট","label","","","scanned"
"code.new-work-wizard.delivery_due_date_","components\orders\new-work-wizard.tsx","orders","Delivery Due Date *","কবে ডেলিভারি দিতে হবে? *","label","","","scanned"
"code.new-work-wizard.delivery_mode","components\orders\new-work-wizard.tsx","orders","Delivery Mode","ডেলিভারি মাধ্যম","label","","","scanned"
"code.new-work-wizard.store_pickup","components\orders\new-work-wizard.tsx","orders","Store Pickup","দোকান থেকে গ্রহণ","label","","","scanned"
"code.new-work-wizard.courier_transport","components\orders\new-work-wizard.tsx","orders","Courier / Transport","কুরিয়ার বা পরিবহন","label","","","scanned"
"code.new-work-wizard.site_installation","components\orders\new-work-wizard.tsx","orders","Site Installation","সাইট ফিটিং ও ইনস্টলেশন","label","","","scanned"
"code.new-work-wizard.advance_payment_received","components\orders\new-work-wizard.tsx","orders","Advance Payment Received","অগ্রিম টাকা জমা","label","","","scanned"
"code.new-work-wizard.total_","components\orders\new-work-wizard.tsx","orders","Total: ","মোট বিল: ","label","","","scanned"
"code.new-work-wizard.advance_amount","components\orders\new-work-wizard.tsx","orders","Advance Amount","জমা টাকা","label","","","scanned"
"code.new-work-wizard.payment_channel","components\orders\new-work-wizard.tsx","orders","Payment Channel","পেমেন্ট মাধ্যম","label","","","scanned"
"code.new-work-wizard.notes_instructions","components\orders\new-work-wizard.tsx","orders","Notes / Instructions","বিশেষ নোট বা নির্দেশনা","label","","","scanned"
"code.new-work-wizard.back","components\orders\new-work-wizard.tsx","orders","Back","পেছনে","label","","","scanned"
"code.new-work-wizard.saving_work_","components\orders\new-work-wizard.tsx","orders","Saving Work...","সংরক্ষণ হচ্ছে...","label","","","scanned"
"code.new-work-wizard.save_dispatch_work","components\orders\new-work-wizard.tsx","orders","Save & Dispatch Work","কাজ নিশ্চিত ও সেভ করুন","label","","","scanned"
"code.new-work-wizard.new_work","components\orders\new-work-wizard.tsx","orders","New Work","নতুন কাজ","label","","","scanned"
"code.order-card.send_whatsapp_update","components\orders\order-card.tsx","orders","Send WhatsApp Update","হোয়াটসঅ্যাপ মেসেজ","label","","","scanned"
"code.order-card.print_job_ticket","components\orders\order-card.tsx","orders","Print Job Ticket","জব টিকেট প্রিন্ট","label","","","scanned"
"code.order-card.open_job_flow","components\orders\order-card.tsx","orders","Open Job Flow","কাজের ফ্লো খুলুন","label","","","scanned"
"code.orders-filter-toolbar.all","components\orders\orders-filter-toolbar.tsx","orders","All","সব","label","","","scanned"
"code.orders-filter-toolbar.due_today","components\orders\orders-filter-toolbar.tsx","orders","Due Today","আজকের ডেলিভারি","label","","","scanned"
"code.orders-filter-toolbar.blocked","components\orders\orders-filter-toolbar.tsx","orders","Blocked","স্থগিত","label","","","scanned"
"code.orders-filter-toolbar.overdue","components\orders\orders-filter-toolbar.tsx","orders","Overdue","বিলম্বিত","label","","","scanned"
"code.orders-filter-toolbar.payment_due","components\orders\orders-filter-toolbar.tsx","orders","Payment Due","বকেয়া বাকি","label","","","scanned"
"code.orders-filter-toolbar.urgent","components\orders\orders-filter-toolbar.tsx","orders","Urgent","জরুরী","label","","","scanned"
"code.orders-filter-toolbar.all_priority","components\orders\orders-filter-toolbar.tsx","orders","All Priority","সকল প্রায়োরিটি","label","","","scanned"
"code.orders-filter-toolbar.normal","components\orders\orders-filter-toolbar.tsx","orders","Normal","সাধারণ","label","","","scanned"
"code.orders-filter-toolbar.urgent","components\orders\orders-filter-toolbar.tsx","orders","Urgent","জরুরী","label","","","scanned"
"code.orders-filter-toolbar.very_urgent","components\orders\orders-filter-toolbar.tsx","orders","Very Urgent","খুবই জরুরী","label","","","scanned"
"code.orders-filter-toolbar.refresh_orders","components\orders\orders-filter-toolbar.tsx","orders","Refresh Orders","অর্ডার রিফ্রেশ করুন","label","","","scanned"
"code.orders-filter-toolbar.cards","components\orders\orders-filter-toolbar.tsx","orders","Cards","কার্ড","label","","","scanned"
"code.orders-filter-toolbar.table","components\orders\orders-filter-toolbar.tsx","orders","Table","টেবিল","label","","","scanned"
"code.orders-table-view.no_order_records_found_ma","components\orders\orders-table-view.tsx","orders","No order records found matching the filters.","কোনো অর্ডার রেকর্ড পাওয়া যায়নি।","label","","","scanned"
"code.orders-table-view.order_invoice","components\orders\orders-table-view.tsx","orders","Order / Invoice","অর্ডার / ইনভয়েস","label","","","scanned"
"code.orders-table-view.customer_phone","components\orders\orders-table-view.tsx","orders","Customer & Phone","কাস্টমার ও মোবাইল","label","","","scanned"
"code.orders-table-view.works_specs","components\orders\orders-table-view.tsx","orders","Works & Specs","কাজের বিবরণ ও স্পেক","label","","","scanned"
"code.orders-table-view.live_status_stage","components\orders\orders-table-view.tsx","orders","Live Status & Stage","বর্তমান অবস্থা ও পর্যায়","label","","","scanned"
"code.orders-table-view.bill_balance","components\orders\orders-table-view.tsx","orders","Bill & Balance","বিল ও বকেয়া","label","","","scanned"
"code.orders-table-view.actions","components\orders\orders-table-view.tsx","orders","Actions","অ্যাকশন","label","","","scanned"
"code.orders-table-view.ready","components\orders\orders-table-view.tsx","orders","Ready","রেডি","label","","","scanned"
"code.orders-table-view.outsource","components\orders\orders-table-view.tsx","orders","Outsource","আউটসোর্স","label","","","scanned"
"code.orders-table-view.finishing_","components\orders\orders-table-view.tsx","orders","Finishing: ","ফিনিশিং: ","label","","","scanned"
"code.orders-table-view.add_on_","components\orders\orders-table-view.tsx","orders","Add-on: ","অ্যাড-অন: ","label","","","scanned"
"code.orders-table-view.target_","components\orders\orders-table-view.tsx","orders","Target: ","টার্গেট: ","label","","","scanned"
"code.orders-table-view.due_","components\orders\orders-table-view.tsx","orders","Due: ","বাকি: ","label","","","scanned"
"code.orders-table-view.paid","components\orders\orders-table-view.tsx","orders","PAID","পরিশোধিত","label","","","scanned"
"code.orders-table-view.open_job_flow","components\orders\orders-table-view.tsx","orders","Open Job Flow","কাজের ফ্লো দেখুন","label","","","scanned"
"code.orders-table-view.job_flow","components\orders\orders-table-view.tsx","orders","Job Flow","জব ফ্লো","label","","","scanned"
"code.orders-table-view.print_job_sheet_press_tic","components\orders\orders-table-view.tsx","orders","Print Job Sheet (Press Ticket)","প্রোডাকশন জব স্লিপ প্রিন্ট করুন","label","","","scanned"
"code.orders-table-view.send_whatsapp_update","components\orders\orders-table-view.tsx","orders","Send WhatsApp Update","WhatsApp বার্তা","label","","","scanned"
"code.orders-table-view.change_workflow_stage","components\orders\orders-table-view.tsx","orders","Change Workflow Stage","স্ট্যাটাস পরিবর্তন","label","","","scanned"
"code.types.sft","components\orders\types.ts","orders","sft","বর্গফুট","label","","","scanned"
"code.types.pcs","components\orders\types.ts","orders","pcs","টি","label","","","scanned"
"code.types.sft","components\orders\types.ts","orders","sft","বর্গফুট","label","","","scanned"
"code.types.pcs","components\orders\types.ts","orders","pcs","টি","label","","","scanned"
"code.types.pcs","components\orders\types.ts","orders","pcs","পিস","label","","","scanned"
"code.types.sft","components\orders\types.ts","orders","sft","বর্গফুট","label","","","scanned"
"code.types.sq_inch","components\orders\types.ts","orders","Sq. Inch","বর্গ ইঞ্চি","label","","","scanned"
"code.types.set","components\orders\types.ts","orders","set","সেট","label","","","scanned"
"code.types.pack","components\orders\types.ts","orders","pack","প্যাক","label","","","scanned"
"code.types.box","components\orders\types.ts","orders","box","বক্স","label","","","scanned"
"code.types.custom_printing_work","components\orders\types.ts","orders","Custom Printing Work","কাস্টম প্রিন্টিং কাজ","label","","","scanned"
"code.types.ready_product_in_stock_","components\orders\types.ts","orders","Ready Product (In Stock)","রেডি পণ্য (ইন-স্টক)","label","","","scanned"
"code.types.outsourced_media","components\orders\types.ts","orders","Outsourced Media","আউটসোর্স মিডিয়া","label","","","scanned"
"code.types.standard_media","components\orders\types.ts","orders","Standard Media","স্ট্যান্ডার্ড মিডিয়া","label","","","scanned"
"code.types.sft","components\orders\types.ts","orders","sft","বর্গফুট","label","","","scanned"
"code.types.standard_unit","components\orders\types.ts","orders","Standard Unit","স্ট্যান্ডার্ড মাপ","label","","","scanned"
"code.types.standard_size","components\orders\types.ts","orders","Standard Size","মানসম্মত সাইজ","label","","","scanned"
"code.types.1_pc","components\orders\types.ts","orders","1 pc","১টি","label","","","scanned"
"code.danger-zone.danger_zone","components\platform\danger-zone.tsx","platform","Danger Zone","ঝুঁকিপূর্ণ কাজ","label","","","scanned"
"code.danger-zone.these_actions_cannot_be_u","components\platform\danger-zone.tsx","platform","These actions cannot be undone. Be careful.","এই কাজগুলো বাতিল করা যাবে না। সাবধানে করুন।","label","","","scanned"
"code.danger-zone.are_you_sure_","components\platform\danger-zone.tsx","platform","Are you sure?","আপনি কি নিশ্চিত?","label","","","scanned"
"code.danger-zone.this_cannot_be_undone_con","components\platform\danger-zone.tsx","platform","This cannot be undone. Continue?","এটি বাতিল করা যাবে না। চালিয়ে যাবেন?","label","","","scanned"
"code.danger-zone.type","components\platform\danger-zone.tsx","platform","Type","লিখুন","label","","","scanned"
"code.danger-zone.to_confirm_","components\platform\danger-zone.tsx","platform","to confirm:","নিশ্চিত করতে:","label","","","scanned"
"code.danger-zone.cancel","components\platform\danger-zone.tsx","platform","Cancel","বাতিল","label","","","scanned"
"code.danger-zone.wait_","components\platform\danger-zone.tsx","platform","Wait...","অপেক্ষা করুন...","label","","","scanned"
"code.global-search-dialog.search_clients_phones_pla","components\platform\global-search-dialog.tsx","platform","Search clients, phones, plans...","ক্লায়েন্ট বা ফোন নম্বর খুঁজুন...","label","","","scanned"
"code.global-search-dialog.clear","components\platform\global-search-dialog.tsx","platform","Clear","মুছুন","label","","","scanned"
"code.global-search-dialog.close","components\platform\global-search-dialog.tsx","platform","Close","বন্ধ করুন","label","","","scanned"
"code.global-search-dialog.searching_","components\platform\global-search-dialog.tsx","platform","Searching...","খোঁজা হচ্ছে...","label","","","scanned"
"code.global-search-dialog.search_by_client_name_pho","components\platform\global-search-dialog.tsx","platform","Search by client name, phone, or plan.","ক্লায়েন্টের নাম বা ফোন দিয়ে খুঁজুন।","label","","","scanned"
"code.global-search-dialog.shortcut_press","components\platform\global-search-dialog.tsx","platform","Shortcut: press","সহজে খুলতে","label","","","scanned"
"code.global-search-dialog.nothing_found_for","components\platform\global-search-dialog.tsx","platform","Nothing found for","কিছু পাওয়া যায়নি:","label","","","scanned"
"code.global-search-dialog.check_spelling_or_try_a_p","components\platform\global-search-dialog.tsx","platform","Check spelling or try a phone number.","বানান ঠিক আছে কি না বা ফোন নম্বর দিয়ে দেখুন।","label","","","scanned"
"code.global-search-dialog.clients","components\platform\global-search-dialog.tsx","platform","Clients","ক্লায়েন্ট","label","","","scanned"
"code.global-search-dialog.owner_","components\platform\global-search-dialog.tsx","platform","Owner:","মালিক:","label","","","scanned"
"code.global-search-dialog.plans","components\platform\global-search-dialog.tsx","platform","Plans","প্ল্যান","label","","","scanned"
"code.global-search-dialog.monthly_","components\platform\global-search-dialog.tsx","platform","Monthly:","মাসিক:","label","","","scanned"
"code.global-search-dialog.activity_log","components\platform\global-search-dialog.tsx","platform","Activity Log","কাজের ইতিহাস","label","","","scanned"
"code.global-search-dialog.by","components\platform\global-search-dialog.tsx","platform","By","করেছেন","label","","","scanned"
"code.global-search-dialog.features","components\platform\global-search-dialog.tsx","platform","Features","ফিচার","label","","","scanned"
"code.global-search-dialog.on","components\platform\global-search-dialog.tsx","platform","ON","চালু","label","","","scanned"
"code.global-search-dialog.select_to_open","components\platform\global-search-dialog.tsx","platform","Select to open","খুলতে ক্লিক করুন","label","","","scanned"
"code.global-search-dialog.press_esc_to_close","components\platform\global-search-dialog.tsx","platform","Press ESC to close","বন্ধ করতে ESC চাপুন","label","","","scanned"
"code.impersonation-banner.viewing_as_client","components\platform\impersonation-banner.tsx","platform","Viewing as Client","ক্লায়েন্ট হিসেবে দেখা হচ্ছে","label","","","scanned"
"code.impersonation-banner.viewing_as_client_","components\platform\impersonation-banner.tsx","platform","Viewing as Client:","ক্লায়েন্ট হিসেবে দেখা হচ্ছে:","label","","","scanned"
"code.impersonation-banner.ends_in","components\platform\impersonation-banner.tsx","platform","Ends in","বাকি","label","","","scanned"
"code.impersonation-banner.exit_client","components\platform\impersonation-banner.tsx","platform","Exit Client","বের হন","label","","","scanned"
"code.plan-card.popular","components\platform\plan-card.tsx","platform","Popular","জনপ্রিয়","label","","","scanned"
"code.plan-card.actions","components\platform\plan-card.tsx","platform","Actions","কাজ","label","","","scanned"
"code.plan-card.edit","components\platform\plan-card.tsx","platform","Edit","এডিট","label","","","scanned"
"code.plan-card.copy","components\platform\plan-card.tsx","platform","Copy","কপি","label","","","scanned"
"code.plan-card.assign_clients","components\platform\plan-card.tsx","platform","Assign Clients","ক্লায়েন্ট যুক্ত","label","","","scanned"
"code.plan-card.archive","components\platform\plan-card.tsx","platform","Archive","আর্কাইভ","label","","","scanned"
"code.plan-card.delete","components\platform\plan-card.tsx","platform","Delete","মুছে ফেলুন","label","","","scanned"
"code.plan-card.clients","components\platform\plan-card.tsx","platform","clients","ক্লায়েন্ট","label","","","scanned"
"code.plan-card.limits","components\platform\plan-card.tsx","platform","Limits","সীমা","label","","","scanned"
"code.plan-card.features","components\platform\plan-card.tsx","platform","Features","ফিচার","label","","","scanned"
"code.plan-card.edit","components\platform\plan-card.tsx","platform","Edit","এডিট","label","","","scanned"
"code.plan-card.assign","components\platform\plan-card.tsx","platform","Assign","যুক্ত","label","","","scanned"
"code.platform-header.control_center","components\platform\platform-header.tsx","platform","Control Center","কন্ট্রোল সেন্টার","label","","","scanned"
"code.platform-header.search_clients_staff_acti","components\platform\platform-header.tsx","platform","Search clients, staff, activity...","ক্লায়েন্ট বা কাজ খুঁজুন...","label","","","scanned"
"code.platform-header.search_","components\platform\platform-header.tsx","platform","Search...","খুঁজুন...","label","","","scanned"
"code.platform-header.system_ok","components\platform\platform-header.tsx","platform","System OK","সব ঠিক আছে","label","","","scanned"
"code.platform-header.system_ok","components\platform\platform-header.tsx","platform","System OK","সব ঠিক আছে","label","","","scanned"
"code.platform-header.profile","components\platform\platform-header.tsx","platform","Profile","প্রোফাইল","label","","","scanned"
"code.platform-header.security","components\platform\platform-header.tsx","platform","Security","নিরাপত্তা","label","","","scanned"
"code.platform-header.support","components\platform\platform-header.tsx","platform","Support","সহায়তা","label","","","scanned"
"code.platform-header.devices","components\platform\platform-header.tsx","platform","Devices","ডিভাইস","label","","","scanned"
"code.platform-header.email","components\platform\platform-header.tsx","platform","Email","ইমেইল","label","","","scanned"
"code.platform-header.settings","components\platform\platform-header.tsx","platform","Settings","সেটিংস","label","","","scanned"
"code.platform-header.logging_out_","components\platform\platform-header.tsx","platform","Logging out...","লগ আউট হচ্ছে...","label","","","scanned"
"code.platform-mobile-bottom-nav.navigation","components\platform\platform-mobile-bottom-nav.tsx","platform","Navigation","মেনু","label","","","scanned"
"code.platform-notifications-popover.alerts","components\platform\platform-notifications-popover.tsx","platform","Alerts","বিজ্ঞপ্তি","label","","","scanned"
"code.platform-notifications-popover.alerts","components\platform\platform-notifications-popover.tsx","platform","Alerts","বিজ্ঞপ্তি","label","","","scanned"
"code.platform-notifications-popover.new","components\platform\platform-notifications-popover.tsx","platform","new","নতুন","label","","","scanned"
"code.platform-notifications-popover.total","components\platform\platform-notifications-popover.tsx","platform","total","মোট","label","","","scanned"
"code.platform-notifications-popover.refresh","components\platform\platform-notifications-popover.tsx","platform","Refresh","রিফ্রেশ","label","","","scanned"
"code.platform-notifications-popover.mark_all_read","components\platform\platform-notifications-popover.tsx","platform","Mark all read","সব পড়া হয়েছে","label","","","scanned"
"code.platform-notifications-popover.all","components\platform\platform-notifications-popover.tsx","platform","All","সব","label","","","scanned"
"code.platform-notifications-popover.support","components\platform\platform-notifications-popover.tsx","platform","Support","সহায়তা","label","","","scanned"
"code.platform-notifications-popover.clients","components\platform\platform-notifications-popover.tsx","platform","Clients","ক্লায়েন্ট","label","","","scanned"
"code.platform-notifications-popover.bills","components\platform\platform-notifications-popover.tsx","platform","Bills","বিল","label","","","scanned"
"code.platform-notifications-popover.system","components\platform\platform-notifications-popover.tsx","platform","System","সিস্টেম","label","","","scanned"
"code.platform-notifications-popover.loading_","components\platform\platform-notifications-popover.tsx","platform","Loading...","লোড হচ্ছে...","label","","","scanned"
"code.platform-notifications-popover.could_not_load","components\platform\platform-notifications-popover.tsx","platform","Could not load","লোড করা যায়নি","label","","","scanned"
"code.platform-notifications-popover.retry","components\platform\platform-notifications-popover.tsx","platform","Retry","আবার চেষ্টা করুন","label","","","scanned"
"code.platform-notifications-popover.no_alerts","components\platform\platform-notifications-popover.tsx","platform","No alerts","কোনো বিজ্ঞপ্তি নেই","label","","","scanned"
"code.platform-notifications-popover.nothing_here_right_now_","components\platform\platform-notifications-popover.tsx","platform","Nothing here right now.","এই বিভাগে কিছু নেই।","label","","","scanned"
"code.platform-notifications-popover.mark_as_read","components\platform\platform-notifications-popover.tsx","platform","Mark as read","পড়া হয়েছে","label","","","scanned"
"code.platform-notifications-popover.all_alerts","components\platform\platform-notifications-popover.tsx","platform","All Alerts","সব বিজ্ঞপ্তি","label","","","scanned"
"code.platform-notifications-popover.activity_log_","components\platform\platform-notifications-popover.tsx","platform","Activity Log →","কাজের ইতিহাস →","label","","","scanned"
"code.platform-sidebar.filter_menu_","components\platform\platform-sidebar.tsx","platform","Filter menu...","মেনু খুঁজুন...","label","","","scanned"
"code.platform-sidebar.nothing_found_for","components\platform\platform-sidebar.tsx","platform","Nothing found for","কিছু পাওয়া যায়নি:","label","","","scanned"
"code.platform-sidebar.open_shop_erp","components\platform\platform-sidebar.tsx","platform","Open Shop ERP","শপ ERP খুলুন","label","","","scanned"
"code.platform-sidebar.all_clients","components\platform\platform-sidebar.tsx","platform","All Clients","সব ক্লায়েন্ট","label","","","scanned"
"code.platform-sidebar.open_shop_erp","components\platform\platform-sidebar.tsx","platform","Open Shop ERP","শপ ERP খুলুন","label","","","scanned"
"code.platform-sidebar.all_clients","components\platform\platform-sidebar.tsx","platform","All Clients","সব ক্লায়েন্ট","label","","","scanned"
"code.platform-sidebar.system_online","components\platform\platform-sidebar.tsx","platform","System Online","সিস্টেম চালু","label","","","scanned"
"code.platform-sidebar.control_center","components\platform\platform-sidebar.tsx","platform","Control Center","কন্ট্রোল সেন্টার","label","","","scanned"
"code.platform-sidebar.control_center","components\platform\platform-sidebar.tsx","platform","Control Center","কন্ট্রোল সেন্টার","label","","","scanned"
"code.my-workforce-hub.punch_in_recorded_success","components\portal\my-workforce-hub.tsx","portal","Punch In recorded successfully!","হাজিরা সফলভাবে রেকর্ড করা হয়েছে!","label","","","scanned"
"code.my-workforce-hub.punch_out_recorded_succes","components\portal\my-workforce-hub.tsx","portal","Punch Out recorded successfully!","প্রস্থান সফলভাবে রেকর্ড করা হয়েছে!","label","","","scanned"
"code.my-workforce-hub.leave_application_submitt","components\portal\my-workforce-hub.tsx","portal","Leave application submitted for approval!","ছুটির আবেদন অনুমোদনের জন্য জমা দেওয়া হয়েছে!","label","","","scanned"
"code.my-workforce-hub.salary_advance_request_su","components\portal\my-workforce-hub.tsx","portal","Salary advance request submitted!","অগ্রিম বেতনের আবেদন জমা দেওয়া হয়েছে!","label","","","scanned"
"code.my-workforce-hub.employee_self_service_por","components\portal\my-workforce-hub.tsx","portal","Employee Self-Service Portal","কর্মচারী পোর্টাল ও সেলফ সার্ভিস","label","","","scanned"
"code.my-workforce-hub.today_s_shift_status","components\portal\my-workforce-hub.tsx","portal","Today’s Shift Status","আজকের শিফট স্ট্যাটাস","label","","","scanned"
"code.my-workforce-hub.not_clocked_in","components\portal\my-workforce-hub.tsx","portal","Not Clocked In","হাজিরা দেওয়া হয়নি","label","","","scanned"
"code.my-workforce-hub.recording_","components\portal\my-workforce-hub.tsx","portal","Recording...","রেকর্ড হচ্ছে...","label","","","scanned"
"code.my-workforce-hub.recording_","components\portal\my-workforce-hub.tsx","portal","Recording...","রেকর্ড হচ্ছে...","label","","","scanned"
"code.my-workforce-hub.shift_completed_today","components\portal\my-workforce-hub.tsx","portal","Shift Completed Today","আজকের শিফট সম্পন্ন","label","","","scanned"
"code.my-workforce-hub.this_month_attendance","components\portal\my-workforce-hub.tsx","portal","This Month Attendance","চলতি মাসের হাজিরা","label","","","scanned"
"code.my-workforce-hub.days","components\portal\my-workforce-hub.tsx","portal","Days","দিন","label","","","scanned"
"code.my-workforce-hub.late_arrivals","components\portal\my-workforce-hub.tsx","portal","Late Arrivals","দিন লেট","label","","","scanned"
"code.my-workforce-hub.total","components\portal\my-workforce-hub.tsx","portal","total","মোট","label","","","scanned"
"code.my-workforce-hub.approved_overtime_ot_","components\portal\my-workforce-hub.tsx","portal","Approved Overtime (OT)","অনুমোদিত ওভারটাইম","label","","","scanned"
"code.my-workforce-hub.leave_balance","components\portal\my-workforce-hub.tsx","portal","Leave Balance","ছুটির ব্যালেন্স","label","","","scanned"
"code.my-workforce-hub.left","components\portal\my-workforce-hub.tsx","portal","Left","বাকি","label","","","scanned"
"code.my-workforce-hub.used_this_month","components\portal\my-workforce-hub.tsx","portal","used this month","দিন কাটা হয়েছে","label","","","scanned"
"code.my-workforce-hub.apply","components\portal\my-workforce-hub.tsx","portal","Apply","আবেদন","label","","","scanned"
"code.my-workforce-hub.estimated_net_salary","components\portal\my-workforce-hub.tsx","portal","Estimated Net Salary","আনুমানিক নিট বেতন","label","","","scanned"
"code.my-workforce-hub.advance_","components\portal\my-workforce-hub.tsx","portal","Advance:","অগ্রিম:","label","","","scanned"
"code.my-workforce-hub.request","components\portal\my-workforce-hub.tsx","portal","Request","অনুরোধ","label","","","scanned"
"code.my-workforce-hub.daily_attendance_lates","components\portal\my-workforce-hub.tsx","portal","Daily Attendance & Lates","দৈনিক হাজিরা ও লেট লগ","label","","","scanned"
"code.my-workforce-hub.overtime_breakdown","components\portal\my-workforce-hub.tsx","portal","Overtime Breakdown","ওভারটাইম হিসাব","label","","","scanned"
"code.my-workforce-hub.leaves_applications","components\portal\my-workforce-hub.tsx","portal","Leaves & Applications","ছুটি ও আবেদন","label","","","scanned"
"code.my-workforce-hub.salary_payslip","components\portal\my-workforce-hub.tsx","portal","Salary & Payslip","বেতন ও পে-স্লিপ","label","","","scanned"
"code.my-workforce-hub.advance_salary_history","components\portal\my-workforce-hub.tsx","portal","Advance Salary History","অগ্রিম বেতন খতিয়ান","label","","","scanned"
"code.my-workforce-hub.my_attendance_punch_histo","components\portal\my-workforce-hub.tsx","portal","My Attendance & Punch History","আমার হাজিরা ও পাঞ্চিং ইতিহাস","label","","","scanned"
"code.my-workforce-hub.showing_records_for_the_c","components\portal\my-workforce-hub.tsx","portal","Showing records for the current calendar month","চলতি মাসের প্রতিদিনের উপস্থিতি ও লেট বিবরণ","label","","","scanned"
"code.my-workforce-hub.logs","components\portal\my-workforce-hub.tsx","portal","Logs","টি লগ","label","","","scanned"
"code.my-workforce-hub.no_attendance_records_log","components\portal\my-workforce-hub.tsx","portal","No attendance records logged yet this month.","এই মাসে এখনো কোনো হাজিরা রেকর্ড পাওয়া যায়নি।","label","","","scanned"
"code.my-workforce-hub.date","components\portal\my-workforce-hub.tsx","portal","Date","তারিখ","label","","","scanned"
"code.my-workforce-hub.status","components\portal\my-workforce-hub.tsx","portal","Status","অবস্থা","label","","","scanned"
"code.my-workforce-hub.in_time","components\portal\my-workforce-hub.tsx","portal","In Time","প্রবেশ","label","","","scanned"
"code.my-workforce-hub.out_time","components\portal\my-workforce-hub.tsx","portal","Out Time","প্রস্থান","label","","","scanned"
"code.my-workforce-hub.worked","components\portal\my-workforce-hub.tsx","portal","Worked","কাজের সময়","label","","","scanned"
"code.my-workforce-hub.late_mins","components\portal\my-workforce-hub.tsx","portal","Late Mins","লেট (মিনিট)","label","","","scanned"
"code.my-workforce-hub.overtime","components\portal\my-workforce-hub.tsx","portal","Overtime","ওভারটাইম","label","","","scanned"
"code.my-workforce-hub.my_overtime_ot_sessions","components\portal\my-workforce-hub.tsx","portal","My Overtime (OT) Sessions","আমার ওভারটাইম সেশনসমূহ","label","","","scanned"
"code.my-workforce-hub.total_ot_earned_","components\portal\my-workforce-hub.tsx","portal","Total OT Earned:","মোট ওটি অর্জন:","label","","","scanned"
"code.my-workforce-hub.no_extra_overtime_session","components\portal\my-workforce-hub.tsx","portal","No extra overtime sessions recorded yet.","এখনো কোনো অতিরিক্ত ওভারটাইম সেশন জমা হয়নি।","label","","","scanned"
"code.my-workforce-hub.date","components\portal\my-workforce-hub.tsx","portal","Date","তারিখ","label","","","scanned"
"code.my-workforce-hub.duration","components\portal\my-workforce-hub.tsx","portal","Duration","সময়কাল","label","","","scanned"
"code.my-workforce-hub.shift_reason","components\portal\my-workforce-hub.tsx","portal","Shift / Reason","কারণ","label","","","scanned"
"code.my-workforce-hub.rate","components\portal\my-workforce-hub.tsx","portal","Rate","রেট","label","","","scanned"
"code.my-workforce-hub.amount","components\portal\my-workforce-hub.tsx","portal","Amount","টাকা","label","","","scanned"
"code.my-workforce-hub.status","components\portal\my-workforce-hub.tsx","portal","Status","অবস্থা","label","","","scanned"
"code.my-workforce-hub.my_leaves_applications","components\portal\my-workforce-hub.tsx","portal","My Leaves & Applications","আমার ছুটি ও ছুটির আবেদন","label","","","scanned"
"code.my-workforce-hub.apply_for_leave","components\portal\my-workforce-hub.tsx","portal","Apply for Leave","ছুটির আবেদন","label","","","scanned"
"code.my-workforce-hub.no_leave_applications_sub","components\portal\my-workforce-hub.tsx","portal","No leave applications submitted yet.","এখনো কোনো ছুটির আবেদন করা হয়নি।","label","","","scanned"
"code.my-workforce-hub.type","components\portal\my-workforce-hub.tsx","portal","Type","ছুটির ধরন","label","","","scanned"
"code.my-workforce-hub.date_range","components\portal\my-workforce-hub.tsx","portal","Date Range","তারিখ","label","","","scanned"
"code.my-workforce-hub.days","components\portal\my-workforce-hub.tsx","portal","Days","দিন","label","","","scanned"
"code.my-workforce-hub.reason","components\portal\my-workforce-hub.tsx","portal","Reason","কারণ","label","","","scanned"
"code.my-workforce-hub.status","components\portal\my-workforce-hub.tsx","portal","Status","অবস্থা","label","","","scanned"
"code.my-workforce-hub.days","components\portal\my-workforce-hub.tsx","portal","Days","দিন","label","","","scanned"
"code.my-workforce-hub.monthly_salary_breakdown","components\portal\my-workforce-hub.tsx","portal","Monthly Salary Breakdown","মাসিক বেতন ও ভাতার বিবরণ","label","","","scanned"
"code.my-workforce-hub.standard_monthly_payout_s","components\portal\my-workforce-hub.tsx","portal","Standard monthly payout structure and allowances","বেতন কাঠামো ও অতিরিক্ত ভাতা","label","","","scanned"
"code.my-workforce-hub.view_payslip","components\portal\my-workforce-hub.tsx","portal","View Payslip","পে-স্লিপ দেখুন","label","","","scanned"
"code.my-workforce-hub.basic_salary","components\portal\my-workforce-hub.tsx","portal","Basic Salary","মূল বেতন (Basic)","label","","","scanned"
"code.my-workforce-hub.house_rent_allowance_20_","components\portal\my-workforce-hub.tsx","portal","House Rent Allowance (20%)","বাড়ি ভাড়া ভাতা (২০%)","label","","","scanned"
"code.my-workforce-hub.medical_allowance_10_","components\portal\my-workforce-hub.tsx","portal","Medical Allowance (10%)","চিকিৎসা ভাতা (১০%)","label","","","scanned"
"code.my-workforce-hub.transport_allowance_10_","components\portal\my-workforce-hub.tsx","portal","Transport Allowance (10%)","যাতায়াত ভাতা (১০%)","label","","","scanned"
"code.my-workforce-hub.overtime_ot_bonus","components\portal\my-workforce-hub.tsx","portal","Overtime (OT) Bonus","ওভারটাইম অর্জন","label","","","scanned"
"code.my-workforce-hub.gross_earnings","components\portal\my-workforce-hub.tsx","portal","Gross Earnings","মোট অর্জন (Gross)","label","","","scanned"
"code.my-workforce-hub.deductions","components\portal\my-workforce-hub.tsx","portal","Deductions","কর্তনসমূহ","label","","","scanned"
"code.my-workforce-hub.advance_salary_deduction","components\portal\my-workforce-hub.tsx","portal","Advance Salary Deduction","অগ্রিম বেতন কর্তন","label","","","scanned"
"code.my-workforce-hub.late_arrival_fine","components\portal\my-workforce-hub.tsx","portal","Late Arrival Fine","লেট হাজিরার জরিমানা","label","","","scanned"
"code.my-workforce-hub.net_disbursable_salary","components\portal\my-workforce-hub.tsx","portal","Net Disbursable Salary","চলতি মাসের নিট প্রদেয়","label","","","scanned"
"code.my-workforce-hub.my_salary_advance_voucher","components\portal\my-workforce-hub.tsx","portal","My Salary Advance Vouchers","আমার অগ্রিম বেতন খতিয়ান","label","","","scanned"
"code.my-workforce-hub.request_advance","components\portal\my-workforce-hub.tsx","portal","Request Advance","অগ্রিম আবেদন","label","","","scanned"
"code.my-workforce-hub.no_salary_advance_records","components\portal\my-workforce-hub.tsx","portal","No salary advance records on file.","এখনো কোনো অগ্রিম বেতনের রেকর্ড নেই।","label","","","scanned"
"code.my-workforce-hub.voucher_","components\portal\my-workforce-hub.tsx","portal","Voucher #","ভাউচার","label","","","scanned"
"code.my-workforce-hub.date","components\portal\my-workforce-hub.tsx","portal","Date","তারিখ","label","","","scanned"
"code.my-workforce-hub.disbursed_amount","components\portal\my-workforce-hub.tsx","portal","Disbursed Amount","মোট অগ্রিম","label","","","scanned"
"code.my-workforce-hub.remaining_balance","components\portal\my-workforce-hub.tsx","portal","Remaining Balance","অবশিষ্ট","label","","","scanned"
"code.my-workforce-hub.status","components\portal\my-workforce-hub.tsx","portal","Status","অবস্থা","label","","","scanned"
"code.my-workforce-hub.apply_for_employee_leave","components\portal\my-workforce-hub.tsx","portal","Apply for Employee Leave","ছুটির জন্য আবেদন করুন","label","","","scanned"
"code.my-workforce-hub.your_application_will_be_","components\portal\my-workforce-hub.tsx","portal","Your application will be sent to the department supervisor for review.","আবেদনটি অনুমোদনের জন্য সুপারিভাইজারের কাছে পাঠানো হবে।","label","","","scanned"
"code.my-workforce-hub.leave_type","components\portal\my-workforce-hub.tsx","portal","Leave Type","ছুটির ধরন","label","","","scanned"
"code.my-workforce-hub.start_date","components\portal\my-workforce-hub.tsx","portal","Start Date","শুরুর তারিখ","label","","","scanned"
"code.my-workforce-hub.end_date","components\portal\my-workforce-hub.tsx","portal","End Date","শেষের তারিখ","label","","","scanned"
"code.my-workforce-hub.reason_for_leave","components\portal\my-workforce-hub.tsx","portal","Reason for Leave","ছুটির সুনির্দিষ্ট কারণ","label","","","scanned"
"code.my-workforce-hub.cancel","components\portal\my-workforce-hub.tsx","portal","Cancel","বাতিল","label","","","scanned"
"code.my-workforce-hub.submitting_","components\portal\my-workforce-hub.tsx","portal","Submitting...","জমা হচ্ছে...","label","","","scanned"
"code.my-workforce-hub.request_salary_advance","components\portal\my-workforce-hub.tsx","portal","Request Salary Advance","অগ্রিম বেতনের আবেদন","label","","","scanned"
"code.my-workforce-hub.advance_amounts_are_deduc","components\portal\my-workforce-hub.tsx","portal","Advance amounts are deducted in subsequent monthly payroll cycles.","অগ্রিম বেতনের টাকা পরবর্তী মাসিক বেতন থেকে কর্তন করা হবে।","label","","","scanned"
"code.my-workforce-hub.requested_amount_bdt_","components\portal\my-workforce-hub.tsx","portal","Requested Amount (৳ BDT)","অগ্রিম টাকার পরিমাণ (৳)","label","","","scanned"
"code.my-workforce-hub.reason_for_advance","components\portal\my-workforce-hub.tsx","portal","Reason for Advance","অগ্রিম নেওয়ার কারণ","label","","","scanned"
"code.my-workforce-hub.cancel","components\portal\my-workforce-hub.tsx","portal","Cancel","বাতিল","label","","","scanned"
"code.my-workforce-hub.submitting_","components\portal\my-workforce-hub.tsx","portal","Submitting...","জমা হচ্ছে...","label","","","scanned"
"code.my-workforce-hub.employee_payslip_voucher","components\portal\my-workforce-hub.tsx","portal","Employee Payslip Voucher","কর্মচারী বেতন ভাউচার","label","","","scanned"
"code.my-workforce-hub.print","components\portal\my-workforce-hub.tsx","portal","Print","প্রিন্ট","label","","","scanned"
"code.my-workforce-hub.close","components\portal\my-workforce-hub.tsx","portal","Close","বন্ধ করুন","label","","","scanned"
"code.pricing-calculator-simulator.commercial_job_specificat","components\pricing\pricing-calculator-simulator.tsx","pricing","Commercial Job Specification","বাণিজ্যিক কাজের স্পেসিফিকেশন","label","","","scanned"
"code.pricing-calculator-simulator.select_product_print_serv","components\pricing\pricing-calculator-simulator.tsx","pricing","Select Product / Print Service","প্রোডাক্ট বা প্রিন্টিং সেবা নির্বাচন করুন","label","","","scanned"
"code.pricing-calculator-simulator.customer_pricing_category","components\pricing\pricing-calculator-simulator.tsx","pricing","Customer Pricing Category Tier","গ্রাহক ক্যাটাগরি ও বিশেষ রেট","label","","","scanned"
"code.pricing-calculator-simulator.width_feet_","components\pricing\pricing-calculator-simulator.tsx","pricing","Width (Feet)","প্রস্থ (ফিট)","label","","","scanned"
"code.pricing-calculator-simulator.height_feet_","components\pricing\pricing-calculator-simulator.tsx","pricing","Height (Feet)","উচ্চতা (ফিট)","label","","","scanned"
"code.pricing-calculator-simulator.quantity_pieces_","components\pricing\pricing-calculator-simulator.tsx","pricing","Quantity (Pieces)","পরিমাণ (পিস)","label","","","scanned"
"code.pricing-calculator-simulator.machine_printing_method_r","components\pricing\pricing-calculator-simulator.tsx","pricing","Machine Printing Method (Resolution Surcharge)","প্রিন্টিং মেথড ও রেজোলিউশন","label","","","scanned"
"code.pricing-calculator-simulator.finishing_mounting_fabric","components\pricing\pricing-calculator-simulator.tsx","pricing","Finishing, Mounting & Fabrication Options","ফিনিশিং ও পোস্ট-প্রেস অপশন","label","","","scanned"
"code.pricing-calculator-simulator.calculated_commercial_tar","components\pricing\pricing-calculator-simulator.tsx","pricing","Calculated Commercial Tariff","গণনাকৃত বাণিজ্যিক মূল্য","label","","","scanned"
"code.pricing-calculator-simulator.create_quotation_with_thi","components\pricing\pricing-calculator-simulator.tsx","pricing","Create Quotation with this Tariff","এই দর দিয়ে কোটেশন তৈরি করুন","label","","","scanned"
"code.pricing-finishing-tariffs.finishing_fabrication_opt","components\pricing\pricing-finishing-tariffs.tsx","pricing","Finishing & Fabrication Option Tariffs","ফিনিশিং ও পোস্ট-প্রেস ট্যারিফ","label","","","scanned"
"code.pricing-finishing-tariffs.add_finishing_option","components\pricing\pricing-finishing-tariffs.tsx","pricing","Add Finishing Option","নতুন ফিনিশিং","label","","","scanned"
"code.pricing-finishing-tariffs.finishing_option","components\pricing\pricing-finishing-tariffs.tsx","pricing","Finishing Option","ফিনিশিং বিবরণ","label","","","scanned"
"code.pricing-finishing-tariffs.billing_unit_method","components\pricing\pricing-finishing-tariffs.tsx","pricing","Billing Unit / Method","বিলিং মেথড","label","","","scanned"
"code.pricing-finishing-tariffs.client_selling_rate","components\pricing\pricing-finishing-tariffs.tsx","pricing","Client Selling Rate","বিক্রয় দর","label","","","scanned"
"code.pricing-finishing-tariffs.internal_cost","components\pricing\pricing-finishing-tariffs.tsx","pricing","Internal Cost","অভ্যন্তরীণ খরচ","label","","","scanned"
"code.pricing-finishing-tariffs.gross_margin","components\pricing\pricing-finishing-tariffs.tsx","pricing","Gross Margin","মুনাফা %","label","","","scanned"
"code.pricing-finishing-tariffs.actions","components\pricing\pricing-finishing-tariffs.tsx","pricing","Actions","অ্যাকশন","label","","","scanned"
"code.pricing-finishing-tariffs.printing_methods_resoluti","components\pricing\pricing-finishing-tariffs.tsx","pricing","Printing Methods & Resolution Surcharges","মেশিন মেথড ও রেজোলিউশন সারচার্জ","label","","","scanned"
"code.pricing-finishing-tariffs.add_printing_method","components\pricing\pricing-finishing-tariffs.tsx","pricing","Add Printing Method","নতুন মেথড","label","","","scanned"
"code.pricing-finishing-tariffs.method_name","components\pricing\pricing-finishing-tariffs.tsx","pricing","Method Name","মেথডের নাম","label","","","scanned"
"code.pricing-finishing-tariffs.identifier_code","components\pricing\pricing-finishing-tariffs.tsx","pricing","Identifier Code","কোড","label","","","scanned"
"code.pricing-finishing-tariffs.unit","components\pricing\pricing-finishing-tariffs.tsx","pricing","Unit","একক","label","","","scanned"
"code.pricing-finishing-tariffs.print_surcharge","components\pricing\pricing-finishing-tariffs.tsx","pricing","Print Surcharge","সারচার্জ দর","label","","","scanned"
"code.pricing-finishing-tariffs.actions","components\pricing\pricing-finishing-tariffs.tsx","pricing","Actions","অ্যাকশন","label","","","scanned"
"code.pricing-finishing-tariffs.edit_finishing_tariff","components\pricing\pricing-finishing-tariffs.tsx","pricing","Edit Finishing Tariff","ফিনিশিং ট্যারিফ সম্পাদনা","label","","","scanned"
"code.pricing-finishing-tariffs.add_new_finishing_tariff","components\pricing\pricing-finishing-tariffs.tsx","pricing","Add New Finishing Tariff","নতুন ফিনিশিং ট্যারিফ যুক্ত করুন","label","","","scanned"
"code.pricing-finishing-tariffs.finishing_name_english_","components\pricing\pricing-finishing-tariffs.tsx","pricing","Finishing Name (English)","ফিনিশিং নাম (ইংরেজি)","label","","","scanned"
"code.pricing-finishing-tariffs.bengali_name","components\pricing\pricing-finishing-tariffs.tsx","pricing","Bengali Name","বাংলা নাম","label","","","scanned"
"code.pricing-finishing-tariffs.pricing_method_unit","components\pricing\pricing-finishing-tariffs.tsx","pricing","Pricing Method / Unit","মূল্য নির্ধারণ পদ্ধতি","label","","","scanned"
"code.pricing-finishing-tariffs.client_price","components\pricing\pricing-finishing-tariffs.tsx","pricing","Client Price","বিক্রয় দর","label","","","scanned"
"code.pricing-finishing-tariffs.internal_cost","components\pricing\pricing-finishing-tariffs.tsx","pricing","Internal Cost","অভ্যন্তরীণ খরচ","label","","","scanned"
"code.pricing-finishing-tariffs.cancel","components\pricing\pricing-finishing-tariffs.tsx","pricing","Cancel","বাতিল","label","","","scanned"
"code.pricing-finishing-tariffs.save_tariff","components\pricing\pricing-finishing-tariffs.tsx","pricing","Save Tariff","সংরক্ষণ করুন","label","","","scanned"
"code.pricing-finishing-tariffs.edit_printing_method_tari","components\pricing\pricing-finishing-tariffs.tsx","pricing","Edit Printing Method Tariff","প্রিন্টিং মেথড সম্পাদনা","label","","","scanned"
"code.pricing-finishing-tariffs.add_printing_method_tarif","components\pricing\pricing-finishing-tariffs.tsx","pricing","Add Printing Method Tariff","নতুন প্রিন্টিং মেথড যুক্ত করুন","label","","","scanned"
"code.pricing-finishing-tariffs.method_name","components\pricing\pricing-finishing-tariffs.tsx","pricing","Method Name","মেথডের নাম","label","","","scanned"
"code.pricing-finishing-tariffs.code_identifier","components\pricing\pricing-finishing-tariffs.tsx","pricing","Code Identifier","কোড","label","","","scanned"
"code.pricing-finishing-tariffs.print_surcharge_per_sft","components\pricing\pricing-finishing-tariffs.tsx","pricing","Print Surcharge per SFT","প্রতি স্কয়ার ফিট সারচার্জ দর","label","","","scanned"
"code.pricing-finishing-tariffs.cancel","components\pricing\pricing-finishing-tariffs.tsx","pricing","Cancel","বাতিল","label","","","scanned"
"code.pricing-finishing-tariffs.save_method","components\pricing\pricing-finishing-tariffs.tsx","pricing","Save Method","সংরক্ষণ করুন","label","","","scanned"
"code.pricing-matrix-table.commercial_customer_type_","components\pricing\pricing-matrix-table.tsx","pricing","Commercial Customer-Type Pricing Matrix","গ্রাহক ক্যাটাগরি ভিত্তিক মূল্য তালিকা","label","","","scanned"
"code.pricing-matrix-table.filter_by_product_name_sk","components\pricing\pricing-matrix-table.tsx","pricing","Filter by product name, SKU...","পণ্যের নাম বা কোড দিয়ে খুঁজুন...","label","","","scanned"
"code.pricing-matrix-table.all_categories","components\pricing\pricing-matrix-table.tsx","pricing","All Categories","সকল ক্যাটাগরি","label","","","scanned"
"code.pricing-matrix-table.product_service","components\pricing\pricing-matrix-table.tsx","pricing","Product / Service","পণ্য / সেবা","label","","","scanned"
"code.pricing-matrix-table.base_cost","components\pricing\pricing-matrix-table.tsx","pricing","Base Cost","মূল খরচ","label","","","scanned"
"code.pricing-matrix-table.retail","components\pricing\pricing-matrix-table.tsx","pricing","Retail","খুচরা","label","","","scanned"
"code.pricing-matrix-table.reseller","components\pricing\pricing-matrix-table.tsx","pricing","Reseller","রিসেলার","label","","","scanned"
"code.pricing-matrix-table.corporate","components\pricing\pricing-matrix-table.tsx","pricing","Corporate","কর্পোরেট","label","","","scanned"
"code.pricing-matrix-table.agency","components\pricing\pricing-matrix-table.tsx","pricing","Agency","এজেন্সি","label","","","scanned"
"code.pricing-matrix-table.govt","components\pricing\pricing-matrix-table.tsx","pricing","Govt","সরকারি","label","","","scanned"
"code.pricing-matrix-table.action","components\pricing\pricing-matrix-table.tsx","pricing","Action","অ্যাকশন","label","","","scanned"
"code.pricing-matrix-table.edit_rates","components\pricing\pricing-matrix-table.tsx","pricing","Edit Rates","দর পরিবর্তন","label","","","scanned"
"code.pricing-products-tariffs.ready_products_display_ha","components\pricing\pricing-products-tariffs.tsx","pricing","Ready Products & Display Hardware Tariffs","রেডি প্রোডাক্ট ও ডিসপ্লে হার্ডওয়্যার ট্যারিফ","label","","","scanned"
"code.pricing-products-tariffs.edit_tariff","components\pricing\pricing-products-tariffs.tsx","pricing","Edit Tariff","দর পরিবর্তন","label","","","scanned"
"code.pricing-services-tariffs.custom_printing_signage_s","components\pricing\pricing-services-tariffs.tsx","pricing","Custom Printing & Signage Service Tariffs","কাস্টম প্রিন্টিং ও সাইনেজ সেবা ট্যারিফ","label","","","scanned"
"code.pricing-services-tariffs.edit_tariff","components\pricing\pricing-services-tariffs.tsx","pricing","Edit Tariff","দর পরিবর্তন","label","","","scanned"
"code.product-price-edit-modal.base_selling_price_must_b","components\pricing\product-price-edit-modal.tsx","pricing","Base Selling Price must be greater than 0.","মূল বিক্রয় মূল্য ০ এর বেশি হতে হবে।","label","","","scanned"
"code.product-price-edit-modal.edit_selling_rate_custome","components\pricing\product-price-edit-modal.tsx","pricing","Edit Selling Rate & Customer Tiers","বিক্রয় দর ও গ্রাহক রেট নির্ধারণ","label","","","scanned"
"code.product-price-edit-modal.base_selling_rate_materia","components\pricing\product-price-edit-modal.tsx","pricing","Base Selling Rate & Material Cost","মূল বিক্রয় মূল্য ও মেটেরিয়াল খরচ","label","","","scanned"
"code.product-price-edit-modal.standard_retail_price","components\pricing\product-price-edit-modal.tsx","pricing","Standard Retail Price","খুচরা মূল্য","label","","","scanned"
"code.product-price-edit-modal.base_material_bom_cost","components\pricing\product-price-edit-modal.tsx","pricing","Base Material / BOM Cost","মেটেরিয়াল বা ক্রয় খরচ","label","","","scanned"
"code.product-price-edit-modal.floor_price_minimum_safe_","components\pricing\product-price-edit-modal.tsx","pricing","Floor Price / Minimum Safe Rate","সর্বনিম্ন নিরাপদ দর","label","","","scanned"
"code.product-price-edit-modal.minimum_billable_quantity","components\pricing\product-price-edit-modal.tsx","pricing","Minimum Billable Quantity","সর্বনিম্ন বিলযোগ্য পরিমাণ","label","","","scanned"
"code.product-price-edit-modal.minimum_job_charge","components\pricing\product-price-edit-modal.tsx","pricing","Minimum Job Charge","সর্বনিম্ন কাজের চার্জ","label","","","scanned"
"code.product-price-edit-modal.customer_category_tier_ra","components\pricing\product-price-edit-modal.tsx","pricing","Customer Category Tier Rates","গ্রাহক ক্যাটাগরি দর","label","","","scanned"
"code.product-price-edit-modal.auto_resolved_in_quotatio","components\pricing\product-price-edit-modal.tsx","pricing","Auto-resolved in quotations based on client profile","কোটেশনে ক্লায়েন্ট প্রোফাইল অনুযায়ী নির্ধারিত হবে","label","","","scanned"
"code.product-price-edit-modal.cancel","components\pricing\product-price-edit-modal.tsx","pricing","Cancel","বাতিল","label","","","scanned"
"code.product-price-edit-modal.saving_","components\pricing\product-price-edit-modal.tsx","pricing","Saving...","সংরক্ষণ হচ্ছে...","label","","","scanned"
"code.product-price-edit-modal.update_product_tariff","components\pricing\product-price-edit-modal.tsx","pricing","Update Product Tariff","দর আপডেট করুন","label","","","scanned"
"code.hold-task-modal.place_task_on_hold","components\production\hold-task-modal.tsx","production","Place Task On Hold","কাজ সাময়িক স্থগিত করুন","label","","","scanned"
"code.hold-task-modal.blocking_reason","components\production\hold-task-modal.tsx","production","Blocking Reason","স্থগিতাদেশের কারণ","label","","","scanned"
"code.hold-task-modal.detailed_blocker_descript","components\production\hold-task-modal.tsx","production","Detailed Blocker Description","বিস্তারিত বিবরণ","label","","","scanned"
"code.hold-task-modal.cancel","components\production\hold-task-modal.tsx","production","Cancel","বাতিল","label","","","scanned"
"code.hold-task-modal.saving_","components\production\hold-task-modal.tsx","production","Saving...","সংরক্ষণ হচ্ছে...","label","","","scanned"
"code.machine-queue-view.no_machines_found_in_flee","components\production\machine-queue-view.tsx","production","No Machines Found in Fleet","ফ্লিটে কোনো মেশিন পাওয়া যায়নি","label","","","scanned"
"code.machine-queue-view.manage_machineries_fleet","components\production\machine-queue-view.tsx","production","Manage Machineries Fleet","মেশিনারি বহর পরিচালনা","label","","","scanned"
"code.report-problem-modal.report_floor_issue","components\production\report-problem-modal.tsx","production","Report Floor Issue","সমস্যা রিপোর্ট করুন","label","","","scanned"
"code.report-problem-modal.select_problem_reason","components\production\report-problem-modal.tsx","production","Select Problem Reason","সমস্যার কারণ নির্বাচন করুন","label","","","scanned"
"code.report-problem-modal.add_photo_of_problem","components\production\report-problem-modal.tsx","production","Add Photo of Problem","সমস্যার ছবি যুক্ত করুন","label","","","scanned"
"code.report-problem-modal.take_photo_or_upload_imag","components\production\report-problem-modal.tsx","production","Take Photo or Upload Image","ক্যামেরা দিয়ে ছবি তুলুন বা আপলোড করুন","label","","","scanned"
"code.report-problem-modal.additional_notes","components\production\report-problem-modal.tsx","production","Additional Notes","বিস্তারিত বিবরণ","label","","","scanned"
"code.report-problem-modal.e_g_media_slipped_after_1","components\production\report-problem-modal.tsx","production","e.g. Media slipped after 10 feet / Need technician","যেমন: ১০ ফিট চলার পর মিডিয়া বাঁকা হয়ে গেছে","label","","","scanned"
"code.report-problem-modal.cancel","components\production\report-problem-modal.tsx","production","Cancel","বাতিল","label","","","scanned"
"code.report-problem-modal.submitting_","components\production\report-problem-modal.tsx","production","Submitting...","জমা হচ্ছে...","label","","","scanned"
"code.report-problem-modal.confirm_pause_job","components\production\report-problem-modal.tsx","production","Confirm & Pause Job","স্থগিত নিশ্চিত করুন","label","","","scanned"
"code.rework-task-modal.log_defect_request_rework","components\production\rework-task-modal.tsx","production","Log Defect & Request Rework","ত্রুটি নথিভুক্ত ও রি-ওয়ার্ক আবেদন","label","","","scanned"
"code.rework-task-modal.defect_rework_reason","components\production\rework-task-modal.tsx","production","Defect / Rework Reason","ত্রুটি বা রি-ওয়ার্কের কারণ","label","","","scanned"
"code.rework-task-modal.rework_quantity","components\production\rework-task-modal.tsx","production","Rework Quantity","পুনরায় তৈরি পরিমাণ","label","","","scanned"
"code.rework-task-modal.est_time_minutes_","components\production\rework-task-modal.tsx","production","Est. Time (Minutes)","আনুমানিক সময় (মিনিট)","label","","","scanned"
"code.rework-task-modal.scrap_material_wastage","components\production\rework-task-modal.tsx","production","Scrap / Material Wastage","নষ্ট হওয়া মিডিয়া ও কাঁচামাল","label","","","scanned"
"code.rework-task-modal.cancel","components\production\rework-task-modal.tsx","production","Cancel","বাতিল","label","","","scanned"
"code.rework-task-modal.submitting_","components\production\rework-task-modal.tsx","production","Submitting...","আবেদন হচ্ছে...","label","","","scanned"
"code.schedule-task-modal.schedule_production_task","components\production\schedule-task-modal.tsx","production","Schedule Production Task","প্রোডাকশন টাস্ক শিডিউলিং","label","","","scanned"
"code.schedule-task-modal.target_machinery","components\production\schedule-task-modal.tsx","production","Target Machinery","বরাদ্দকৃত মেশিন","label","","","scanned"
"code.schedule-task-modal.auto_calc_duration_from_s","components\production\schedule-task-modal.tsx","production","Auto-calc Duration from Speed","গতি থেকে সময় হিসাব","label","","","scanned"
"code.schedule-task-modal.assigned_operator_worker","components\production\schedule-task-modal.tsx","production","Assigned Operator / Worker","দায়িত্বপ্রাপ্ত অপারেটর","label","","","scanned"
"code.schedule-task-modal.start_date_time","components\production\schedule-task-modal.tsx","production","Start Date & Time","শুরুর সময়","label","","","scanned"
"code.schedule-task-modal.estimated_duration","components\production\schedule-task-modal.tsx","production","Estimated Duration","আনুমানিক সময় (মিনিট)","label","","","scanned"
"code.schedule-task-modal.planning_notes_optional_","components\production\schedule-task-modal.tsx","production","Planning Notes (Optional)","পরিকল্পনা মন্তব্য (ঐচ্ছিক)","label","","","scanned"
"code.schedule-task-modal.cancel","components\production\schedule-task-modal.tsx","production","Cancel","বাতিল","label","","","scanned"
"code.schedule-task-modal.saving_","components\production\schedule-task-modal.tsx","production","Saving...","সংরক্ষণ হচ্ছে...","label","","","scanned"
"code.material-config-modal.weight_density_gsm_","components\products\material-config-modal.tsx","products","Weight / Density (GSM)","ওজন বা ঘনত্ব (জিএসএম)","label","","","scanned"
"code.material-config-modal.outdoor_durability","components\products\material-config-modal.tsx","products","Outdoor Durability","আউটডোর স্থায়িত্ব","label","","","scanned"
"code.material-config-modal.technical_description_app","components\products\material-config-modal.tsx","products","Technical Description & Application Notes","প্রযুক্তিগত বিবরণ ও প্রয়োগের বিবরণ","label","","","scanned"
"code.material-config-modal.measurement_units_physica","components\products\material-config-modal.tsx","products","Measurement Units & Physical Dimensions Matrix","পরিমাপ একক ও সাইজ মেট্রিক্স","label","","","scanned"
"code.material-config-modal.purchase_units_roll_width","components\products\material-config-modal.tsx","products","Purchase units, roll widths & dimensions","ক্রয় একক, রোল প্রস্থ ও সাইজ","label","","","scanned"
"code.material-config-modal.purchase_unit","components\products\material-config-modal.tsx","products","Purchase Unit","ক্রয় একক","label","","","scanned"
"code.material-config-modal.usage_unit","components\products\material-config-modal.tsx","products","Usage Unit","ব্যবহার বা খরচের একক","label","","","scanned"
"code.material-config-modal.dimension_unit","components\products\material-config-modal.tsx","products","Dimension Unit","পরিমাপের একক","label","","","scanned"
"code.material-config-modal.feet_ft_","components\products\material-config-modal.tsx","products","Feet (ft)","ফুট","label","","","scanned"
"code.material-config-modal.inches_in_","components\products\material-config-modal.tsx","products","Inches (in)","ইঞ্চি","label","","","scanned"
"code.material-config-modal.millimeters_mm_","components\products\material-config-modal.tsx","products","Millimeters (mm)","মিলিমিটার","label","","","scanned"
"code.material-config-modal.meters_m_","components\products\material-config-modal.tsx","products","Meters (m)","মিটার","label","","","scanned"
"code.material-config-modal.compatible_printing_metho","components\products\material-config-modal.tsx","products","Compatible Printing Methods & Machinery","সামঞ্জস্যপূর্ণ প্রিন্টিং পদ্ধতি ও মেশিন","label","","","scanned"
"code.new-purchase-modal.issue_purchase_order","components\purchases\new-purchase-modal.tsx","purchases","Issue Purchase Order","নতুন ক্রয় আদেশ তৈরি করুন","label","","","scanned"
"code.new-purchase-modal.previous_step","components\purchases\new-purchase-modal.tsx","purchases","Previous Step","পূর্ববর্তী ধাপ","label","","","scanned"
"code.new-purchase-modal.cancel","components\purchases\new-purchase-modal.tsx","purchases","Cancel","বাতিল","label","","","scanned"
"code.new-purchase-modal.continue_to_next_step","components\purchases\new-purchase-modal.tsx","purchases","Continue to Next Step","পরবর্তী ধাপ","label","","","scanned"
"code.new-purchase-modal.issue_official_po","components\purchases\new-purchase-modal.tsx","purchases","Issue Official PO","ক্রয় আদেশ সম্পন্ন করুন","label","","","scanned"
"code.new-purchase-modal.1_supplier_logistics","components\purchases\new-purchase-modal.tsx","purchases","1. Supplier & Logistics","১. সাপ্লায়ার ও লজিস্টিক","label","","","scanned"
"code.new-purchase-modal.2_materials_items","components\purchases\new-purchase-modal.tsx","purchases","2. Materials & Items","২. কাঁচামাল ও আইটেম","label","","","scanned"
"code.new-purchase-modal.3_commercials_terms","components\purchases\new-purchase-modal.tsx","purchases","3. Commercials & Terms","৩. হিসাব ও শর্তাবলী","label","","","scanned"
"code.new-purchase-modal.vendor_supplier_intellige","components\purchases\new-purchase-modal.tsx","purchases","Vendor & Supplier Intelligence","সরবরাহকারী নির্বাচন","label","","","scanned"
"code.new-purchase-modal.registered_supplier","components\purchases\new-purchase-modal.tsx","purchases","Registered Supplier","তালিকাভুক্ত সাপ্লায়ার","label","","","scanned"
"code.new-purchase-modal.spot_new_supplier","components\purchases\new-purchase-modal.tsx","purchases","Spot / New Supplier","নতুন / স্পট সাপ্লায়ার","label","","","scanned"
"code.new-purchase-modal.select_registered_supplie","components\purchases\new-purchase-modal.tsx","purchases","Select Registered Supplier","সাপ্লায়ার নির্বাচন","label","","","scanned"
"code.new-purchase-modal.logistics_destination_sch","components\purchases\new-purchase-modal.tsx","purchases","Logistics, Destination & Schedule","ডেলিভারি লজিস্টিক ও গন্তব্য","label","","","scanned"
"code.new-purchase-modal.destination_store_locatio","components\purchases\new-purchase-modal.tsx","purchases","Destination Store Location","গন্তব্য গোডাউন","label","","","scanned"
"code.new-purchase-modal.po_issue_date","components\purchases\new-purchase-modal.tsx","purchases","PO Issue Date","আদেশ জারির তারিখ","label","","","scanned"
"code.new-purchase-modal.expected_delivery_date","components\purchases\new-purchase-modal.tsx","purchases","Expected Delivery Date","প্রত্যাশিত ডেলিভারি","label","","","scanned"
"code.new-purchase-modal.delivery_method_transport","components\purchases\new-purchase-modal.tsx","purchases","Delivery Method / Transport","পরিবহন মাধ্যম","label","","","scanned"
"code.new-purchase-modal.procurement_priority","components\purchases\new-purchase-modal.tsx","purchases","Procurement Priority","অগ্রাধিকার","label","","","scanned"
"code.new-purchase-modal.supplier_quote_ref_option","components\purchases\new-purchase-modal.tsx","purchases","Supplier Quote / Ref # (Optional)","সাপ্লায়ার কোটেশন রেফারেন্স","label","","","scanned"
"code.new-purchase-modal.purchasable_items_roll_co","components\purchases\new-purchase-modal.tsx","purchases","Purchasable Items & Roll Configurations","কাঁচামাল ও আইটেম সংযোজন","label","","","scanned"
"code.new-purchase-modal.add_line_item","components\purchases\new-purchase-modal.tsx","purchases","Add Line Item","নতুন আইটেম","label","","","scanned"
"code.new-purchase-modal.discounts_nbr_vat_freight","components\purchases\new-purchase-modal.tsx","purchases","Discounts, NBR VAT & Freight Surcharge","ছাড়, মূসক/ভ্যাট ও পরিবহন খরচ","label","","","scanned"
"code.new-purchase-modal.po_discount","components\purchases\new-purchase-modal.tsx","purchases","PO Discount","কোটেশন ছাড়","label","","","scanned"
"code.new-purchase-modal.nbr_vat_tax_rate","components\purchases\new-purchase-modal.tsx","purchases","NBR VAT / Tax Rate","মূসক / ভ্যাট","label","","","scanned"
"code.new-purchase-modal.0_exempted_nil_vat","components\purchases\new-purchase-modal.tsx","purchases","0% Exempted / Nil VAT","০% ভ্যাট প্রযোজ্য নয়","label","","","scanned"
"code.new-purchase-modal.15_standard_vat","components\purchases\new-purchase-modal.tsx","purchases","15% Standard VAT","১৫% আদর্শ মূসক","label","","","scanned"
"code.new-purchase-modal.7_5_truncated_vat","components\purchases\new-purchase-modal.tsx","purchases","7.5% Truncated VAT","৭.৫% মূসক","label","","","scanned"
"code.new-purchase-modal.5_retail_vat","components\purchases\new-purchase-modal.tsx","purchases","5% Retail VAT","৫% মূসক","label","","","scanned"
"code.new-purchase-modal.custom_fixed_amount","components\purchases\new-purchase-modal.tsx","purchases","Custom Fixed Amount","কাস্টম ভ্যাট","label","","","scanned"
"code.new-purchase-modal.freight_carriage","components\purchases\new-purchase-modal.tsx","purchases","Freight & Carriage","পরিবহন ভাড়া","label","","","scanned"
"code.new-purchase-modal.custom_fixed_vat_amount","components\purchases\new-purchase-modal.tsx","purchases","Custom Fixed VAT Amount","নির্দিষ্ট ভ্যাট পরিমাণ","label","","","scanned"
"code.new-purchase-modal.payment_terms_advance_pay","components\purchases\new-purchase-modal.tsx","purchases","Payment Terms & Advance Pay","পেমেন্ট শর্তাবলী ও অগ্রিম","label","","","scanned"
"code.new-purchase-modal.payment_terms","components\purchases\new-purchase-modal.tsx","purchases","Payment Terms","পরিশোধের শর্ত","label","","","scanned"
"code.new-purchase-modal.advance_paid_now","components\purchases\new-purchase-modal.tsx","purchases","Advance Paid Now","বর্তমান অগ্রিম পরিশোধ","label","","","scanned"
"code.new-purchase-modal.payment_channel","components\purchases\new-purchase-modal.tsx","purchases","Payment Channel","পেমেন্ট মাধ্যম","label","","","scanned"
"code.new-purchase-modal.advance_cheque_txn_ref_","components\purchases\new-purchase-modal.tsx","purchases","Advance Cheque / Txn Ref #","চেক বা ট্রানজেকশন রেফারেন্স","label","","","scanned"
"code.new-purchase-modal.special_delivery_quality_","components\purchases\new-purchase-modal.tsx","purchases","Special Delivery & Quality Terms (Optional)","বিশেষ ডেলিভারি ও মান নিয়ন্ত্রণ শর্তাবলী","label","","","scanned"
"code.new-quotation-modal.ft","components\quotations\new-quotation-modal.tsx","quotations","ft","ফুট","label","","","scanned"
"code.new-quotation-modal.inch","components\quotations\new-quotation-modal.tsx","quotations","inch","ইঞ্চি","label","","","scanned"
"code.new-quotation-modal.m","components\quotations\new-quotation-modal.tsx","quotations","m","মিটার","label","","","scanned"
"code.new-quotation-modal.pcs","components\quotations\new-quotation-modal.tsx","quotations","pcs","পিস","label","","","scanned"
"code.new-quotation-modal.set","components\quotations\new-quotation-modal.tsx","quotations","set","সেট","label","","","scanned"
"code.new-quotation-modal.pack","components\quotations\new-quotation-modal.tsx","quotations","pack","প্যাক","label","","","scanned"
"code.new-quotation-modal.box","components\quotations\new-quotation-modal.tsx","quotations","box","বক্স","label","","","scanned"
"code.new-quotation-modal.book","components\quotations\new-quotation-modal.tsx","quotations","book","বই","label","","","scanned"
"code.new-quotation-modal.pad","components\quotations\new-quotation-modal.tsx","quotations","pad","প্যাড","label","","","scanned"
"code.new-quotation-modal.sheet","components\quotations\new-quotation-modal.tsx","quotations","sheet","শিট","label","","","scanned"
"code.new-quotation-modal.roll","components\quotations\new-quotation-modal.tsx","quotations","roll","রোল","label","","","scanned"
"code.new-quotation-modal.ream","components\quotations\new-quotation-modal.tsx","quotations","ream","রিম","label","","","scanned"
"code.new-quotation-modal.bundle","components\quotations\new-quotation-modal.tsx","quotations","bundle","বান্ডিল","label","","","scanned"
"code.new-quotation-modal.carton","components\quotations\new-quotation-modal.tsx","quotations","carton","কার্টুন","label","","","scanned"
"code.new-quotation-modal.pair","components\quotations\new-quotation-modal.tsx","quotations","pair","জোড়া","label","","","scanned"
"code.new-quotation-modal.dozen","components\quotations\new-quotation-modal.tsx","quotations","dozen","ডজন","label","","","scanned"
"code.new-quotation-modal.kg","components\quotations\new-quotation-modal.tsx","quotations","kg","কেজি","label","","","scanned"
"code.new-quotation-modal.bag","components\quotations\new-quotation-modal.tsx","quotations","bag","ব্যাগ","label","","","scanned"
"code.new-quotation-modal.rft","components\quotations\new-quotation-modal.tsx","quotations","rft","রানিং ফুট","label","","","scanned"
"code.new-quotation-modal.sft","components\quotations\new-quotation-modal.tsx","quotations","sft","বর্গফুট","label","","","scanned"
"code.new-quotation-modal.sq_inch","components\quotations\new-quotation-modal.tsx","quotations","Sq. Inch","বর্গ ইঞ্চি","label","","","scanned"
"code.new-quotation-modal.lot","components\quotations\new-quotation-modal.tsx","quotations","lot","লট","label","","","scanned"
"code.new-quotation-modal.sft","components\quotations\new-quotation-modal.tsx","quotations","sft","বর্গফুট","label","","","scanned"
"code.new-quotation-modal.pcs","components\quotations\new-quotation-modal.tsx","quotations","pcs","পিস","label","","","scanned"
"code.new-quotation-modal.rft","components\quotations\new-quotation-modal.tsx","quotations","rft","রানিং ফুট","label","","","scanned"
"code.new-quotation-modal.set","components\quotations\new-quotation-modal.tsx","quotations","set","সেট","label","","","scanned"
"code.new-quotation-modal.box","components\quotations\new-quotation-modal.tsx","quotations","box","বক্স","label","","","scanned"
"code.new-quotation-modal.pack","components\quotations\new-quotation-modal.tsx","quotations","pack","প্যাক","label","","","scanned"
"code.new-quotation-modal.book","components\quotations\new-quotation-modal.tsx","quotations","book","বই","label","","","scanned"
"code.new-quotation-modal.pad","components\quotations\new-quotation-modal.tsx","quotations","pad","প্যাড","label","","","scanned"
"code.new-quotation-modal.sheet","components\quotations\new-quotation-modal.tsx","quotations","sheet","শিট","label","","","scanned"
"code.new-quotation-modal.roll","components\quotations\new-quotation-modal.tsx","quotations","roll","রোল","label","","","scanned"
"code.new-quotation-modal.ream","components\quotations\new-quotation-modal.tsx","quotations","ream","রিম","label","","","scanned"
"code.new-quotation-modal.bundle","components\quotations\new-quotation-modal.tsx","quotations","bundle","বান্ডিল","label","","","scanned"
"code.new-quotation-modal.carton","components\quotations\new-quotation-modal.tsx","quotations","carton","কার্টুন","label","","","scanned"
"code.new-quotation-modal.sq_inch","components\quotations\new-quotation-modal.tsx","quotations","Sq. Inch","বর্গ ইঞ্চি","label","","","scanned"
"code.new-quotation-modal.kg","components\quotations\new-quotation-modal.tsx","quotations","kg","কেজি","label","","","scanned"
"code.command-palette.type_to_filter_operations","components\search\command-palette.tsx","search","Type to filter operations (e.g. customer, quote, payment)...","অপারেশন খুঁজুন (যেমন: কাস্টমার, কোটেশন, পেমেন্ট)...","label","","","scanned"
"code.command-palette.search_customers_orders_i","components\search\command-palette.tsx","search","Search customers, orders, invoices, jobs, materials...","কাস্টমার, অর্ডার, ইনভয়েস, জব, ম্যাটেরিয়াল খুঁজুন...","label","","","scanned"
"code.command-palette.configure_shortcuts","components\search\command-palette.tsx","search","Configure Shortcuts","শর্টকাট কনফিগার","label","","","scanned"
"code.command-palette.configurable_keyboard_sho","components\search\command-palette.tsx","search","Configurable Keyboard Shortcuts","কীবোর্ড শর্টকাট কনফিগারেশন","label","","","scanned"
"code.command-palette.reset_defaults","components\search\command-palette.tsx","search","Reset Defaults","ডিফল্ট রিসেট","label","","","scanned"
"code.command-palette.global_search_trigger","components\search\command-palette.tsx","search","Global Search Trigger","সার্চ ট্রিগার কি","label","","","scanned"
"code.command-palette.quick_operations_menu","components\search\command-palette.tsx","search","Quick Operations Menu","অপারেশন মেনু কি","label","","","scanned"
"code.command-palette.all_results","components\search\command-palette.tsx","search","All Results","সকল ফলাফল","label","","","scanned"
"code.command-palette.quick_operations","components\search\command-palette.tsx","search","Quick Operations","দ্রুত অপারেশন কমান্ড","label","","","scanned"
"code.command-palette.press_shortcut_key_to_tri","components\search\command-palette.tsx","search","Press shortcut key to trigger","কীবোর্ড শর্টকাট চাপুন","label","","","scanned"
"code.command-palette.search","components\search\command-palette.tsx","search","Search","সার্চ","label","","","scanned"
"code.command-palette.new_action","components\search\command-palette.tsx","search","New Action","নতুন কাজ","label","","","scanned"
"code.command-palette.navigate","components\search\command-palette.tsx","search","Navigate","নেভিগেট","label","","","scanned"
"code.command-palette.select","components\search\command-palette.tsx","search","Select","নির্বাচন","label","","","scanned"
"code.error-state.retry_operation","components\shared\error-state.tsx","shared","Retry Operation","পুনরায় চেষ্টা করুন","label","","","scanned"
"code.next-action-modal.what_would_you_like_to_do","components\shared\next-action-modal.tsx","shared","What would you like to do next?","পরবর্তী কোন কাজটি করতে চান?","label","","","scanned"
"code.pagination-controls.rows_","components\shared\pagination-controls.tsx","shared","Rows:","প্রতি পৃষ্ঠায়:","label","","","scanned"
"code.panel-access-denied.403_panel_isolated","components\shared\panel-access-denied.tsx","shared","403 Panel Isolated","৪০৩ প্যানেল সীমাবদ্ধ","label","","","scanned"
"code.panel-access-denied.logged_in_user_","components\shared\panel-access-denied.tsx","shared","Logged-in User:","লগইনকৃত ব্যবহারকারী:","label","","","scanned"
"code.panel-access-denied.department_","components\shared\panel-access-denied.tsx","shared","Department:","বিভাগ:","label","","","scanned"
"code.panel-access-denied.active_responsibilities_","components\shared\panel-access-denied.tsx","shared","Active Responsibilities:","বর্তমান দায়িত্বসমূহ:","label","","","scanned"
"code.panel-access-denied.go_to_my_dashboard","components\shared\panel-access-denied.tsx","shared","Go to My Dashboard","আমার ড্যাশবোর্ডে যান","label","","","scanned"
"code.panel-access-denied.employee_self_service_hub","components\shared\panel-access-denied.tsx","shared","Employee Self-Service Hub","আমার হাজিরা ও বেতন","label","","","scanned"
"code.prompt-dialog.enter_details_","components\shared\prompt-dialog.tsx","shared","Enter details...","বিস্তারিত লিখুন...","label","","","scanned"
"code.work-order-modal.please_provide_customer_p","components\shared\work-order-modal.tsx","shared","Please provide customer phone number.","অনুগ্রহ করে মোবাইল নম্বর দিন।","label","","","scanned"
"code.work-order-modal.please_provide_customer_b","components\shared\work-order-modal.tsx","shared","Please provide customer billing address.","অনুগ্রহ করে গ্রাহকের বিলিং ঠিকানা দিন।","label","","","scanned"
"code.work-order-modal.please_add_at_least_one_w","components\shared\work-order-modal.tsx","shared","Please add at least one work order item.","অনুগ্রহ করে অন্তত একটি আইটেম যোগ করুন।","label","","","scanned"
"code.work-order-modal.add_work_order","components\shared\work-order-modal.tsx","shared","Add Work Order","নতুন ওয়ার্ক অর্ডার যোগ করুন","label","","","scanned"
"code.work-order-modal.production_workflow_routi","components\shared\work-order-modal.tsx","shared","Production Workflow Routing","প্রোডাকশন ওয়ার্কফ্লো রাউটিং","label","","","scanned"
"code.work-order-modal.retail","components\shared\work-order-modal.tsx","shared","Retail","খুচরা","label","","","scanned"
"code.work-order-modal.corporate","components\shared\work-order-modal.tsx","shared","Corporate","কর্পোরেট","label","","","scanned"
"code.work-order-modal.reseller","components\shared\work-order-modal.tsx","shared","Reseller","রিসেলার","label","","","scanned"
"code.work-order-modal.govt","components\shared\work-order-modal.tsx","shared","Govt","সরকারি","label","","","scanned"
"code.work-order-modal.work_order_items_specs","components\shared\work-order-modal.tsx","shared","Work Order Items & Specs","আইটেম ও স্পেসিফিকেশন","label","","","scanned"
"code.work-order-modal.ft","components\shared\work-order-modal.tsx","shared","ft","ফুট","label","","","scanned"
"code.work-order-modal.inch","components\shared\work-order-modal.tsx","shared","inch","ইঞ্চি","label","","","scanned"
"code.work-order-modal.m","components\shared\work-order-modal.tsx","shared","m","মিটার","label","","","scanned"
"code.work-order-modal.mm","components\shared\work-order-modal.tsx","shared","mm","মিলিমিটার","label","","","scanned"
"code.work-order-modal.pcs","components\shared\work-order-modal.tsx","shared","pcs","পিস","label","","","scanned"
"code.work-order-modal.set","components\shared\work-order-modal.tsx","shared","set","সেট","label","","","scanned"
"code.work-order-modal.pack","components\shared\work-order-modal.tsx","shared","pack","প্যাক","label","","","scanned"
"code.work-order-modal.box","components\shared\work-order-modal.tsx","shared","box","বক্স","label","","","scanned"
"code.work-order-modal.book","components\shared\work-order-modal.tsx","shared","book","বই","label","","","scanned"
"code.work-order-modal.pad","components\shared\work-order-modal.tsx","shared","pad","প্যাড","label","","","scanned"
"code.work-order-modal.sheet","components\shared\work-order-modal.tsx","shared","sheet","শিট","label","","","scanned"
"code.work-order-modal.roll","components\shared\work-order-modal.tsx","shared","roll","রোল","label","","","scanned"
"code.work-order-modal.ream","components\shared\work-order-modal.tsx","shared","ream","রিম","label","","","scanned"
"code.work-order-modal.bundle","components\shared\work-order-modal.tsx","shared","bundle","বান্ডিল","label","","","scanned"
"code.work-order-modal.carton","components\shared\work-order-modal.tsx","shared","carton","কার্টুন","label","","","scanned"
"code.work-order-modal.pair","components\shared\work-order-modal.tsx","shared","pair","জোড়া","label","","","scanned"
"code.work-order-modal.dozen","components\shared\work-order-modal.tsx","shared","dozen","ডজন","label","","","scanned"
"code.work-order-modal.kg","components\shared\work-order-modal.tsx","shared","kg","কেজি","label","","","scanned"
"code.work-order-modal.bag","components\shared\work-order-modal.tsx","shared","bag","ব্যাগ","label","","","scanned"
"code.work-order-modal.rft","components\shared\work-order-modal.tsx","shared","rft","রানিং ফুট","label","","","scanned"
"code.work-order-modal.sft","components\shared\work-order-modal.tsx","shared","sft","বর্গফুট","label","","","scanned"
"code.work-order-modal.sq_inch","components\shared\work-order-modal.tsx","shared","Sq. Inch","বর্গ ইঞ্চি","label","","","scanned"
"code.work-order-modal.lot","components\shared\work-order-modal.tsx","shared","lot","লট","label","","","scanned"
"code.work-order-modal.roll","components\shared\work-order-modal.tsx","shared","roll","রোল","label","","","scanned"
"code.work-order-modal.sheet","components\shared\work-order-modal.tsx","shared","sheet","শিট","label","","","scanned"
"code.work-order-modal.sft","components\shared\work-order-modal.tsx","shared","sft","বর্গফুট","label","","","scanned"
"code.work-order-modal.rft","components\shared\work-order-modal.tsx","shared","rft","রানিং ফুট","label","","","scanned"
"code.work-order-modal.kg","components\shared\work-order-modal.tsx","shared","kg","কেজি","label","","","scanned"
"code.work-order-modal.liter","components\shared\work-order-modal.tsx","shared","liter","লিটার","label","","","scanned"
"code.work-order-modal.pcs","components\shared\work-order-modal.tsx","shared","pcs","পিস","label","","","scanned"
"code.work-order-modal.artwork_pre_press_notes","components\shared\work-order-modal.tsx","shared","Artwork & Pre-Press Notes","রেফারেন্স আর্টওয়ার্ক ও নির্দেশনাবলী","label","","","scanned"
"code.work-order-modal.click_to_browse_or_drag_d","components\shared\work-order-modal.tsx","shared","Click to browse or Drag & Drop .JPG / .PNG","ফাইল নির্বাচন করুন অথবা ড্র্যাগ করুন","label","","","scanned"
"code.work-order-modal.special_pre_press_instruc","components\shared\work-order-modal.tsx","shared","Special Pre-Press Instructions","বিশেষ নির্দেশনাবলী","label","","","scanned"
"code.work-order-modal.cancel","components\shared\work-order-modal.tsx","shared","Cancel","বাতিল","label","","","scanned"
"code.work-order-modal.save_draft","components\shared\work-order-modal.tsx","shared","Save Draft","ড্রাফট সংরক্ষণ","label","","","scanned"
"code.work-order-modal.save_send_invoice_request","components\shared\work-order-modal.tsx","shared","Save & Send Invoice Request","সংরক্ষণ ও ইনভয়েস রিকোয়েস্ট পাঠান","label","","","scanned"
"code.company-selector.select_company","components\shell\company-selector.tsx","shell","Select Company","প্রতিষ্ঠান নির্বাচন","label","","","scanned"
"code.company-selector.your_organizations","components\shell\company-selector.tsx","shell","Your Organizations","আপনার প্রতিষ্ঠানসমূহ","label","","","scanned"
"code.company-selector.add_new_company_branch","components\shell\company-selector.tsx","shell","Add New Company / Branch","নতুন প্রতিষ্ঠান / শাখা যোগ করুন","label","","","scanned"
"code.mobile-nav.d_trial","components\shell\mobile-nav.tsx","shell","d trial","দিন ট্রায়াল","label","","","scanned"
"code.mobile-nav.quotes","components\shell\mobile-nav.tsx","shell","Quotes","কোটেশন","label","","","scanned"
"code.mobile-nav.new_work","components\shell\mobile-nav.tsx","shell","New Work","নতুন কাজ","label","","","scanned"
"code.mobile-nav.production","components\shell\mobile-nav.tsx","shell","Production","কারখানা","label","","","scanned"
"code.mobile-nav.search_menu_","components\shell\mobile-nav.tsx","shell","Search menu...","মেনু খুঁজুন...","label","","","scanned"
"code.mobile-nav.free_trial_active","components\shell\mobile-nav.tsx","shell","Free Trial Active","ফ্রি ট্রায়াল চলছে","label","","","scanned"
"code.mobile-nav.unlock_unlimited_orders_m","components\shell\mobile-nav.tsx","shell","Unlock unlimited orders, multi-branch, and auto SMS.","আনলিমিটেড অর্ডার ও ফিচারের জন্য বিজনেস প্ল্যানে আপগ্রেড করুন।","label","","","scanned"
"code.mobile-nav.upgrade_plan","components\shell\mobile-nav.tsx","shell","Upgrade Plan","প্ল্যান আপগ্রেড করুন","label","","","scanned"
"code.mobile-nav.reset_data","components\shell\mobile-nav.tsx","shell","Reset Data","ডাটা রিসেট","label","","","scanned"
"code.mobile-nav.sign_out","components\shell\mobile-nav.tsx","shell","Sign Out","লগ আউট","label","","","scanned"
"code.notifications-dropdown.notifications","components\shell\notifications-dropdown.tsx","shell","Notifications","নোটিফিকেশন","label","","","scanned"
"code.notifications-dropdown.new","components\shell\notifications-dropdown.tsx","shell","new","নতুন","label","","","scanned"
"code.notifications-dropdown.mark_all_read","components\shell\notifications-dropdown.tsx","shell","Mark all read","সব পড়া হয়েছে","label","","","scanned"
"code.realtime-notification-popup.just_now","components\shell\realtime-notification-popup.tsx","shell","Just now","এইমাত্র","label","","","scanned"
"code.realtime-notification-popup.active_alerts","components\shell\realtime-notification-popup.tsx","shell","Active Alerts","টি নোটিফিকেশন","label","","","scanned"
"code.realtime-notification-popup.clear_all","components\shell\realtime-notification-popup.tsx","shell","Clear All","সব মুছুন","label","","","scanned"
"code.reset-tenant-data-modal.reset_workspace_data","components\shell\reset-tenant-data-modal.tsx","shell","Reset Workspace Data","সব ট্রানজ্যাকশন ডাটা রিসেট","label","","","scanned"
"code.reset-tenant-data-modal.the_following_records_wil","components\shell\reset-tenant-data-modal.tsx","shell","The following records will be cleared:","নিম্নলিখিত ডাটাগুলো মুছে ফেলা হবে:","label","","","scanned"
"code.reset-tenant-data-modal.cancel","components\shell\reset-tenant-data-modal.tsx","shell","Cancel","বাতিল","label","","","scanned"
"code.reset-tenant-data-modal.reset_all_data","components\shell\reset-tenant-data-modal.tsx","shell","Reset All Data","সব ডাটা রিসেট করুন","label","","","scanned"
"code.sidebar.print_erp_system","components\shell\sidebar.tsx","shell","Print ERP System","প্রিন্ট ইআরপি সফটওয়্যার","label","","","scanned"
"code.sidebar.quick_filter_","components\shell\sidebar.tsx","shell","Quick filter...","মেনু খুঁজুন...","label","","","scanned"
"code.sidebar.no_matching_menu_items_fo","components\shell\sidebar.tsx","shell","No matching menu items found","কোনো মেনু পাওয়া যায়নি","label","","","scanned"
"code.sidebar.d_left","components\shell\sidebar.tsx","shell","d left","দিন বাকি","label","","","scanned"
"code.sidebar.upgrade_plan","components\shell\sidebar.tsx","shell","Upgrade Plan","প্ল্যান আপগ্রেড","label","","","scanned"
"code.sidebar.upgrade","components\shell\sidebar.tsx","shell","Upgrade","আপগ্রেড","label","","","scanned"
"code.sidebar.help_support","components\shell\sidebar.tsx","shell","Help & Support","সহায়তা ও সাপোর্ট","label","","","scanned"
"code.sidebar.reset_all_data","components\shell\sidebar.tsx","shell","Reset All Data","সব ডাটা রিসেট","label","","","scanned"
"code.sidebar.reset_all_data","components\shell\sidebar.tsx","shell","Reset All Data","সব তথ্য রিসেট","label","","","scanned"
"code.theme-toggle.toggle_dark_light_mode","components\shell\theme-toggle.tsx","shell","Toggle dark/light mode","ডার্ক/লাইট মোড পরিবর্তন","label","","","scanned"
"code.theme-toggle.switch_to_light_mode","components\shell\theme-toggle.tsx","shell","Switch to Light Mode","লাইট মোডে পরিবর্তন করুন","label","","","scanned"
"code.theme-toggle.switch_to_dark_mode","components\shell\theme-toggle.tsx","shell","Switch to Dark Mode","ডার্ক মোডে পরিবর্তন করুন","label","","","scanned"
"code.theme-toggle.toggle_dark_light_mode","components\shell\theme-toggle.tsx","shell","Toggle dark/light mode","ডার্ক/লাইট মোড পরিবর্তন","label","","","scanned"
"code.theme-toggle.toggle_theme","components\shell\theme-toggle.tsx","shell","Toggle Theme","থিম পরিবর্তন","label","","","scanned"
"code.theme-toggle.switch_to_light_mode","components\shell\theme-toggle.tsx","shell","Switch to Light Mode","লাইট মোডে পরিবর্তন করুন","label","","","scanned"
"code.theme-toggle.switch_to_dark_mode","components\shell\theme-toggle.tsx","shell","Switch to Dark Mode","ডার্ক মোডে পরিবর্তন করুন","label","","","scanned"
"code.theme-toggle.toggle_theme","components\shell\theme-toggle.tsx","shell","Toggle Theme","থিম পরিবর্তন","label","","","scanned"
"code.theme-toggle.select_theme","components\shell\theme-toggle.tsx","shell","Select Theme","থিম নির্বাচন করুন","label","","","scanned"
"code.theme-toggle.theme_menu","components\shell\theme-toggle.tsx","shell","Theme menu","থিম মেনু","label","","","scanned"
"code.theme-toggle.theme","components\shell\theme-toggle.tsx","shell","Theme","থিম","label","","","scanned"
"code.top-nav.employee_attendance_shift","components\shell\top-nav.tsx","shell","Employee Attendance & Shift Punch","কর্মচারী উপস্থিতি ও শিফট পাঞ্চ","label","","","scanned"
"code.top-nav.employee_attendance_shift","components\shell\top-nav.tsx","shell","Employee Attendance & Shift Punch","কর্মচারী উপস্থিতি ও শিফট পাঞ্চ","label","","","scanned"
"code.user-menu.owner","components\shell\user-menu.tsx","shell","Owner","মালিক","label","","","scanned"
"code.user-menu.owner","components\shell\user-menu.tsx","shell","Owner","মালিক","label","","","scanned"
"code.user-menu.platform_owner","components\shell\user-menu.tsx","shell","Platform Owner","প্ল্যাটফর্ম মালিক","label","","","scanned"
"code.user-menu.admin","components\shell\user-menu.tsx","shell","Admin","অ্যাডমিন","label","","","scanned"
"code.user-menu.manager","components\shell\user-menu.tsx","shell","Manager","ম্যানেজার","label","","","scanned"
"code.user-menu.sales_manager","components\shell\user-menu.tsx","shell","Sales Manager","বিক্রয় ব্যবস্থাপক","label","","","scanned"
"code.user-menu.designer","components\shell\user-menu.tsx","shell","Designer","ডিজাইনার","label","","","scanned"
"code.user-menu.production_manager","components\shell\user-menu.tsx","shell","Production Manager","উৎপাদন ব্যবস্থাপক","label","","","scanned"
"code.user-menu.operator","components\shell\user-menu.tsx","shell","Operator","অপারেটর","label","","","scanned"
"code.user-menu.store_manager","components\shell\user-menu.tsx","shell","Store Manager","স্টোর ম্যানেজার","label","","","scanned"
"code.user-menu.accountant","components\shell\user-menu.tsx","shell","Accountant","হিসাবরক্ষক","label","","","scanned"
"code.user-menu.delivery_coordinator","components\shell\user-menu.tsx","shell","Delivery Coordinator","ডেলিভারি সমন্বয়কারী","label","","","scanned"
"code.user-menu.staff","components\shell\user-menu.tsx","shell","Staff","কর্মী","label","","","scanned"
"code.user-menu.staff","components\shell\user-menu.tsx","shell","Staff","কর্মী","label","","","scanned"
"code.user-menu.staff","components\shell\user-menu.tsx","shell","Staff","কর্মী","label","","","scanned"
"code.user-menu.my_attendance_salary","components\shell\user-menu.tsx","shell","My Attendance & Salary","আমার হাজিরা ও বেতন","label","","","scanned"
"code.user-menu.my_profile_team","components\shell\user-menu.tsx","shell","My Profile & Team","আমার প্রোফাইল ও টিম","label","","","scanned"
"code.user-menu.company_settings","components\shell\user-menu.tsx","shell","Company Settings","প্রতিষ্ঠান সেটিংস","label","","","scanned"
"code.user-menu.subscription_plan","components\shell\user-menu.tsx","shell","Subscription & Plan","সাবস্ক্রিপশন ও প্ল্যান","label","","","scanned"
"code.user-menu.help_support_desk","components\shell\user-menu.tsx","shell","Help & Support Desk","সহায়তা ও সাপোর্ট ডেস্ক","label","","","scanned"
"code.user-menu.language","components\shell\user-menu.tsx","shell","Language","ভাষা","label","","","scanned"
"code.user-menu.theme","components\shell\user-menu.tsx","shell","Theme","থিম","label","","","scanned"
"code.user-menu.sign_out","components\shell\user-menu.tsx","shell","Sign Out","লগ আউট","label","","","scanned"
"code.limit-exceeded-modal.unlimited","components\subscriptions\limit-exceeded-modal.tsx","subscriptions","Unlimited","আনলিমিটেড","label","","","scanned"
"code.limit-exceeded-modal.current_usage_","components\subscriptions\limit-exceeded-modal.tsx","subscriptions","Current Usage:","বর্তমান ব্যবহারের পরিমাণ:","label","","","scanned"
"code.limit-exceeded-modal.recommended_upgrade","components\subscriptions\limit-exceeded-modal.tsx","subscriptions","Recommended Upgrade","প্রস্তাবিত আপগ্রেড","label","","","scanned"
"code.limit-exceeded-modal.close","components\subscriptions\limit-exceeded-modal.tsx","subscriptions","Close","বন্ধ করুন","label","","","scanned"
"code.subscription-status-banner.manage_subscription","components\subscriptions\subscription-status-banner.tsx","subscriptions","Manage Subscription","সাবস্ক্রিপশন দেখুন","label","","","scanned"
"code.subscription-status-banner.pay_invoice_now","components\subscriptions\subscription-status-banner.tsx","subscriptions","Pay Invoice Now","এখনই পরিশোধ করুন","label","","","scanned"
"code.subscription-status-banner.upgrade_plan_now","components\subscriptions\subscription-status-banner.tsx","subscriptions","Upgrade Plan Now","এখনই আপগ্রেড করুন","label","","","scanned"
"code.subscription-status-banner.upgrade_plan","components\subscriptions\subscription-status-banner.tsx","subscriptions","Upgrade Plan","প্ল্যান আপগ্রেড","label","","","scanned"
"code.subscription-status-banner.renew_upgrade_plan","components\subscriptions\subscription-status-banner.tsx","subscriptions","Renew / Upgrade Plan","প্ল্যান নবায়ন / আপগ্রেড","label","","","scanned"
"code.trial-dashboard-card.unlimited","components\subscriptions\trial-dashboard-card.tsx","subscriptions","Unlimited","আনলিমিটেড","label","","","scanned"
"code.trial-dashboard-card.trial_expired","components\subscriptions\trial-dashboard-card.tsx","subscriptions","Trial Expired","ট্রায়াল মেয়াদ শেষ","label","","","scanned"
"code.trial-dashboard-card.trial_duration","components\subscriptions\trial-dashboard-card.tsx","subscriptions","Trial Duration","ট্রায়াল অগ্রগতি","label","","","scanned"
"code.trial-dashboard-card.users","components\subscriptions\trial-dashboard-card.tsx","subscriptions","Users","ইউজার","label","","","scanned"
"code.trial-dashboard-card.orders_mo","components\subscriptions\trial-dashboard-card.tsx","subscriptions","Orders / Mo","অর্ডার / মাস","label","","","scanned"
"code.trial-dashboard-card.customers","components\subscriptions\trial-dashboard-card.tsx","subscriptions","Customers","কাস্টমার","label","","","scanned"
"code.trial-dashboard-card.branches","components\subscriptions\trial-dashboard-card.tsx","subscriptions","Branches","শাখা","label","","","scanned"
"code.trial-dashboard-card.upgrade_plan_now","components\subscriptions\trial-dashboard-card.tsx","subscriptions","Upgrade Plan Now","এখনই প্ল্যান আপগ্রেড করুন","label","","","scanned"
"code.trial-dashboard-card.compare_plans","components\subscriptions\trial-dashboard-card.tsx","subscriptions","Compare Plans","প্ল্যান দেখুন","label","","","scanned"
"code.trial-notification-popup.trial_expired","components\subscriptions\trial-notification-popup.tsx","subscriptions","Trial Expired","ট্রায়াল শেষ","label","","","scanned"
"code.trial-notification-popup.trial_expired","components\subscriptions\trial-notification-popup.tsx","subscriptions","Trial Expired","ট্রায়াল শেষ","label","","","scanned"
"code.trial-notification-popup.minimize","components\subscriptions\trial-notification-popup.tsx","subscriptions","Minimize","ছোট করুন","label","","","scanned"
"code.trial-notification-popup.dismiss_for_4_hours","components\subscriptions\trial-notification-popup.tsx","subscriptions","Dismiss for 4 hours","বন্ধ করুন","label","","","scanned"
"code.trial-notification-popup.trial_period","components\subscriptions\trial-notification-popup.tsx","subscriptions","Trial Period","ট্রায়াল অগ্রগতি","label","","","scanned"
"code.trial-notification-popup.remind_me_later","components\subscriptions\trial-notification-popup.tsx","subscriptions","Remind me later","পরে মনে করান","label","","","scanned"
"code.trial-notification-popup.upgrade_plan","components\subscriptions\trial-notification-popup.tsx","subscriptions","Upgrade Plan","প্ল্যান আপগ্রেড করুন","label","","","scanned"
"code.trial-upgrade-modal.upgrade_your_free_trial_t","components\subscriptions\trial-upgrade-modal.tsx","subscriptions","Upgrade Your Free Trial to a Pro Plan","আপনার ফ্রি ট্রায়ালটি প্রো প্ল্যানে আপগ্রেড করুন","label","","","scanned"
"code.trial-upgrade-modal.upgrade_your_printerp_pla","components\subscriptions\trial-upgrade-modal.tsx","subscriptions","Upgrade Your PrintERP Plan","আপনার প্রিন্টইআরপি প্ল্যান আপগ্রেড করুন","label","","","scanned"
"code.trial-upgrade-modal.payment_verified_plan_act","components\subscriptions\trial-upgrade-modal.tsx","subscriptions","Payment Verified & Plan Activated!","পেমেন্ট ভেরিফাইড এবং প্ল্যান সক্রিয় হয়েছে!","label","","","scanned"
"code.trial-upgrade-modal.monthly_billing","components\subscriptions\trial-upgrade-modal.tsx","subscriptions","Monthly Billing","মাসিক বিলিং","label","","","scanned"
"code.trial-upgrade-modal.yearly_billing","components\subscriptions\trial-upgrade-modal.tsx","subscriptions","Yearly Billing","বাৎসরিক বিলিং","label","","","scanned"
"code.trial-upgrade-modal.2_mo_free","components\subscriptions\trial-upgrade-modal.tsx","subscriptions","2 Mo Free","২ মাস ফ্রি","label","","","scanned"
"code.trial-upgrade-modal.unlimited_users","components\subscriptions\trial-upgrade-modal.tsx","subscriptions","Unlimited Users","আনলিমিটেড ইউজার","label","","","scanned"
"code.trial-upgrade-modal.team_users","components\subscriptions\trial-upgrade-modal.tsx","subscriptions","Team Users","জন ইউজার","label","","","scanned"
"code.trial-upgrade-modal.unlimited_branches","components\subscriptions\trial-upgrade-modal.tsx","subscriptions","Unlimited Branches","আনলিমিটেড ব্রাঞ্চ","label","","","scanned"
"code.trial-upgrade-modal.branches_hubs","components\subscriptions\trial-upgrade-modal.tsx","subscriptions","Branches / Hubs","টি ব্রাঞ্চ","label","","","scanned"
"code.trial-upgrade-modal.unlimited_orders","components\subscriptions\trial-upgrade-modal.tsx","subscriptions","Unlimited Orders","আনলিমিটেড অর্ডার/মাস","label","","","scanned"
"code.trial-upgrade-modal.orders_mo","components\subscriptions\trial-upgrade-modal.tsx","subscriptions","Orders / mo","টি অর্ডার/মাস","label","","","scanned"
"code.trial-upgrade-modal.unlimited_storage","components\subscriptions\trial-upgrade-modal.tsx","subscriptions","Unlimited Storage","আনলিমিটেড ক্লাউড স্টোরেজ","label","","","scanned"
"code.trial-upgrade-modal.gb_cloud_storage","components\subscriptions\trial-upgrade-modal.tsx","subscriptions","GB Cloud Storage","জিবি স্টোরেজ","label","","","scanned"
"code.trial-upgrade-modal.most_popular","components\subscriptions\trial-upgrade-modal.tsx","subscriptions","Most Popular","জনপ্রিয় পছন্দ","label","","","scanned"
"code.trial-upgrade-modal._yr","components\subscriptions\trial-upgrade-modal.tsx","subscriptions","/yr","/বছর","label","","","scanned"
"code.trial-upgrade-modal.selected_plan","components\subscriptions\trial-upgrade-modal.tsx","subscriptions","Selected Plan","নির্বাচিত প্ল্যান","label","","","scanned"
"code.trial-upgrade-modal.select_payment_method_ban","components\subscriptions\trial-upgrade-modal.tsx","subscriptions","Select Payment Method (Bangladesh Gateways)","পেমেন্ট মেথড নির্বাচন করুন (বাংলাদেশ)","label","","","scanned"
"code.trial-upgrade-modal.total_payable_","components\subscriptions\trial-upgrade-modal.tsx","subscriptions","Total Payable: ","মোট প্রদেয়: ","label","","","scanned"
"code.trial-upgrade-modal.provider_transaction_id_r","components\subscriptions\trial-upgrade-modal.tsx","subscriptions","Provider Transaction ID / Reference (For Server Verification):","প্রোভাইডার ট্রানজেকশন আইডি / রেফারেন্স নম্বর:","label","","","scanned"
"code.trial-upgrade-modal.cancel","components\subscriptions\trial-upgrade-modal.tsx","subscriptions","Cancel","বাতিল","label","","","scanned"
"code.trial-upgrade-modal.processing_checkout_","components\subscriptions\trial-upgrade-modal.tsx","subscriptions","Processing Checkout...","প্রক্রিয়াধীন...","label","","","scanned"
"code.upgrade-prompt.unlimited","components\subscriptions\upgrade-prompt.tsx","subscriptions","Unlimited","আনলিমিটেড","label","","","scanned"
"code.upgrade-prompt.team_user_accounts","components\subscriptions\upgrade-prompt.tsx","subscriptions","Team User Accounts","জন ব্যবহারকারী","label","","","scanned"
"code.upgrade-prompt.unlimited","components\subscriptions\upgrade-prompt.tsx","subscriptions","Unlimited","আনলিমিটেড","label","","","scanned"
"code.upgrade-prompt.branches_factory_hubs","components\subscriptions\upgrade-prompt.tsx","subscriptions","Branches & Factory Hubs","টি শাখা ও কারখানা","label","","","scanned"
"code.upgrade-prompt.unlimited","components\subscriptions\upgrade-prompt.tsx","subscriptions","Unlimited","আনলিমিটেড","label","","","scanned"
"code.upgrade-prompt.secure_cloud_storage","components\subscriptions\upgrade-prompt.tsx","subscriptions","Secure Cloud Storage","ক্লাউড স্টোরেজ","label","","","scanned"
"code.upgrade-prompt.unlimited","components\subscriptions\upgrade-prompt.tsx","subscriptions","Unlimited","আনলিমিটেড","label","","","scanned"
"code.upgrade-prompt.monthly_job_orders","components\subscriptions\upgrade-prompt.tsx","subscriptions","Monthly Job Orders","টি মাসিক অর্ডার","label","","","scanned"
"code.upgrade-prompt.starting_from_","components\subscriptions\upgrade-prompt.tsx","subscriptions","Starting from ","শুরু মাত্র ","label","","","scanned"
"code.upgrade-prompt._month","components\subscriptions\upgrade-prompt.tsx","subscriptions"," / month"," / প্রতি মাসে","label","","","scanned"
"code.upgrade-prompt.compare_all_plans","components\subscriptions\upgrade-prompt.tsx","subscriptions","Compare All Plans","প্ল্যান তুলনা দেখুন","label","","","scanned"
"code.pay-supplier-voucher-modal.enter_an_amount_greater_t","components\suppliers\pay-supplier-voucher-modal.tsx","suppliers","Enter an amount greater than 0.","অনুগ্রহ করে ০ এর বেশি সঠিক পেমেন্ট পরিমাণ লিখুন।","label","","","scanned"
"code.pay-supplier-voucher-modal.cheque_number_is_required","components\suppliers\pay-supplier-voucher-modal.tsx","suppliers","Cheque Number is required for Bank Cheque disbursements.","ব্যাংক চেকের ক্ষেত্রে চেক নম্বর দেওয়া আবশ্যক।","label","","","scanned"
"code.pay-supplier-voucher-modal.validation_warning","components\suppliers\pay-supplier-voucher-modal.tsx","suppliers","Validation Warning","সতর্কতা","label","","","scanned"
"code.pay-supplier-voucher-modal.issue_payment_voucher_to_","components\suppliers\pay-supplier-voucher-modal.tsx","suppliers","Issue Payment Voucher to Supplier","মহাজনকে বিল পরিশোধ / পেমেন্ট ভাউচার","label","","","scanned"
"code.pay-supplier-voucher-modal.current_payable_balance","components\suppliers\pay-supplier-voucher-modal.tsx","suppliers","Current Payable Balance","বর্তমান বকেয়া পাওনা","label","","","scanned"
"code.pay-supplier-voucher-modal.balance_after_payment","components\suppliers\pay-supplier-voucher-modal.tsx","suppliers","Balance After Payment","পেমেন্ট পরবর্তী অবশিষ্ট","label","","","scanned"
"code.pay-supplier-voucher-modal.full_due_settled","components\suppliers\pay-supplier-voucher-modal.tsx","suppliers","Full Due Settled","সম্পূর্ণ পরিশোধিত","label","","","scanned"
"code.pay-supplier-voucher-modal.payment_amount","components\suppliers\pay-supplier-voucher-modal.tsx","suppliers","Payment Amount","প্রদেয় টাকার পরিমাণ","label","","","scanned"
"code.pay-supplier-voucher-modal.payment_method_method","components\suppliers\pay-supplier-voucher-modal.tsx","suppliers","Payment Method & Method","বিল পরিশোধের মাধ্যম","label","","","scanned"
"code.pay-supplier-voucher-modal.drawn_bank_name","components\suppliers\pay-supplier-voucher-modal.tsx","suppliers","Drawn Bank Name","ব্যাংকের নাম","label","","","scanned"
"code.pay-supplier-voucher-modal.cheque_number","components\suppliers\pay-supplier-voucher-modal.tsx","suppliers","Cheque Number","চেক নম্বর","label","","","scanned"
"code.pay-supplier-voucher-modal.cheque_clearance_date","components\suppliers\pay-supplier-voucher-modal.tsx","suppliers","Cheque Clearance Date","চেকের তারিখ","label","","","scanned"
"code.pay-supplier-voucher-modal.bank_account","components\suppliers\pay-supplier-voucher-modal.tsx","suppliers","Bank Account","প্রেরক ব্যাংক","label","","","scanned"
"code.pay-supplier-voucher-modal.rtgs_beftn_transaction_id","components\suppliers\pay-supplier-voucher-modal.tsx","suppliers","RTGS / BEFTN Transaction ID / Ref #","ট্রানজেকশন আইডি / রেফারেন্স","label","","","scanned"
"code.pay-supplier-voucher-modal.vendor_bkash_nagad_number","components\suppliers\pay-supplier-voucher-modal.tsx","suppliers","Vendor bKash / Nagad Number","ভেন্ডরের বিকাশ বা নগদ নম্বর","label","","","scanned"
"code.pay-supplier-voucher-modal.mfs_trxid_reference","components\suppliers\pay-supplier-voucher-modal.tsx","suppliers","MFS TrxID / Reference","লেনদেন আইডি বা রেফারেন্স","label","","","scanned"
"code.pay-supplier-voucher-modal.authorized_prepared_by","components\suppliers\pay-supplier-voucher-modal.tsx","suppliers","Authorized / Prepared By","অনুমোদনকারী","label","","","scanned"
"code.pay-supplier-voucher-modal.payment_voucher_remarks_i","components\suppliers\pay-supplier-voucher-modal.tsx","suppliers","Payment Voucher Remarks / Inward PO Ref","ভাউচার মন্তব্য / বিল নম্বর","label","","","scanned"
"code.pay-supplier-voucher-modal.cancel","components\suppliers\pay-supplier-voucher-modal.tsx","suppliers","Cancel","বাতিল","label","","","scanned"
"code.pay-supplier-voucher-modal.processing_","components\suppliers\pay-supplier-voucher-modal.tsx","suppliers","Processing...","প্রক্রিয়াধীন...","label","","","scanned"
"code.pay-supplier-voucher-modal.pay_supplier","components\suppliers\pay-supplier-voucher-modal.tsx","suppliers","Pay Supplier","পেমেন্ট ভাউচার নিশ্চিত করুন","label","","","scanned"
"code.supplier-material-rate-modal.material_specification_na","components\suppliers\supplier-material-rate-modal.tsx","suppliers","Material specification name is required.","উপাদানের নাম বা স্পেসিফিকেশন আবশ্যক।","label","","","scanned"
"code.supplier-material-rate-modal.contract_rate_must_be_gre","components\suppliers\supplier-material-rate-modal.tsx","suppliers","Contract rate must be greater than 0.","চুক্তির দর ০ এর বেশি হতে হবে।","label","","","scanned"
"code.supplier-material-rate-modal.validation_warning","components\suppliers\supplier-material-rate-modal.tsx","suppliers","Validation Warning","সতর্কতা","label","","","scanned"
"code.supplier-material-rate-modal.update_material_contract_","components\suppliers\supplier-material-rate-modal.tsx","suppliers","Update Material Contract Rate","মেটেরিয়াল চুক্তি দর আপডেট করুন","label","","","scanned"
"code.supplier-material-rate-modal.add_negotiated_material_r","components\suppliers\supplier-material-rate-modal.tsx","suppliers","Add Negotiated Material Rate","নতুন মেটেরিয়াল চুক্তি দর যুক্ত করুন","label","","","scanned"
"code.supplier-material-rate-modal.link_to_existing_raw_mate","components\suppliers\supplier-material-rate-modal.tsx","suppliers","Link to Existing Raw Material (Optional)","ইনভেন্টরি মেটেরিয়াল থেকে নির্বাচন করুন","label","","","scanned"
"code.supplier-material-rate-modal.material_specification_br","components\suppliers\supplier-material-rate-modal.tsx","suppliers","Material Specification & Brand","মেটেরিয়াল স্পেসিফিকেশন ও ব্র্যান্ড","label","","","scanned"
"code.supplier-material-rate-modal.category","components\suppliers\supplier-material-rate-modal.tsx","suppliers","Category","ক্যাটাগরি","label","","","scanned"
"code.supplier-material-rate-modal.unit_of_measure","components\suppliers\supplier-material-rate-modal.tsx","suppliers","Unit of Measure","পরিমাপের একক","label","","","scanned"
"code.supplier-material-rate-modal.sft_square_feet_","components\suppliers\supplier-material-rate-modal.tsx","suppliers","sft (Square Feet)","স্কয়ার ফিট","label","","","scanned"
"code.supplier-material-rate-modal.sheet_sheet_","components\suppliers\supplier-material-rate-modal.tsx","suppliers","sheet (Sheet)","শীট","label","","","scanned"
"code.supplier-material-rate-modal.roll_roll_","components\suppliers\supplier-material-rate-modal.tsx","suppliers","roll (Roll)","রোল","label","","","scanned"
"code.supplier-material-rate-modal.piece_piece_","components\suppliers\supplier-material-rate-modal.tsx","suppliers","piece (Piece)","পিস","label","","","scanned"
"code.supplier-material-rate-modal.liter_liter_","components\suppliers\supplier-material-rate-modal.tsx","suppliers","liter (Liter)","লিটার","label","","","scanned"
"code.supplier-material-rate-modal.ream_ream_","components\suppliers\supplier-material-rate-modal.tsx","suppliers","ream (Ream)","রিম","label","","","scanned"
"code.supplier-material-rate-modal.kg_kg_","components\suppliers\supplier-material-rate-modal.tsx","suppliers","kg (Kg)","কেজি","label","","","scanned"
"code.supplier-material-rate-modal.pack_pack_","components\suppliers\supplier-material-rate-modal.tsx","suppliers","pack (Pack)","প্যাক","label","","","scanned"
"code.supplier-material-rate-modal.sqm_square_meter_","components\suppliers\supplier-material-rate-modal.tsx","suppliers","sqm (Square Meter)","স্কয়ার মিটার","label","","","scanned"
"code.supplier-material-rate-modal.contract_buying_rate","components\suppliers\supplier-material-rate-modal.tsx","suppliers","Contract Buying Rate","চুক্তিভিত্তিক ক্রয় দর","label","","","scanned"
"code.supplier-material-rate-modal.minimum_order_qty_moq_","components\suppliers\supplier-material-rate-modal.tsx","suppliers","Minimum Order Qty (MOQ)","সর্বনিম্ন অর্ডার","label","","","scanned"
"code.supplier-material-rate-modal.effective_date","components\suppliers\supplier-material-rate-modal.tsx","suppliers","Effective Date","কার্যকর তারিখ","label","","","scanned"
"code.supplier-material-rate-modal.delivery_lead_time_days_","components\suppliers\supplier-material-rate-modal.tsx","suppliers","Delivery Lead Time (Days)","ডেলিভারি সময় (দিন)","label","","","scanned"
"code.supplier-material-rate-modal.delivery_tier_discount_re","components\suppliers\supplier-material-rate-modal.tsx","suppliers","Delivery / Tier Discount Remarks","ডেলিভারি বা ভলিউম ডিসকাউন্টের শর্ত","label","","","scanned"
"code.supplier-material-rate-modal.cancel","components\suppliers\supplier-material-rate-modal.tsx","suppliers","Cancel","বাতিল","label","","","scanned"
"code.supplier-material-rate-modal.saving_","components\suppliers\supplier-material-rate-modal.tsx","suppliers","Saving...","সংরক্ষণ হচ্ছে...","label","","","scanned"
"code.supplier-material-rate-modal.update_rate","components\suppliers\supplier-material-rate-modal.tsx","suppliers","Update Rate","দর আপডেট করুন","label","","","scanned"
"code.supplier-material-rate-modal.save_contract_rate","components\suppliers\supplier-material-rate-modal.tsx","suppliers","Save Contract Rate","চুক্তি দর সংরক্ষণ করুন","label","","","scanned"
"code.supplier-modal.supplier_name_is_required","components\suppliers\supplier-modal.tsx","suppliers","Supplier Name is required.","সাপ্লায়ারের নাম অবশ্যই দিতে হবে।","label","","","scanned"
"code.supplier-modal.primary_mobile_number_is_","components\suppliers\supplier-modal.tsx","suppliers","Primary Mobile number is required.","প্রাথমিক মোবাইল নম্বর আবশ্যক।","label","","","scanned"
"code.supplier-modal.invalid_bangladesh_phone_","components\suppliers\supplier-modal.tsx","suppliers","Invalid Bangladesh phone format.","সঠিক বাংলাদেশি মোবাইল নম্বর দিন।","label","","","scanned"
"code.supplier-modal.validation_warning","components\suppliers\supplier-modal.tsx","suppliers","Validation Warning","সতর্কতা","label","","","scanned"
"code.supplier-modal.edit_supplier_vendor_prof","components\suppliers\supplier-modal.tsx","suppliers","Edit Supplier & Vendor Profile","মহাজন ও ভেন্ডর প্রোফাইল সম্পাদনা","label","","","scanned"
"code.supplier-modal.register_new_material_sup","components\suppliers\supplier-modal.tsx","suppliers","Register New Material Supplier","নতুন সাপ্লায়ার / মহাজন যুক্ত করুন","label","","","scanned"
"code.supplier-modal.supplier_entity_trading_i","components\suppliers\supplier-modal.tsx","suppliers","Supplier Entity & Trading Identity","সাপ্লায়ারের বাণিজ্যিক পরিচয়","label","","","scanned"
"code.supplier-modal.supplier_shop_name_englis","components\suppliers\supplier-modal.tsx","suppliers","Supplier / Shop Name (English)","সাপ্লায়ার / দোকানের নাম (ইংরেজি)","label","","","scanned"
"code.supplier-modal.supplier_code","components\suppliers\supplier-modal.tsx","suppliers","Supplier Code","সাপ্লায়ার কোড","label","","","scanned"
"code.supplier-modal.bengali_name","components\suppliers\supplier-modal.tsx","suppliers","Bengali Name","বাংলা নাম","label","","","scanned"
"code.supplier-modal.trading_house_parent_comp","components\suppliers\supplier-modal.tsx","suppliers","Trading House / Parent Company","ট্রেডিং প্রতিষ্ঠান / মূল কোম্পানি","label","","","scanned"
"code.supplier-modal.primary_supply_category","components\suppliers\supplier-modal.tsx","suppliers","Primary Supply Category","প্রধান উপাদানের ক্যাটাগরি","label","","","scanned"
"code.supplier-modal.vendor_personnel_key_cont","components\suppliers\supplier-modal.tsx","suppliers","Vendor Personnel & Key Contact","যোগাযোগকারী প্রতিনিধি","label","","","scanned"
"code.supplier-modal.contact_person_key_repres","components\suppliers\supplier-modal.tsx","suppliers","Contact Person / Key Representative","যোগাযোগকারী ব্যক্তি / সেলস এক্সিকিউটিভ","label","","","scanned"
"code.supplier-modal.designation_role","components\suppliers\supplier-modal.tsx","suppliers","Designation / Role","পদবী / দায়িত্ব","label","","","scanned"
"code.supplier-modal.primary_mobile","components\suppliers\supplier-modal.tsx","suppliers","Primary Mobile","প্রধান মোবাইল নম্বর","label","","","scanned"
"code.supplier-modal.whatsapp_number","components\suppliers\supplier-modal.tsx","suppliers","WhatsApp Number","হোয়াটসঅ্যাপ নম্বর","label","","","scanned"
"code.supplier-modal.alternative_phone_landlin","components\suppliers\supplier-modal.tsx","suppliers","Alternative Phone / Landline","বিকল্প ফোন / টিঅ্যান্ডটি","label","","","scanned"
"code.supplier-modal.official_email_address","components\suppliers\supplier-modal.tsx","suppliers","Official Email Address","অফিসিয়াল ইমেইল","label","","","scanned"
"code.supplier-modal.market_hub_warehouse_loca","components\suppliers\supplier-modal.tsx","suppliers","Market Hub & Warehouse Location","মার্কেট হাব ও গুদাম ঠিকানা","label","","","scanned"
"code.supplier-modal.select_major_printing_mat","components\suppliers\supplier-modal.tsx","suppliers","Select Major Printing & Material Market Hub in Bangladesh","বাংলাদেশের প্রধান প্রেস ও মেটেরিয়াল মার্কেট হাব নির্বাচন করুন","label","","","scanned"
"code.supplier-modal.district_zilla","components\suppliers\supplier-modal.tsx","suppliers","District / Zilla","জেলা","label","","","scanned"
"code.supplier-modal.division_region","components\suppliers\supplier-modal.tsx","suppliers","Division / Region","বিভাগ","label","","","scanned"
"code.supplier-modal.detailed_street_address_s","components\suppliers\supplier-modal.tsx","suppliers","Detailed Street Address & Shop / Goli No","দোকান বা গোডাউনের বিস্তারিত ঠিকানা","label","","","scanned"
"code.supplier-modal.payment_terms_credit_agre","components\suppliers\supplier-modal.tsx","suppliers","Payment Terms & Credit Agreement","পেমেন্টের শর্ত ও বাকি চুক্তি","label","","","scanned"
"code.supplier-modal.payment_terms","components\suppliers\supplier-modal.tsx","suppliers","Payment Terms","পেমেন্টের শর্তাবলী","label","","","scanned"
"code.supplier-modal.credit_limit","components\suppliers\supplier-modal.tsx","suppliers","Credit Limit","সর্বোচ্চ বাকি সীমা","label","","","scanned"
"code.supplier-modal.typical_delivery_lead_tim","components\suppliers\supplier-modal.tsx","suppliers","Typical Delivery Lead Time (Days)","ডেলিভারি লিড টাইম (দিন)","label","","","scanned"
"code.supplier-modal.bank_vat_details","components\suppliers\supplier-modal.tsx","suppliers","Bank & VAT Details","ট্যাক্স, ভ্যাট ও ব্যাংক অ্যাকাউন্ট তথ্য","label","","","scanned"
"code.supplier-modal.trade_license_no","components\suppliers\supplier-modal.tsx","suppliers","Trade License No","ট্রেড লাইসেন্স নম্বর","label","","","scanned"
"code.supplier-modal.bin_vat_registration_9_13","components\suppliers\supplier-modal.tsx","suppliers","BIN / VAT Registration (9/13 Digit)","বিআইএন / ভ্যাট নম্বর","label","","","scanned"
"code.supplier-modal.tin_certificate_number","components\suppliers\supplier-modal.tsx","suppliers","TIN Certificate Number","টিআইএন নম্বর","label","","","scanned"
"code.supplier-modal.bank_account_for_cheque_b","components\suppliers\supplier-modal.tsx","suppliers","Bank Account for Cheque / BEFTN Disbursements","চেক বা ব্যাংক ট্রান্সফারের তথ্য","label","","","scanned"
"code.supplier-modal.bank_name","components\suppliers\supplier-modal.tsx","suppliers","Bank Name","ব্যাংকের নাম","label","","","scanned"
"code.supplier-modal.account_title_name","components\suppliers\supplier-modal.tsx","suppliers","Account Title / Name","অ্যাকাউন্টের নাম","label","","","scanned"
"code.supplier-modal.account_number","components\suppliers\supplier-modal.tsx","suppliers","Account Number","অ্যাকাউন্ট নম্বর","label","","","scanned"
"code.supplier-modal.branch_name","components\suppliers\supplier-modal.tsx","suppliers","Branch Name","শাখার নাম","label","","","scanned"
"code.supplier-modal.routing_number_9_digit_","components\suppliers\supplier-modal.tsx","suppliers","Routing Number (9 Digit)","রাউটিং নম্বর","label","","","scanned"
"code.supplier-modal.vendor_agreement_remarks_","components\suppliers\supplier-modal.tsx","suppliers","Vendor Agreement Remarks & Special Notes","বিশেষ চুক্তি বা বাকির শর্তাবলী নোট","label","","","scanned"
"code.supplier-modal.back","components\suppliers\supplier-modal.tsx","suppliers","Back","পূর্ববর্তী","label","","","scanned"
"code.supplier-modal.supplier_name_is_required","components\suppliers\supplier-modal.tsx","suppliers","Supplier Name is required.","সাপ্লায়ারের নাম অবশ্যই দিতে হবে।","label","","","scanned"
"code.supplier-modal.required_information","components\suppliers\supplier-modal.tsx","suppliers","Required Information","প্রয়োজনীয় তথ্য","label","","","scanned"
"code.supplier-modal.please_enter_supplier_nam","components\suppliers\supplier-modal.tsx","suppliers","Please enter Supplier Name before proceeding.","অনুগ্রহ করে সাপ্লায়ারের নাম লিখুন।","label","","","scanned"
"code.supplier-modal.primary_mobile_number_is_","components\suppliers\supplier-modal.tsx","suppliers","Primary Mobile number is required.","প্রাথমিক মোবাইল নম্বর আবশ্যক।","label","","","scanned"
"code.supplier-modal.required_information","components\suppliers\supplier-modal.tsx","suppliers","Required Information","প্রয়োজনীয় তথ্য","label","","","scanned"
"code.supplier-modal.please_enter_primary_mobi","components\suppliers\supplier-modal.tsx","suppliers","Please enter Primary Mobile number.","অনুগ্রহ করে মোবাইল নম্বর দিন।","label","","","scanned"
"code.supplier-modal.invalid_bangladesh_phone_","components\suppliers\supplier-modal.tsx","suppliers","Invalid Bangladesh phone format.","সঠিক বাংলাদেশি মোবাইল নম্বর দিন।","label","","","scanned"
"code.supplier-modal.invalid_phone_format","components\suppliers\supplier-modal.tsx","suppliers","Invalid Phone Format","মোবাইল নম্বর সঠিক নয়","label","","","scanned"
"code.supplier-modal.please_provide_a_valid_11","components\suppliers\supplier-modal.tsx","suppliers","Please provide a valid 11-digit mobile number.","সঠিক ১১ ডিজিটের মোবাইল নম্বর প্রদান করুন।","label","","","scanned"
"code.supplier-modal.next_section","components\suppliers\supplier-modal.tsx","suppliers","Next Section","পরবর্তী ধাপ","label","","","scanned"
"code.supplier-modal.saving_","components\suppliers\supplier-modal.tsx","suppliers","Saving...","সংরক্ষণ হচ্ছে...","label","","","scanned"
"code.supplier-modal.update_supplier_profile","components\suppliers\supplier-modal.tsx","suppliers","Update Supplier Profile","সাপ্লায়ার আপডেট করুন","label","","","scanned"
"code.supplier-modal.register_supplier","components\suppliers\supplier-modal.tsx","suppliers","Register Supplier","সাপ্লায়ার সংরক্ষণ করুন","label","","","scanned"
"code.new-conversation-modal.start_support_conversatio","components\support\new-conversation-modal.tsx","support","Start Support Conversation","সহায়তা বার্তা শুরু করুন","label","","","scanned"
"code.new-conversation-modal.our_support_team_is_onlin","components\support\new-conversation-modal.tsx","support","Our support team is online and ready to assist","আমাদের সাপোর্ট টিম আপনাকে সহায়তা করতে প্রস্তুত","label","","","scanned"
"code.new-conversation-modal.request_classification","components\support\new-conversation-modal.tsx","support","Request Classification","অনুরোধের বিবরণ","label","","","scanned"
"code.new-conversation-modal.subject_what_do_you_need_","components\support\new-conversation-modal.tsx","support","Subject / What do you need help with?","বিষয় / কী ধরণের সহায়তা প্রয়োজন?","label","","","scanned"
"code.new-conversation-modal.e_g_issue_with_flex_invoi","components\support\new-conversation-modal.tsx","support","e.g. Issue with Flex invoice calculation or WhatsApp alerts","যেমন: ইনভয়েস তৈরি অথবা হোয়াটসঅ্যাপ নোটিফিকেশন সমস্যা","label","","","scanned"
"code.new-conversation-modal.category","components\support\new-conversation-modal.tsx","support","Category","ক্যাটাগরি","label","","","scanned"
"code.new-conversation-modal.priority","components\support\new-conversation-modal.tsx","support","Priority","অগ্রাধিকার","label","","","scanned"
"code.new-conversation-modal.low_general_question","components\support\new-conversation-modal.tsx","support","Low - General question","নিম্ন - সাধারণ প্রশ্ন","label","","","scanned"
"code.new-conversation-modal.normal_routine_assistance","components\support\new-conversation-modal.tsx","support","Normal - Routine assistance","স্বাভাবিক - সাধারণ সহায়তা","label","","","scanned"
"code.new-conversation-modal.high_work_impacted","components\support\new-conversation-modal.tsx","support","High - Work impacted","উচ্চ - কাজে বিঘ্ন ঘটছে","label","","","scanned"
"code.new-conversation-modal.urgent_critical_business_","components\support\new-conversation-modal.tsx","support","Urgent - Critical business stoppage","জরুরী - কাজ পুরোপুরি বন্ধ","label","","","scanned"
"code.new-conversation-modal.detailed_message","components\support\new-conversation-modal.tsx","support","Detailed Message","বিস্তারিত বার্তা","label","","","scanned"
"code.new-conversation-modal.message_description","components\support\new-conversation-modal.tsx","support","Message Description","বিস্তারিত বার্তা","label","","","scanned"
"code.new-conversation-modal.attachments_optional_","components\support\new-conversation-modal.tsx","support","Attachments (Optional)","ফাইল বা স্ক্রিনশট","label","","","scanned"
"code.new-conversation-modal.upload_screenshot_error_l","components\support\new-conversation-modal.tsx","support","Upload screenshot, error log, or invoice PDF","স্ক্রিনশট বা পিডিএফ ফাইল আপলোড করুন","label","","","scanned"
"code.new-conversation-modal.cancel","components\support\new-conversation-modal.tsx","support","Cancel","বাতিল","label","","","scanned"
"code.new-conversation-modal.submitting_","components\support\new-conversation-modal.tsx","support","Submitting...","পাঠানো হচ্ছে...","label","","","scanned"
"code.new-conversation-modal.send_request","components\support\new-conversation-modal.tsx","support","Send Request","বার্তা পাঠান","label","","","scanned"
"code.tenant-chat-view.select_a_support_conversa","components\support\tenant-chat-view.tsx","support","Select a Support Conversation","একটি সহায়তা বার্তা নির্বাচন করুন","label","","","scanned"
"code.tenant-chat-view.choose_a_ticket_from_the_","components\support\tenant-chat-view.tsx","support","Choose a ticket from the left or create a new request to chat live with our support team.","বাম পাশ থেকে টিকেট বাছাই করুন অথবা নতুন রিকোয়েস্ট তৈরি করুন।","label","","","scanned"
"code.tenant-chat-view.reopen","components\support\tenant-chat-view.tsx","support","Reopen","পুনরায় চালু","label","","","scanned"
"code.tenant-chat-view.mark_resolved","components\support\tenant-chat-view.tsx","support","Mark Resolved","মীমাংসিত করুন","label","","","scanned"
"code.tenant-chat-view.loading_messages_","components\support\tenant-chat-view.tsx","support","Loading messages...","বার্তা লোড হচ্ছে...","label","","","scanned"
"code.tenant-chat-view.you","components\support\tenant-chat-view.tsx","support","You","আপনি","label","","","scanned"
"code.tenant-chat-view.this_support_ticket_is_cl","components\support\tenant-chat-view.tsx","support","This support ticket is closed.","এই টিকেটটি সমাপ্ত করা হয়েছে।","label","","","scanned"
"code.tenant-chat-view.click_here_to_reopen_conv","components\support\tenant-chat-view.tsx","support","Click here to reopen conversation","পুনরায় বার্তা পাঠাতে এখানে ক্লিক করুন","label","","","scanned"
"code.tenant-chat-view.type_your_reply_","components\support\tenant-chat-view.tsx","support","Type your reply...","আপনার বার্তা লিখুন...","label","","","scanned"
"code.tenant-support-inbox.support_inbox","components\support\tenant-support-inbox.tsx","support","Support Inbox","সহায়তা ইনবক্স","label","","","scanned"
"code.tenant-support-inbox.new","components\support\tenant-support-inbox.tsx","support","New","নতুন","label","","","scanned"
"code.tenant-support-inbox.new_ticket","components\support\tenant-support-inbox.tsx","support","New Ticket","নতুন টিকেট","label","","","scanned"
"code.tenant-support-inbox.search_tickets_by_id_or_k","components\support\tenant-support-inbox.tsx","support","Search tickets by ID or keyword...","টিকেট বা বিষয় দিয়ে খুঁজুন...","label","","","scanned"
"code.tenant-support-inbox.all","components\support\tenant-support-inbox.tsx","support","All","সকল","label","","","scanned"
"code.tenant-support-inbox.open","components\support\tenant-support-inbox.tsx","support","Open","উন্মুক্ত","label","","","scanned"
"code.tenant-support-inbox.active","components\support\tenant-support-inbox.tsx","support","Active","চলমান","label","","","scanned"
"code.tenant-support-inbox.resolved","components\support\tenant-support-inbox.tsx","support","Resolved","মীমাংসিত","label","","","scanned"
"code.tenant-support-inbox.no_matches_found","components\support\tenant-support-inbox.tsx","support","No matches found","কোনো ফলাফল পাওয়া যায়নি","label","","","scanned"
"code.tenant-support-inbox.no_message_preview","components\support\tenant-support-inbox.tsx","support","No message preview","বার্তা নেই","label","","","scanned"
"code.roles-matrix-tab.roles_permission_matrix_s","components\users\roles-matrix-tab.tsx","users","Roles & Permission Matrix Studio","রোল ও পারমিশন স্টুডিও","label","","","scanned"
"code.roles-matrix-tab.create_custom_role","components\users\roles-matrix-tab.tsx","users","Create Custom Role","নতুন রোল তৈরি","label","","","scanned"
"code.dashboard-charts.not_enough_data_yet","features\dashboard\dashboard-charts.tsx","dashboard","Not enough data yet","এখনও পর্যাপ্ত তথ্য নেই","label","","","scanned"
"code.dashboard-charts.daily_sales_collections","features\dashboard\dashboard-charts.tsx","dashboard","Daily Sales & Collections","দৈনিক বিক্রি ও জমা","label","","","scanned"
"code.dashboard-charts.past_7_days_sales_and_col","features\dashboard\dashboard-charts.tsx","dashboard","Past 7 days sales and collection comparison","গত ৭ দিনের বিক্রি ও জমার তুলনা","label","","","scanned"
"code.dashboard-charts.sales","features\dashboard\dashboard-charts.tsx","dashboard","Sales","বিক্রি","label","","","scanned"
"code.dashboard-charts.collections","features\dashboard\dashboard-charts.tsx","dashboard","Collections","জমা","label","","","scanned"
"code.dashboard-charts.collections_by_payment_me","features\dashboard\dashboard-charts.tsx","dashboard","Collections by Payment Method","পেমেন্ট মাধ্যম অনুযায়ী জমা","label","","","scanned"
"code.dashboard-charts.bkash_nagad_bank_and_cash","features\dashboard\dashboard-charts.tsx","dashboard","bKash, Nagad, Bank, and Cash breakdown","বিকাশ, নগদ, ব্যাংক ও ক্যাশ কাউন্টার","label","","","scanned"
"code.dashboard-charts.all_received","features\dashboard\dashboard-charts.tsx","dashboard","All Received","মোট প্রাপ্তি","label","","","scanned"
"code.dashboard-charts.order_status_distribution","features\dashboard\dashboard-charts.tsx","dashboard","Order Status Distribution","কাজের অবস্থা বিন্যাস","label","","","scanned"
"code.dashboard-charts.active_jobs_by_production","features\dashboard\dashboard-charts.tsx","dashboard","Active jobs by production stage","উৎপাদন পর্যায় অনুযায়ী চলতি কাজ","label","","","scanned"
"code.dashboard-charts.jobs","features\dashboard\dashboard-charts.tsx","dashboard","Jobs","টি কাজ","label","","","scanned"
"code.dashboard-charts.active_work_by_department","features\dashboard\dashboard-charts.tsx","dashboard","Active Work by Department","বিভাগ অনুযায়ী চলতি কাজ","label","","","scanned"
"code.dashboard-charts.current_active_job_count_","features\dashboard\dashboard-charts.tsx","dashboard","Current active job count across departments","বিভিন্ন বিভাগের চলতি কাজের সংখ্যা","label","","","scanned"
"code.dashboard-header.welcome_back_","features\dashboard\dashboard-header.tsx","dashboard","Welcome back,","স্বাগতম,","label","","","scanned"
"code.dashboard-quick-actions.quick_operations","features\dashboard\dashboard-quick-actions.tsx","dashboard","Quick Operations","দ্রুত কাজ","label","","","scanned"
"code.dashboard-quick-actions.1_click_direct_shortcuts","features\dashboard\dashboard-quick-actions.tsx","dashboard","1-click direct shortcuts","১ ক্লিকে দ্রুত কাজ","label","","","scanned"
"code.dashboard-quick-actions.more_actions","features\dashboard\dashboard-quick-actions.tsx","dashboard","More Actions","অন্যান্য কাজ","label","","","scanned"
"code.dashboard-view.unable_to_load_business_d","features\dashboard\dashboard-view.tsx","dashboard","Unable to load business dashboard","ড্যাশবোর্ড তথ্য লোড করা যায়নি","label","","","scanned"
"code.dashboard-view.retry_loading","features\dashboard\dashboard-view.tsx","dashboard","Retry Loading","পুনরায় চেষ্টা করুন","label","","","scanned"
"code.dashboard-view.multi_responsibility_work","features\dashboard\dashboard-view.tsx","dashboard","Multi-Responsibility Workspace","বহুমুখী দায়িত্ব কর্মক্ষেত্র","label","","","scanned"
"code.dashboard-view.switch_active_role_view_","features\dashboard\dashboard-view.tsx","dashboard","Switch active role view:","বর্তমান প্যানেল পরিবর্তন করুন:","label","","","scanned"
"code.dashboard-view.needs_attention","features\dashboard\dashboard-view.tsx","dashboard","Needs Attention","জরুরি মনোযোগ","label","","","scanned"
"code.dashboard-view.my_work_queue_shift_tasks","features\dashboard\dashboard-view.tsx","dashboard","My Work Queue & Shift Tasks","আমার দায়িত্বপ্রাপ্ত কাজের তালিকা","label","","","scanned"
"code.dashboard-view.active_items","features\dashboard\dashboard-view.tsx","dashboard","Active Items","টি কাজ","label","","","scanned"
"code.dashboard-view.recent_operational_orders","features\dashboard\dashboard-view.tsx","dashboard","Recent Operational Orders & Job Tickets","সাম্প্রতিক জব ও কাজের টিকিট","label","","","scanned"
"code.dashboard-view.scoped_to_your_authorized","features\dashboard\dashboard-view.tsx","dashboard","Scoped to your authorized branch and departments","আপনার অনুমোদিত শাখা ও ডিপার্টমেন্টের ডাটা","label","","","scanned"
"code.dashboard-view.view_all_orders","features\dashboard\dashboard-view.tsx","dashboard","View All Orders","সকল অর্ডার দেখুন","label","","","scanned"
"code.dashboard-view.no_active_work_orders_fou","features\dashboard\dashboard-view.tsx","dashboard","No active work orders found for your account scope.","আপনার জন্য কোনো চলতি অর্ডার নেই।","label","","","scanned"
"code.dashboard-view._create_new_work_order","features\dashboard\dashboard-view.tsx","dashboard","+ Create New Work Order","+ নতুন অর্ডার তৈরি করুন","label","","","scanned"